-2.103660011639873345e-05
-2.025303190823950282e-05
-1.530675488744934936e-05
-7.554478004824676028e-05
-7.010711395402511497e-05
-4.932063762024866912e-05
-5.805417002399524589e-05
-3.753358628527151916e-05
-2.260031742660020306e-05
-1.308799851612078521e-05
1.850625447354569894e-06
7.117023191698459723e-06
-1.857038003454140277e-04
-1.806030616040298661e-04
-1.969880599693909899e-04
7.126703144824561272e-05
5.494331119791114179e-05
5.082449458434620186e-05
4.820455208629810659e-05
4.358724506467023178e-05
4.213418964049106845e-05
-2.483032282999471548e-08
-1.240194763669013895e-06
6.415248044334574337e-05
1.680476884181544036e-04
2.332044989071901768e-04
2.880798962671345695e-04
2.321214034947216391e-04
2.870040113286616876e-04
3.060125200746261973e-04
5.965078860228309769e-05
7.886192912982380870e-05
-7.819117407803499731e-05
1.049778584884626317e-04
-5.228112521604710849e-05
-1.365547672824672654e-05
-2.003026976019617322e-04
-1.614676761578556080e-04
-1.649328913732130196e-04
9.084332537392415807e-05
8.727674151708594299e-05
8.205230719377011616e-05
1.417562526807490621e-04
1.364793295992045160e-04
1.258383530076690186e-04
9.744471194189698060e-05
8.684002055098341598e-05
7.317258922449263988e-05
1.844567700765134587e-05
5.450522336838275767e-06
-3.124039093890373237e-05
-1.616585296978291812e-05
-5.356739447378699309e-05
-1.061097958041733424e-04
2.773040151296968930e-05
-2.454938140329032345e-05
-3.167934526736662388e-05
-1.423660817705473089e-04
-1.497535563265048027e-04
-1.503190955745502765e-04
-1.683118029921390176e-04
-1.688332062812968547e-04
-9.478496833398395317e-05
-2.684275327383055742e-04
-1.942002480260228469e-04
-1.604815397835128606e-04
9.622704344874790771e-05
1.295460178558922708e-04
1.735572858272480380e-04
-2.304423017937472467e-05
2.118758661918217060e-05
5.112429913433096020e-05
-1.086472494968784440e-04
-7.848649569487371833e-05
-1.567987716680411376e-04
-9.416893374333454823e-05
-9.063176236291924657e-05
-6.202889814546034414e-05
9.714121864466419278e-05
1.257438500314794413e-04
1.589774849920667227e-04
9.192348191475793046e-05
1.248788551523483809e-04
9.977670239060026014e-05
1.704015388016722615e-04
1.454381239997113904e-04
1.531267369985489513e-04
1.161273216526846250e-04
1.236813876433207060e-04
1.219268098016872528e-04
9.297706479019507420e-05
9.155753024477953934e-05
8.584683183618472277e-05
1.154657739922075989e-04
1.095678942980302995e-04
1.028470203881473740e-04
1.770817669345124191e-04
1.703709047423066099e-04
1.709113717424353275e-04
1.156332498784498771e-04
1.160179531779741559e-04
2.194626828010511803e-04
1.482373095309787127e-05
1.187101112033558297e-04
2.519358095557346295e-04
9.339036078260664221e-05
2.271293342889203976e-04
4.491966333336969153e-04
3.051548265463589977e-04
5.262762947570373551e-04
2.454707583008004811e-04
4.446246835034181610e-04
1.642383731729953078e-04
-1.225109354754118330e-04
8.671752678376124174e-05
-1.998252610837249167e-04
-2.002259864745923354e-04
-1.857862135556666262e-04
-1.865761153674014880e-04
-1.982738756327998334e-04
-4.857822233292097584e-05
-5.992921045842733918e-05
-4.905863176491400053e-05
-4.461762704747882424e-05
-3.425995971001973201e-05
-2.078628900042508629e-05
-6.473679247238030483e-05
-5.139599530073587683e-05
-6.279816407413720187e-05
-3.072543754153955710e-04
-3.180636118509018060e-04
-2.239295583367102434e-04
-1.538920765619867950e-04
-6.009260068272581591e-05
2.538643892818792137e-05
-1.040848157517366697e-04
-1.861299389077620235e-05
3.694975478873399784e-05
-4.249102786219017235e-05
1.269136285708097507e-05
-7.767793580537330498e-05
4.002349763476101448e-05
-5.010246390124451507e-05
-7.201109870554555335e-05
2.328250396752576889e-04
2.111068239576774450e-04
2.631408950904330114e-04
-2.040578725034047046e-05
3.175840710838715233e-05
5.245633828951102836e-05
-1.133126917053999504e-04
-9.164315824830847638e-05
-6.334284092925811715e-05
-2.990737540131987895e-04
-2.693132102086427302e-04
-3.119786483318822941e-04
3.459748573906396918e-05
-8.520807986082371173e-06
-1.599744716804415415e-04
-3.022408733044737190e-05
-1.837788729607999752e-04
-2.459456048116653404e-04
-2.777220795541942818e-04
-3.398025767554163179e-04
-3.212626139698014334e-04
-4.601404255398183307e-04
-4.402432347246841267e-04
-3.547894161969586185e-04
-1.895695061603788561e-05
6.535380041858415093e-05
5.465370733050459954e-05
2.854768488722155776e-05
1.693787881864065262e-05
3.369807316030488291e-05
3.511743408085945574e-06
2.042826897504852095e-05
1.399071196749794403e-05
1.083809613859571604e-04
1.019487885870410792e-04
2.609129414255686574e-04
1.437326050009949795e-04
3.024698425494090192e-04
8.887488081891047466e-05
2.770414257016920023e-04
6.347436726864385116e-05
-4.421524142520749895e-05
2.055044467633547890e-05
-8.716243252996602980e-05
1.288870895762363493e-05
-2.228916237726832363e-04
-1.227383423921056646e-04
-9.165961762512241638e-05
7.161353038639197170e-05
1.028521079421588298e-04
1.388385575502813221e-04
-1.653127104658088568e-04
-1.289647403517104327e-04
-1.262143086113979738e-04
-1.308961287484801948e-04
-1.282970951342036646e-04
-1.485485529134246007e-04
-6.806537922779225518e-05
-8.870758503472529798e-05
-8.173833760574111536e-05
-3.290582136979423910e-05
-2.605448810990551307e-05
2.838357749494378138e-06
-3.026323668799945905e-05
-1.244123860163028669e-06
7.181825869479417906e-05
-2.594341282480334596e-04
-1.850670500775313367e-04
-2.444735182100222452e-04
-8.107743173954522599e-04
-8.630611736909733159e-04
-8.639155620343174540e-04
-3.801475431421087129e-04
-3.884501837759401404e-04
-4.409847335381818613e-04
-5.916631397425319754e-04
-6.436134010045243105e-04
-7.394995964703261629e-04
-3.171013688160491785e-04
-4.145334433403908983e-04
-3.317534962975265196e-04
-6.420244072203635946e-04
-5.580868844249130354e-04
-4.877662593235228793e-04
2.196601840776044989e-06
7.148533608140753351e-05
1.962314487449211579e-04
-1.362062336103661217e-05
1.107869535466042858e-04
-1.838072881082356436e-04
-1.467389699394427722e-05
-3.093486107399970753e-04
-2.682176077567800798e-04
-4.141070626655877097e-04
-3.729218974538907327e-04
-3.922078831358666220e-04
-3.200746673454359092e-04
-3.394268642417008677e-04
-2.898591638132828213e-04
-2.343721644258911409e-04
-1.846219247728484608e-04
-1.217836621962516456e-04
-2.397544458564269281e-04
-1.768396984133898168e-04
-9.696915165369689692e-05
-2.673414934705971627e-04
-1.869566238190728449e-04
-2.704755620285115140e-04
-1.630628155715513252e-04
-2.471719212549916404e-04
-2.691578358414243514e-04
-1.708044887705883878e-04
-1.928939838896166141e-04
-1.521642172839433220e-04
-6.390419204278249094e-05
-2.314414290151896748e-05
-1.548660486721289671e-05
-2.022921965829434666e-05
-1.218947557051522053e-05
2.040501504262483886e-05
2.187051893427180730e-05
5.423872726561076215e-05
9.634001102608872246e-05
5.077809264940715602e-05
9.271527446185482335e-05
1.277579199432943291e-04
-6.660364820777194906e-05
-3.164554935380925471e-05
-5.266938738094761180e-05
2.785007247269044584e-05
6.989157688448884020e-06
3.523886609366568869e-05
-1.530964908426453094e-04
-1.243521046311554020e-04
-8.192007604363111054e-05
-2.995359763921197956e-04
-2.575569198218241075e-04
-2.153215590691340124e-04
-2.348898089242234567e-04
-1.928801192728948747e-04
-2.286738029799028770e-04
-8.931448783857347121e-05
-1.249141072040959731e-04
-2.538012232345012017e-04
2.747271270489715501e-04
1.457898505667741410e-04
5.042357932452312869e-05
1.838910865534613840e-04
8.860487267283923191e-05
1.016892048378093883e-04
-8.293600714623727637e-05
-7.018025722712364347e-05
-3.911267929056994812e-05
1.185108695958359882e-04
1.495862546349097024e-04
2.345249983414084637e-04
-2.656702206282280580e-05
5.861608104216949880e-05
1.574748444767033045e-05
7.109514870583163440e-05
2.845979020861272996e-05
8.951190326321722393e-06
-1.006031395641591650e-04
-1.193854533574023830e-04
-2.332820783250208062e-04
-1.264172007302233564e-04
-2.406935142699803275e-04
-1.639996879739312821e-04
-4.732117283038969201e-04
-3.941259163902698179e-04
-3.499118174149581538e-04
-1.877306893938778334e-04
-1.445020170140006615e-04
-1.643851451221444641e-04
-6.457403796448299036e-04
-6.628839059844204764e-04
-6.365357383198320604e-04
-6.299892434030362944e-04
-6.013875661461829877e-04
-5.623440402387183852e-04
-1.502427747051446826e-04
-1.181089056017350556e-04
-9.864977605022248047e-05
7.523366500203668931e-06
2.631143448096010667e-05
2.224874359267936855e-04
5.433439233027640564e-05
2.506387998760850936e-04
3.036392440130307804e-04
5.987828156828748282e-05
1.132411266020804178e-04
1.711532663692038811e-04
1.693322114455818664e-04
2.270855607137333906e-04
-1.246890802087208348e-04
2.268575030982744253e-04
-1.249052925651839095e-04
-1.094838715593747557e-04
4.055752147343548962e-05
5.588046966889428490e-05
3.244252583079013661e-05
1.130771944795318186e-04
8.937971723332974747e-05
6.078677657857638477e-05
1.330340295547803088e-04
1.044190209205831277e-04
2.583129956442498966e-04
5.254247631743651508e-05
2.063700433759586318e-04
1.235448237922314330e-04
2.924709645562907114e-04
2.095502807706866189e-04
1.600968682512598227e-04
2.086377010628852769e-04
1.591514375948304425e-04
1.273440226659735555e-04
-1.818256858198014905e-04
-2.128702675245145446e-04
-2.808606056652570605e-04
-2.282731205477753764e-04
-2.964221036683375478e-04
-1.904363542231688540e-04
-1.237088711308995548e-05
-5.118245886773161194e-05
-7.866437134260124498e-05
1.540912665739253948e-04
1.267331035861577935e-04
1.517841845451180878e-04
2.661033731939103550e-04
2.907578344273638966e-04
3.268452929782638609e-04
2.491377197837715092e-04
2.858367080202283621e-04
3.125199587555755080e-04
2.736285097066270470e-04
3.001781156525168718e-04
3.458974310894371088e-04
2.356289774650860728e-04
2.811463559743822629e-04
2.527428616111042684e-04
1.306935514555187042e-04
1.020462834083351081e-04
2.872728418884437076e-05
3.041622692652668413e-05
-4.210436691204447754e-05
-8.657254308951312311e-05
7.767675469955067627e-05
3.339766610855942957e-05
1.975823615033256127e-05
5.195848846318906538e-05
3.733494158189820363e-05
4.670219380314077299e-05
-9.263968023184610294e-05
-8.316244463530753691e-05
-8.827558434694210854e-05
6.397086429315234583e-05
5.884043690622647437e-05
7.753961373609650782e-05
1.770744034894605311e-05
3.746349367802191428e-05
1.021659612810079006e-04
1.978645113159452741e-04
2.616871846761394289e-04
3.627910870619965042e-04
-2.095776231805022809e-04
-1.074722725405442272e-04
-3.064095331565776974e-04
4.329699901774441148e-04
2.328934892220122605e-04
1.312637485675245696e-04
1.087636950914447993e-04
7.438729749500023721e-06
6.010296704204391022e-05
-1.169055086798302656e-04
-6.471100721085806112e-05
-1.591232497105991503e-05
2.056077966031489082e-04
2.542592243747724030e-04
2.270880179413070957e-04
1.835710842618657086e-04
1.566631219748815577e-04
1.869481125962288762e-04
5.142896066451799674e-05
8.173908244346470486e-05
1.083996101373570502e-04
6.627683970082708705e-06
3.356851065510385633e-05
8.026442984118529892e-05
-7.980557730442411303e-05
-3.365715937689474488e-05
-2.646974359575869152e-05
8.201703340745934582e-05
8.972555327292321614e-05
9.042421920960063992e-05
1.018744816357993930e-04
1.027714028655480867e-04
1.136756546762784513e-04
-1.361304689077747366e-04
-1.063268448073671399e-04
-5.509436113235104495e-05
-2.270955466978506385e-04
-1.760478432424043458e-04
-1.380418703255270759e-04
-1.015538534283314984e-04
-6.276577327559042371e-05
-9.898800817928948880e-05
-2.878199316390817205e-04
-3.242129478199008989e-04
-2.801062489898242195e-04
-2.235648880773756790e-04
-1.797588318159170587e-04
-1.329417925137335935e-04
-2.397239857391752441e-04
-1.932716174326146522e-04
-1.516248458106170716e-04
-2.663024412743056693e-04
-2.240688200149785103e-04
-2.703726046877812984e-04
-1.006975953973929705e-04
-1.471044076300125959e-04
-2.378843458979708304e-04
-2.444817206981491687e-04
-3.347604327979815083e-04
-3.986307705317581598e-04
1.512953418744410227e-04
8.640209908755916587e-05
4.205408578074126217e-05
2.745830043843436471e-05
-1.639021110221223262e-05
1.352348003938553330e-05
-3.291410001892076161e-05
-3.395617067052596845e-06
7.605297847948012165e-06
-4.717058768153028700e-04
-4.569984581244001414e-04
-5.595881568740844383e-04
-2.142773754119968671e-05
-1.275519800845324649e-04
-8.768042752051284779e-05
-5.208115519497334613e-04
-4.810487312963001878e-04
-4.580603956973992603e-04
-4.364496722584359795e-04
-4.128871762922846095e-04
-4.057820520400837617e-04
-2.863809452655606286e-04
-2.795261139552876906e-04
-3.122773980937215265e-04
-1.395295444680214481e-04
-1.728494592459189471e-04
-1.688038355295979590e-04
-7.321884825575413879e-04
-7.256051066887997652e-04
-6.991985039495043561e-04
-4.548138131012641997e-04
-4.296646704606823185e-04
-3.813358752142114957e-04
-1.956687385391555289e-04
-1.486400113991870006e-04
-1.790396556369700399e-04
-1.932256535712106546e-04
-2.234427003767081466e-04
-1.264085158040873761e-04
-3.040828662104644742e-04
-2.072627985185138935e-04
-2.595695498741075317e-04
-9.445143312086687034e-05
-1.463862375232234518e-04
-1.470323566767811120e-04
-1.959762658149301210e-05
-2.062779988175773025e-05
-2.242540164764788299e-05
-3.243731424167244971e-04
-3.246852555722725049e-04
-2.945067049511814567e-04
-2.016774213817697421e-04
-1.727685835720146423e-04
-1.604673573574043495e-04
-2.040959363348258124e-06
9.860773122497679512e-06
2.078289919662905383e-06
2.084096441380757264e-05
1.301686273341966932e-05
6.480091379465767508e-06
-3.736124205483155186e-05
-4.383622597672580802e-05
-4.698438701807651800e-05
-4.530687163353501880e-05
-4.827573852735702080e-05
-1.599166966628401735e-05
7.052891319262664634e-05
1.027650043891917243e-04
1.141551992846546765e-04
-8.630903490149669432e-06
2.626243244380324681e-06
-9.908538855883566431e-06
-2.151350692241582314e-05
-3.410221842051604181e-05
-4.989976134790573151e-05
3.791347183947177835e-06
-1.104271343617234261e-05
-3.114897568762988573e-05
7.261770240323152511e-05
5.159665582881554241e-05
3.710639856369267659e-05
6.520002629089414353e-05
5.069125171364318090e-05
4.372531305793631007e-05
1.527288685399140673e-05
8.338853272422730228e-06
3.908263980386824060e-05
-1.145712109487545560e-05
1.929421788057357717e-05
-5.780794021058635861e-06
-2.061443873705297064e-05
-4.554426618045176759e-05
-3.770699505420698101e-05
-2.075116083178108503e-04
-1.994147455758072274e-04
-2.150198016597645542e-04
-2.287482343586750167e-04
-2.431512731409387847e-04
-2.270575808432640755e-04
-2.206295649802999755e-04
-2.057768018056394779e-04
-1.704240487577110509e-04
1.008008709396945065e-04
1.355970677998200079e-04
1.505719882992086168e-04
4.911726204066574775e-05
6.438249324886027533e-05
8.746763732079074075e-05
3.991496119154516417e-05
6.277578749023035457e-05
8.984326275490999315e-05
8.899691264405504157e-05
1.161277760514694462e-04
8.690598439982740895e-05
5.863328995142906997e-05
2.966378485410122888e-05
2.022393380800432353e-05
-1.724699719753244637e-04
-1.819129953389411530e-04
-1.908328636445853093e-04
6.220654887577358773e-06
-2.973720746934709839e-06
-7.590224423566644665e-06
-1.791121690430495122e-04
-1.835899493118094258e-04
-2.248536140543886460e-04
-1.686622637056726741e-05
-5.831807648087972769e-05
-1.325120188348045600e-04
3.550062392582064501e-05
-3.852354850909244541e-05
-7.998157008612857811e-06
-9.870873466656115178e-05
-6.833678583620707845e-05
-7.818304985295061835e-05
4.963241161251111277e-06
-4.463854937339321459e-06
-2.050079600495962966e-05
-2.727856084750873169e-04
-2.874483758079049130e-04
-2.720248083599607252e-04
-1.511216101663347946e-04
-1.370225289386461280e-04
-1.093719757930226985e-04
-5.859701908349496515e-05
-3.092216423944014938e-05
1.248498153591596485e-05
-1.096586194191910687e-04
-6.615464519990540146e-05
-4.368798085537407144e-05
-2.608957004548913836e-05
-4.230579128979179704e-06
3.167511318451395053e-05
-7.110505516224208816e-05
-3.494058614024291021e-05
-2.157163847920157075e-05
8.865764835490515250e-05
1.015926142480909073e-04
8.005258357776654020e-05
5.642393504052750706e-05
3.488796435455185428e-05
4.432083639661362580e-05
6.450844445921006349e-06
1.596980561847379616e-05
1.456469738434436919e-05
-6.611121810161927530e-05
-6.737699174743708966e-05
-6.948544401231391177e-05
-1.739209426057156918e-05
-1.969149675707502112e-05
-1.777290433394187021e-05
-6.437757624800486311e-05
-6.261566429613553810e-05
-2.714346291914803604e-05
-1.149242698143275909e-04
-7.941231260493619064e-05
-5.499926061565142124e-05
-8.102306410156411747e-05
-5.673769061649303882e-05
-3.698188299567674309e-05
-7.011314170630734413e-05
-4.974245745943163544e-05
-7.088110491768143681e-05
-1.525468030267630726e-05
-3.674059466593585519e-05
-3.800826745282992209e-05
-8.884492039815209416e-05
-8.932882703084632243e-05
-9.227939538753858906e-05
8.374652665218865026e-06
4.641744242019139703e-06
5.605373157112792260e-06
-2.164572035624020467e-04
-2.152826882918189018e-04
-2.184937986577977160e-04
-2.504387184996912925e-04
-2.532506698309560040e-04
-2.475021681391416915e-04
1.363905392088811180e-04
1.411984487560794823e-04
1.532075922533510017e-04
1.555233778275858089e-05
2.796817820683249710e-05
4.009543955975656887e-05
5.958407668560871361e-05
7.154917149522786518e-05
4.787188476785869846e-05
-1.729442358971782726e-06
-2.559705358561275949e-05
-8.191613265349037163e-05
-8.808289026472865095e-05
-1.442586911752677631e-04
-1.712081160925987551e-04
1.205259428798363436e-04
9.339840252011014131e-05
6.305778064274683179e-05
7.485310705902917293e-05
4.454238936746015729e-05
1.838382426920152175e-05
-2.726733482282283944e-04
-2.985644855043777181e-04
-3.011762602031682070e-04
-1.417801135658212854e-04
-1.446671231892411049e-04
-1.476394662522315126e-04
-1.251217182502601679e-04
-1.279771657782211047e-04
-1.433642808520157888e-04
-2.687044421961298996e-05
-4.199344203201281576e-05
-6.179146627584473591e-05
-1.611742971404378369e-04
-1.808660196435265372e-04
-1.667038540139182377e-04
-2.965207710691355027e-04
-2.826913204293085829e-04
-2.429924995637153804e-04
-2.567552672948076025e-04
-2.171066214329218089e-04
-1.853193763381214790e-04
-1.476370295974080980e-04
-1.161228948476137571e-04
-1.388348544250747520e-04
-1.213064034672798567e-04
-1.439623381711116392e-04
-1.428573809731078831e-04
-1.074627005263736803e-04
-1.064406019336802450e-04
-2.308264594994016380e-05
-1.516146944537085978e-04
-6.823413934561886282e-05
-9.878679973529506269e-05
1.187732071941392830e-04
8.840308602908771691e-05
9.247635592890708894e-05
5.398613304374885020e-05
5.791389834319978207e-05
3.975703338794051652e-05
-2.665848602356583625e-05
-4.484030751344175096e-05
-6.097915747587903017e-05
-4.859765568115175720e-05
-6.478134009440763468e-05
-1.926891098132958919e-05
-1.994704385528239246e-04
-2.091310290318431058e-04
-2.444679591244961901e-04
-2.240297746077628532e-04
-2.593109708650912924e-04
-2.696778827182486071e-04
-2.337543443682547494e-04
-2.442297844051852240e-04
-1.958461262131400453e-04
-2.744782394099518075e-04
-2.258890208633907186e-04
-2.101501527116802007e-04
-1.628216605479188310e-04
-1.467785118487831622e-04
-1.483902473663120929e-04
-3.045833513946440488e-04
-3.061478804991721574e-04
-2.991728705251957125e-04
-1.153629877333670187e-04
-1.088288571350644177e-04
-9.467278310541664464e-05
-1.827853428563470787e-04
-1.684894103694394582e-04
-1.649148189710909220e-04
-8.241511257968530410e-04
-8.048577592956358828e-04
-8.241360624298072531e-04
-5.294270823026532569e-04
-5.620151491812980845e-04
-5.662241401151609475e-04
-1.351311507379255098e-04
-1.421439319384139560e-04
-1.159917655416129655e-04
-1.479326692643430613e-04
-1.220382900458125895e-04
-3.287677442109427002e-05
-1.265035306817217432e-04
-3.730234653609088209e-05
-3.345541558319854811e-05
-1.089430203115782287e-05
-6.997356145625592029e-06
-3.261471700930713481e-05
4.233720169776898547e-05
1.689826186670244867e-05
3.903750387527040507e-05
-6.421147971955804890e-05
-4.211427819408484433e-05
-5.035980957966953498e-05
-2.381047693868727300e-04
-2.455625328415697540e-04
-2.796734171681251619e-04
-1.874103147251224516e-04
-2.210801887087669466e-04
-2.375687802826389160e-04
-1.058801409782987466e-04
-1.229461816522627558e-04
-1.451577147516133705e-04
-2.501803431344553318e-04
-2.725099941297146272e-04
-2.438889657740420580e-04
-4.901365057146820020e-04
-4.603278664533919573e-04
-4.180167000624651955e-04
-2.459185795986032963e-04
-2.050564056146259354e-04
-2.307271346626399953e-04
-1.794596158317590998e-04
-2.056180377667366464e-04
-2.513411861307571064e-04
-3.082102915914325912e-04
-3.537108538601199518e-04
-3.644628581463232289e-04
-5.637545536026605634e-05
-6.728932059955443086e-05
-7.477723613402432719e-05
-9.066027853292072953e-05
-9.812327391256204763e-05
-1.221051354833913624e-04
-2.018886449353080145e-04
-2.254462599695695221e-04
-2.384360411651801162e-04
-2.188435758172569453e-04
-2.318072217731173925e-04
-2.364856782702716637e-04
-1.441530619031186991e-04
-1.494435428509476233e-04
-1.096236002838579576e-04
-2.635067658599453346e-04
-2.229512530818922084e-04
-2.217460234797119772e-04
-3.032557935428215100e-04
-3.026490842139839803e-04
-3.304821349102108220e-04
-3.022553966993957435e-04
-3.300672598070500830e-04
-3.325271806550898421e-04
-2.675182969196735362e-04
-2.700937890784569848e-04
-2.695086612477919368e-04
-3.357024085579194891e-04
-3.350331124495735673e-04
-3.108847129623260454e-04
-5.087736670505275689e-04
-4.758928378577198938e-04
-4.620857611343331234e-04
-1.738889957777079299e-04
-1.688640144465557830e-04
-1.544117760759091806e-04
-2.348783558745003836e-04
-2.199611547084770035e-04
-2.145303127547638130e-04
-1.989717923252156805e-04
-1.937688624678091717e-04
-1.905727541574157608e-04
-1.844670454231934261e-04
-1.812787223874471915e-04
-1.671532534817560017e-04
-3.647727418259597877e-04
-3.508470852682693303e-04
-3.545482105827234536e-04
-8.932265502497090538e-05
-9.292375047414526206e-05
-9.091829103913535005e-05
-1.015536473850063966e-04
-1.000432295541502965e-04
-1.006954412208487540e-04
-1.515281530146710869e-04
-1.520021473755677355e-04
-2.009699159195176455e-04
2.383594211427594726e-05
-2.531861845152407649e-05
-3.206330188940020496e-05
-1.868335983697280052e-05
-2.543426421860905582e-05
-2.329818760450542319e-06
-2.548283930557661238e-04
-2.314867186375759464e-04
-2.361106128432480060e-04
-2.108993965682439428e-04
-2.157250676304725372e-04
-2.207989136795990705e-04
-3.644615901634720798e-04
-3.693197331731685041e-04
-3.642284994236214056e-04
-1.129332640548714041e-04
-1.079667547707466514e-04
-1.035434991094022803e-04
1.025925309972520918e-04
1.043627865616756972e-04
1.263272905701774283e-04
6.092087399489837848e-05
8.295666056014626465e-05
1.005680923948017061e-04
-2.150222928914882325e-06
1.611804597936096787e-05
2.458086653017079056e-05
1.336160764488849044e-05
2.113182979040419281e-05
3.199180450622239537e-05
9.344000552185451210e-05
1.045933031929309053e-04
1.143901145682697145e-04
-6.782166521472247174e-06
2.732686944401725888e-06
2.598571462642234459e-05
-1.776505353478445137e-05
5.494668028241216085e-06
2.145888352534855567e-05
-8.915212366644460068e-05
-7.297326741971885003e-05
-6.437841989379212591e-05
2.125949649373174723e-04
2.207565364632771876e-04
2.126119234436947493e-04
6.882720731385215786e-05
6.092384322088319941e-05
6.135594961448429408e-05
-5.448736735146384553e-05
-5.384823085990877566e-05
-5.371130648068269840e-05
-7.089646893804104743e-05
-7.101711345835706344e-05
-8.349254186139956060e-05
1.065203414158976997e-04
9.414687828286036906e-05
8.236390476080475290e-05
6.439621519422575888e-05
5.227119890472737987e-05
4.306479289540562959e-05
1.052884826945408984e-04
9.618005473045174213e-05
1.322149484547996347e-04
5.935160200921360584e-05
9.528308982394872355e-05
1.237399791558771900e-04
6.678505559817193198e-05
9.558096089917566098e-05
1.304707600003240020e-04
1.195760650286018423e-04
1.542851875502747805e-04
1.567903516964030334e-04
2.229660801323262364e-04
2.254794661105585167e-04
2.847159184700556538e-04
1.680090343263906309e-04
2.270987451727249167e-04
1.410942838288035332e-04
1.267333854873411796e-04
4.115429117746018757e-05
-1.496571460951869265e-04
4.541616879805290092e-05
-1.450996899724756256e-04
-4.650664023748800335e-05
-9.703641654726163305e-05
8.399804665593785247e-07
-1.067641347047394110e-05
-8.712665267913803635e-05
-9.823402138293242051e-05
-1.160394616909720387e-04
-1.802245467422202785e-04
-1.977466321569331374e-04
-1.543628142606703478e-04
-1.729371882994123187e-04
-1.300129198860613543e-04
-1.637929930578129899e-04
6.715915173268513071e-06
-2.670503128256225696e-05
-2.304210833672967035e-05
-1.640374504431659094e-05
-1.333582080834146816e-05
-5.978069851614065426e-06
-3.644222492285605747e-05
-2.915139822426391389e-05
-2.834528845065454358e-05
-3.013466751449476230e-04
-3.000015187755338594e-04
-2.883731501182795406e-04
-1.223616620738170516e-04
-1.110413574619473133e-04
-1.525023491380293576e-04
-1.451326822402210150e-04
-1.865781033670087068e-04
-2.107870724687903677e-04
-2.139425725003261773e-04
-2.384973242117642913e-04
-2.346360614697014073e-04
-2.188078844158529792e-04
-2.147299727598701695e-04
-1.696032760398437291e-04
6.983184913997230142e-05
1.151455816264289409e-04
1.305841628801570568e-04
-1.175867565641154557e-04
-1.020155200511655477e-04
-7.273218869091065521e-05
-2.376804645881495145e-04
-2.074322539367625296e-04
-2.179457239505299369e-04
-4.093272720449516355e-04
-4.182897989336797039e-04
-4.110019512334642071e-04
-1.676173721604445020e-04
-1.606882582744387049e-04
-1.515882037576132932e-04
-1.469052080390778441e-04
-1.400437328494930187e-04
-1.349623950207118599e-04
-2.170164959035658756e-04
-2.119466831916455834e-04
-1.913801267784065669e-04
-3.486316587784771531e-04
-3.266735609196103280e-04
-3.045464541455177357e-04
9.459834589679025959e-05
1.155708018532576272e-04
1.225702661945817992e-04
8.158624447701445315e-05
8.773196250380557032e-05
5.284554935657687080e-05
7.413875655451398344e-05
3.936398570091731441e-05
2.875926681111606138e-05
1.382044356376052607e-04
1.276490550163857855e-04
1.186688908841350410e-04
1.653426482017807879e-04
1.560993199585826430e-04
1.556016641169555509e-04
1.283298564725444946e-04
1.278792105930626416e-04
1.600443945369160238e-04
8.199024068552553893e-05
1.141519103418512705e-04
5.407556403267194047e-05
-1.770246967343255253e-05
-7.768891425033103214e-05
-9.902649005584626858e-05
1.195783619845937611e-04
9.833760007109284933e-05
1.170205090929119385e-04
-1.593903955601921624e-04
-1.405375274444633626e-04
-7.763611316284016895e-05
-1.496205418917053841e-04
-8.657538379145638275e-05
-1.304852669317739750e-04
-3.660492180449740219e-05
-8.098104830873186833e-05
-8.907265570797548264e-05
-2.232018254739220387e-05
-3.049636567794308632e-05
-2.367512510222848240e-05
-3.521316527240500420e-05
-2.826394060225691381e-05
2.327895012157283824e-05
-3.227140581102064124e-04
-2.698018903710482259e-04
-2.563710570480302289e-04
-1.001377658812010064e-03
-9.796830838691070447e-04
-9.430500474530974057e-04
-3.771325702923909143e-04
-3.490666538249471811e-04
-3.421549372326299424e-04
-5.261981539200761941e-04
-5.187870738047823185e-04
-5.316936344667495037e-04
-1.966817690010830635e-04
-2.111546978182316024e-04
-2.166664986853883011e-04
-4.364186947993159492e-04
-4.407940492947981103e-04
-4.428816345402621351e-04
1.086173664097278969e-04
1.055182629848248638e-04
1.099937547641192210e-04
2.497894192360111849e-05
2.910761790725780850e-05
3.139903542553526940e-05
-9.690099582631693954e-05
-9.463484043287592349e-05
-8.427200685945927154e-05
-1.890432717561210912e-04
-1.786838724346983339e-04
-1.769774343144395385e-04
-1.294628049781697894e-04
-1.277980435431250368e-04
-1.234778689237467949e-04
-2.395851596037531237e-05
-1.947512705979570794e-05
-5.778980570754705184e-06
-8.241943638009652543e-05
-6.863091433318584990e-05
-2.878950037555835523e-05
-1.596294826724591834e-04
-1.193762204100384501e-04
-8.335603220394684513e-05
-8.724105138825319090e-05
-5.171571561141742905e-05
-3.264615588827402210e-05
3.256918111809657375e-05
5.152218000026076222e-05
2.232813153167417710e-05
1.698869928065094271e-04
1.407120510026176876e-04
1.524538374870553306e-04
9.644336272359777841e-05
1.156106877414029839e-04
1.503706580156339363e-04
1.534356847213101389e-04
1.879811597650749640e-04
2.092339945934808916e-04
1.780115553306294636e-04
1.991027329327634638e-04
2.041498373645827158e-04
3.747542539854562937e-05
4.241033456395417291e-05
4.139974882723986829e-05
1.114177284679844959e-04
1.105809508067578050e-04
1.009317718522021205e-04
-7.128364702788889682e-05
-8.040782198483556204e-05
-1.766650469385260404e-04
-2.467347578535458415e-04
-3.434315961662852824e-04
-3.720775396504475471e-04
-3.081359839875423968e-04
-3.370141760387493964e-04
-2.587263073257929365e-04
-2.507903530203773376e-04
-1.721998044706708471e-04
-1.502035527210588209e-04
2.448456440868028721e-04
2.667044311692101308e-04
2.818938602436498256e-04
3.012332228990366109e-04
3.164410965260282607e-04
3.363731826262488672e-04
1.437794209201053233e-04
1.634032101442977497e-04
1.964629887532844382e-04
3.439046936997152575e-04
3.769932741869176911e-04
4.620885106537523952e-04
2.157428939989238219e-04
3.010575915372963336e-04
3.019805025475164918e-04
2.938378916273857739e-04
2.949318312972849278e-04
1.840295965073196092e-04
1.684531615980034737e-04
5.862989311456064372e-05
1.267730315412146820e-04
6.235390284448246150e-05
1.298502668468965067e-04
1.422158252276297264e-04
-1.009999775597142206e-04
-8.625928467923742009e-05
-6.143753550480945611e-05
1.220785356886501961e-04
1.457720457715924213e-04
2.899087783984553553e-04
-3.585424171155308058e-04
-2.114988812141406797e-04
-1.718922112632279269e-04
-1.238476899348485731e-04
-8.238425380845712347e-05
-5.900155199824012615e-05
3.220133830763663180e-04
3.387976353416021933e-04
1.606701186423093201e-04
4.537662057565327754e-04
2.750411874179631592e-04
1.864380480668622101e-04
3.077637881536871315e-04
2.193139677814322556e-04
1.689704544529083597e-04
1.501511879666922933e-05
-3.500624423252908122e-05
-8.591339389887978377e-05
-2.646911076913909108e-04
-1.426231074518217253e-04
-2.287073438544167054e-04
-1.340725184789551901e-04
-2.202258764788849127e-04
-2.480892526516344796e-04
-4.083168453298190951e-05
-6.897297318276282650e-05
-8.697013076244715097e-05
-2.729526933465417724e-05
-4.526327942813608291e-05
2.108737332967970755e-06
-2.169987094484748867e-06
4.510971959236815968e-05
-1.864043153459763141e-05
-7.176229541768094043e-07
-6.453618991058876725e-05
-1.446697061742960343e-05
2.214942358564028530e-05
7.212041745100797286e-05
1.740615657339818364e-04
6.881401494633101990e-05
1.707325495530400013e-04
1.370648116460415557e-04
-1.934578981732469464e-04
-2.262423748436504021e-04
-2.107366946845000519e-04
-2.137280769932203904e-04
-1.985164328331744208e-04
-1.832668356040889775e-04
-2.358242838496958746e-04
-2.208976227233583486e-04
-2.577201898459791259e-04
1.748726601977901155e-04
1.378351940290556236e-04
1.157300378283212909e-04
8.088067129547902787e-05
5.877247010648315936e-05
-3.261770749699362422e-05
2.824621176404943854e-05
-6.262372031809800173e-05
-3.866367142185776068e-05
-9.264400129208379294e-05
-6.875548961110620333e-05
-3.752683531415460340e-05
-1.391331937164461477e-04
-1.080025756723880552e-04
-7.581730278621878240e-05
-2.411519160719290296e-04
-2.093178100040506921e-04
-1.656054214054272474e-04
-2.784891457850437960e-04
-2.339797196855322422e-04
-2.684856190830486075e-04
-9.684174297764161238e-05
-1.313816647529618994e-04
-1.506777337070427068e-04
-1.272392583563940779e-04
-1.473068698558828958e-04
-1.569482515186819286e-04
-2.866387224074325689e-04
-2.961944223933669776e-04
-3.029074542861704138e-04
-1.446366036397221536e-04
-1.513316202614728716e-04
-4.882928187726679717e-05
-1.955974404406074789e-04
-9.205388341798129950e-05
-1.844414163914059250e-04
6.023819587425645913e-05
-3.307315088552580757e-05
-7.277518734602063497e-05
-4.837620890301202385e-04
-5.223239683805572676e-04
-5.448419394855796198e-04
-8.619142140801211178e-07
-2.459846997628348708e-05
-1.927132529136372271e-05
-1.285423056873901586e-04
-1.229380779846070610e-04
-9.531293963954858136e-05
-2.572758878527639710e-04
-2.301171674946051056e-04
-2.350800290401356719e-04
3.443582553591505039e-05
2.933945380614303886e-05
2.923559522085449796e-05
-4.286139427454046071e-05
-4.268314579323307474e-05
-6.352442788424756174e-05
-1.362756075738780280e-04
-1.570758241601180637e-04
-1.185649760358230173e-04
-2.494934370648008463e-04
-2.107892812986121339e-04
-1.563967771259307162e-04
-3.162942755792484445e-04
-2.623585560255854623e-04
-3.062410813031754661e-04
-1.386280446210115449e-04
-1.819974111599884201e-04
-1.816680172283643882e-04
-1.923726065756789613e-04
-1.917692582879656951e-04
-1.065738603097524714e-04
-1.820613554969871442e-04
-9.762003776590789071e-05
-2.402926649382010403e-04
-2.129980117638733458e-04
-3.558133059130654040e-04
-3.816326440869458004e-04
-2.878333354318186941e-04
-3.129603807906247660e-04
-2.752310611592413215e-04
-5.294879608413763329e-04
-4.918641425953985480e-04
-5.209720110795528283e-04
-3.925106794392497567e-04
-4.219128167531521257e-04
-4.071409437284398045e-04
-4.821704932763309416e-04
-4.677528720759379830e-04
-4.424044092382252045e-04
-5.395573769175041230e-04
-5.136359760734200306e-04
-4.923096180207756339e-04
-3.908667350850015708e-04
-3.696253602172908906e-04
-3.583611679433815526e-04
-4.798843196838823680e-04
-4.679653785361878918e-04
-4.613566365662746869e-04
3.639486831422259806e-05
4.177098302875937458e-05
3.356907054434673469e-05
-2.826698842568031017e-05
-3.594230347776642461e-05
8.786499720957532955e-06
-4.689937177577844282e-05
-2.551610477309271263e-06
-8.690450675702052208e-06
-5.033430837914753403e-04
-5.057902340636685062e-04
-4.983585592715247771e-04
-3.846972282967563161e-05
-3.454718418719168239e-05
-7.543137876454844245e-05
-4.211688562652274271e-04
-4.621545213474715893e-04
-4.806515439671795852e-04
-4.145414696275080387e-04
-4.324417473075311668e-04
-4.459332226635850265e-04
-3.069885801782231815e-04
-3.207221994036770656e-04
-2.469754745749149828e-04
-1.923727936902976826e-04
-1.192416439795259742e-04
-1.351948092300676060e-04
-6.593716589765015804e-04
-6.728307132683926124e-04
-7.152275223132185293e-04
-4.637199242674045515e-04
-5.066464812342039896e-04
-5.188498334908842134e-04
-2.195462159659675909e-04
-2.338219646779805057e-04
-1.539089762240478793e-04
-2.801097152704357736e-04
-1.999352288998493949e-04
-2.407786495266143285e-04
2.659206349795516342e-05
-1.417245664444155161e-05
-3.100853464187809053e-05
-2.102104598404500686e-04
-2.269882719693122131e-04
-2.044297215729021005e-04
-1.044349814028827173e-04
-8.224057813314725684e-05
-5.721005683752385313e-05
-3.673758400804363932e-04
-3.407525825592377672e-04
-3.633444329706408764e-04
-2.254622692986079941e-04
-2.493184774165429856e-04
-2.868731242092254679e-04
-9.086735821155988394e-05
-1.289583158399838401e-04
-1.433818518435247429e-04
-1.180219258135113312e-04
-1.324652524217628130e-04
-5.241716469799808807e-05
-1.835736741795800813e-04
-1.034733450801455194e-04
-5.369922263671338841e-05
-1.053621254691266233e-04
-5.542633124750733658e-05
-1.065836417950215390e-04
7.354099971817180232e-05
2.225977233653044201e-05
2.142659078735808880e-06
-9.718566569457674526e-05
-1.173304857989661889e-04
-1.267769063471823579e-04
-1.415086966777108967e-04
-1.510098760829314238e-04
-1.552969555822586922e-04
-1.227191338895827180e-04
-1.260513749192854671e-04
-1.368489789521602361e-04
-3.302716542830823939e-05
-4.471990142262553857e-05
-1.119905332832012255e-04
-2.923571046919575022e-05
-9.653252850122488325e-05
-5.786128983434538748e-05
-1.354347892135728080e-04
-9.670310916679229047e-05
-2.000340422378991620e-05
-1.115143540764438679e-04
-3.483634603904698865e-05
-1.010313608743962453e-05
-9.236735744631056563e-05
-6.757477568057146475e-05
-5.214580456998113740e-05
-2.094387778971787970e-04
-1.936211833384997045e-04
-1.815276045784638287e-04
-2.193055756510413085e-04
-2.060044789653555513e-04
-2.005093421853307984e-04
-2.014666679282025457e-04
-1.971361500277344486e-04
-1.809735938581191912e-04
1.219174435295935371e-04
1.373954957967604533e-04
1.027484392854387534e-04
4.218752040522909014e-05
7.786584074143565893e-06
-4.095767101632168442e-05
-1.517040097480615258e-05
-6.411027746168633848e-05
-6.797814581805701603e-05
-3.657854861473401934e-05
-4.035014149995382179e-05
6.098842376591503793e-06
-8.851909093355621446e-05
-4.183131012811338884e-05
-3.682145021272856689e-05
-2.575662619082910417e-04
-2.526528666389550636e-04
-2.412318169968435315e-04
-6.732022726325351692e-05
-5.599663179742635764e-05
-4.511513891954389561e-05
-2.274584292331943063e-04
-2.164397700023692583e-04
-2.027155449449889681e-04
-4.063748549994495858e-05
-2.719505828096199242e-05
-4.654993816389265933e-05
6.048824907523911985e-05
4.132230398367595396e-05
2.242276439589743265e-05
-2.096051165013137737e-05
-3.999333950544412485e-05
-5.078141200676297620e-05
3.479526110838462361e-05
2.444741314655432627e-05
4.205598319767213855e-05
-2.599067965787250347e-04
-2.409025814418850144e-04
-2.128733985709998328e-04
-8.153304721109398212e-05
-5.488677650010618755e-05
-3.481733467807586382e-05
1.443249405109849385e-05
3.451995114418153574e-05
5.987116422565027358e-05
-4.751823173747922371e-05
-2.207794638289765237e-05
1.699207241624483763e-05
2.508517467012002350e-05
6.358697028342524468e-05
-1.881768985185772181e-04
-1.903051086926069863e-06
-2.534543164074420929e-04
-2.183568608622413090e-04
-1.281789009226486087e-04
-9.350796201279127078e-05
-9.715116775258045463e-05
-1.401055810881193689e-04
-1.437484084781126287e-04
-1.531337376476154199e-04
-1.702821960825340059e-04
-1.795680338076204529e-04
-1.990236778510734439e-04
-2.502296457790658345e-04
-2.694262948352843523e-04
-2.405134207484107276e-04
-2.385824627708643675e-04
-2.099766195433940550e-04
-1.924853399525914654e-04
-2.538123287641238504e-04
-2.365327213322330579e-04
-2.327317396133168990e-04
-2.820093481698591575e-04
-2.781367128203585202e-04
-2.824889426353085239e-04
-2.760440309951975400e-04
-2.805138984928536613e-04
-2.469989007314119921e-04
-2.901129820617544849e-04
-2.560273746003780947e-04
-2.091436470471140898e-04
-2.358410160032484843e-04
-1.892246071327296055e-04
-1.602574314874172690e-04
-2.321980717204329527e-04
-2.024803664953023674e-04
-2.062421068456393323e-04
-1.108681147870183470e-04
-1.154013103712719522e-04
-9.369371604955807923e-05
-3.293607102148604507e-04
-3.074383296243758559e-04
-2.800256162495791878e-04
-3.347662443466396689e-04
-3.070032081646352972e-04
-2.726479342428172158e-04
6.975683468994948338e-05
1.031961528596331875e-04
1.417129768325204177e-04
-3.261001801464207960e-05
6.355281433668188550e-06
5.458677075591592768e-05
4.719501324335133264e-05
9.521062490318624952e-05
-1.824686715281082145e-05
2.190084084656743982e-05
-9.173389353691113941e-05
9.582818940804171872e-06
-1.624786406000561809e-04
-6.101923204161150424e-05
-2.594395806592830062e-05
2.090202077418200854e-04
2.439458516491676068e-04
2.827406203299143552e-04
2.309445230239169991e-04
2.697232191142940163e-04
3.062884276259767759e-04
-5.992218239285636554e-05
-2.313696347483592750e-05
-4.524894977063579357e-05
1.482719086452464509e-04
1.259683318335499068e-04
1.355779132963350498e-04
1.396923886045749684e-04
1.494048084522789799e-04
1.474762599470342303e-04
2.422075668973109209e-04
2.404918547041962648e-04
3.291606420283983269e-04
1.158217988929028416e-04
2.046159655187125125e-04
9.194658293422663638e-05
1.068007853213543811e-04
-6.160421371121163874e-06
-1.403577522239945986e-04
1.278468796085918376e-05
-1.215386624778919079e-04
-1.786310553406354534e-04
-4.306160973900185606e-05
-1.003749297787424671e-04
7.887058355179020486e-07
-1.112860431284633028e-04
-1.006553862949047598e-05
-8.742436203068210706e-05
2.350564249086048094e-05
-5.392850162355317697e-05
-4.419998474469635091e-05
-9.731649206845178232e-05
-8.755278865857276521e-05
-7.865603540863785490e-05
9.447716986477148332e-05
1.035903755777707364e-04
1.780674069586056637e-04
7.285060425914880291e-05
1.471597210901636052e-04
7.001926493567284162e-05
6.792198153462590451e-05
-9.261038971907832075e-06
-4.795503539434213124e-05
-1.635416632316205685e-05
-5.510086978255350075e-05
9.307196214012903321e-06
-8.901416642992336235e-05
-2.446469947308291758e-05
-3.035872809017633490e-06
-3.668790081128467883e-05
-1.518893391581866651e-05
1.033615747802552401e-05
5.853106400569344468e-06
3.122575193048116385e-05
2.269098515102587529e-05
-9.114514492818744790e-06
-1.741490812560595684e-05
-2.103053803128505884e-05
4.485062710886768885e-05
4.151135262529050173e-05
3.505071358531064440e-06
-9.822594538835192858e-05
-1.361060761019966536e-04
-1.574395375000648778e-04
4.658342615120047991e-05
2.473162553269782848e-05
4.730350553461140986e-06
-4.865145652092626506e-05
-6.851137419563459695e-05
-1.042453283519836123e-04
-1.142077464976876252e-03
-1.153896044947335308e-03
-1.080279242434590593e-03
-4.237541058176549132e-04
-3.718660485009247325e-04
-3.124815862284536713e-04
1.206781207485553998e-05
6.883496687435253919e-05
7.841529055912865127e-05
5.891593034532561363e-05
6.821821058583332027e-05
8.292020071087863450e-05
6.439894401882661308e-05
7.914143212395247226e-05
-1.998587706639990032e-08
1.070688420978793145e-04
2.795586742265567556e-05
2.418341674103089388e-06
6.617455191715106741e-05
4.077973680124307495e-05
2.583365441828427370e-05
-3.377219873926912922e-05
-4.873278938171061222e-05
-2.067724854708989733e-07
-2.421705399493926996e-04
-1.928513563617156228e-04
-2.518535727002532308e-04
-1.147183400026546200e-04
-1.732922352683604510e-04
-1.569249270995648330e-04
-6.469516272850938158e-05
-4.889354571230129657e-05
1.696582707475289371e-05
-1.978375785564573234e-04
-1.321548514683602783e-04
-1.834892464102840816e-04
-3.356610285268037054e-04
-3.857255360344088741e-04
-4.129592098198654358e-04
-1.752793759805745279e-04
-2.039847431607367699e-04
-2.205102119845812978e-04
-1.843442560076536839e-04
-2.013398681086962880e-04
-5.222477169687547542e-05
-3.035645114508932294e-04
-1.542606475947300420e-04
-2.461219903960515983e-04
1.408224491218229308e-04
4.883651282231607038e-05
-3.217067030487795389e-05
3.663203979901321727e-05
-4.435787020480473554e-05
2.193603494822607717e-06
-1.677157216122953927e-04
-1.205719995147887605e-04
-3.131783423001292159e-05
-1.147396792027506965e-04
-2.541307448396804740e-05
4.435394378258736021e-06
7.772666604736474345e-05
1.067418631397847842e-04
-3.081163424167289390e-05
-1.380598684893100375e-06
-1.382499814276348096e-04
-1.974162249611705771e-04
-2.286402506065319520e-04
-2.883457299107700816e-04
-2.739443575938301217e-04
-2.869347180025667182e-04
-2.725564541270094048e-04
-3.380182120928046244e-04
-2.061815307916211291e-04
-2.717257690129307049e-04
-2.092588799186925503e-04
-3.387061684371408957e-04
-2.761670145318786442e-04
-3.248569492657215783e-04
-3.467949097157398998e-04
-3.876498604599864671e-04
-3.224579453150857645e-04
-1.820706612138555834e-04
-1.247595831434358316e-04
-1.292477990716172287e-04
-2.032921368870068747e-04
-2.073396335105819532e-04
-2.350462534550863041e-04
-1.792106067511660883e-04
-2.071097776379721893e-04
-1.746458540590437210e-04
-2.007622904230194820e-04
-1.683124094422863877e-04
-6.235480702272298750e-05
-3.533318479465277946e-04
-2.475800969197848719e-04
-1.917182441206848856e-04
2.145619203546402041e-05
7.745599699092892447e-05
5.462770168804617242e-05
6.355875787677106896e-05
4.022535104439647511e-05
-7.059876319097056210e-05
-1.801104990164695665e-05
-1.287250643463961567e-04
-1.671285680772076733e-04
5.069242885376625538e-05
1.221063218104733155e-05
5.225889086146546169e-05
2.778627464572979138e-05
6.777790818601553901e-05
9.638173018611619937e-05
-1.610935267700749993e-04
-1.322401867175323261e-04
-7.229062053798465865e-05
-1.182008190473390116e-04
-5.844831490381388801e-05
-3.825501277281720619e-05
-2.083433736158046021e-04
-1.879200639127083538e-04
-1.816209214285882819e-04
7.668116507881503124e-05
8.284725940200214503e-05
1.043904249902683954e-04
1.336696632660058629e-04
1.550927246219347875e-04
1.670631744626200330e-04
1.117605480478945832e-04
1.238023241010716689e-04
1.342566761200192620e-04
1.965380115036280276e-05
3.080478245512277384e-05
4.462571192697561062e-05
5.379461117674291630e-05
6.690571277567124641e-05
2.742455713875235597e-05
1.236664039984059957e-04
8.443004067945869247e-05
6.066175785102549960e-05
-1.754460075911490639e-05
-4.156981220282014440e-05
-6.099557122163094445e-05
-5.890463569945987295e-05
-7.830513259343422814e-05
-9.363854366604420446e-05
-1.724525025574824945e-04
-1.875594567253086259e-04
-1.369136965347205620e-04
9.491742496827435590e-05
1.450946862480851491e-04
1.367202219983015290e-04
-9.827106024858854290e-06
-1.793509560298062059e-05
-4.408221782251057369e-05
-1.209879175446543762e-04
-1.470132111298924420e-04
-1.576176748059082331e-04
1.152099584269264604e-04
1.042969868721116780e-04
7.976822183096974380e-05
-1.214421553605678694e-05
-3.639760013341710679e-05
-1.279020548890593854e-05
-6.271107174128100984e-05
-3.947924747689876166e-05
3.288620858747537293e-05
1.762593123503711614e-05
9.008024129379565872e-05
5.250146746201307256e-05
5.007743378464157738e-05
1.238333602467418392e-05
-1.275189108230646699e-05
-1.473904744690417569e-05
-3.953099487364765256e-05
-5.180142872967695086e-05
-1.477085290492054074e-05
-2.722052270081763356e-05
2.050871327321010908e-05
3.909850672817851217e-05
8.682730614474940380e-05
1.118744752396938773e-04
2.817015112179297289e-05
5.309156256533390005e-05
5.182783112014078511e-05
-5.048525929179811756e-05
-5.134310871744162427e-05
-3.784001417929020545e-05
-3.592500528702146398e-05
-2.212868965701845310e-05
-1.157196103658206243e-05
1.446774732781860211e-05
2.434314072534762841e-05
3.742028428302488635e-05
-6.518732854228145857e-05
-5.178867496954866340e-05
-3.709627861639208180e-05
-1.443136228009558528e-04
-1.292080975744659362e-04
-1.697873365944131414e-04
-8.998178026189751011e-05
-1.310580253945543567e-04
-1.590534196826091234e-04
9.361786547128935669e-06
-1.829703649360893414e-05
-4.043792534181599499e-05
-1.250563616719303772e-05
-3.527644832180564286e-05
8.110239866114277727e-06
-5.406970841837798239e-05
-1.072958635918883573e-05
2.884921889808044230e-05
-3.005904809134835086e-04
-2.605454177403821012e-04
-2.700660183006457337e-04
-7.042903996016814912e-05
-8.021483462355353915e-05
-7.144946916309532266e-05
-1.024806036991558322e-04
-9.369358498883780580e-05
-6.977770102784474834e-05
-1.225224715592467461e-04
-9.888057105817337974e-05
-5.687230425899844188e-05
-8.218885490313609585e-05
-3.999452731585125941e-05
3.459160244359863693e-06
2.354099344018474637e-04
2.790264724453792402e-04
1.976924949368541592e-04
5.307368238483299106e-05
-2.811473231566273632e-05
-8.915335104748393371e-05
-1.506262006777259058e-04
-2.106286648376264699e-04
-2.431181302152718730e-04
-4.144204086805113952e-04
-4.453453394442941646e-04
-4.912786918664286719e-04
-2.187574092157329746e-04
-2.651834603836696080e-04
-2.755006557454566614e-04
-2.400202594669471911e-04
-2.525257136331151382e-04
-2.116631554050954044e-04
-3.253481540487359420e-04
-2.845000604244532320e-04
-2.521509812829822016e-04
-4.267064109987231228e-04
-3.929828161524414731e-04
-3.328604447955168058e-04
1.933720352483990663e-05
7.827584933751307239e-05
7.534912784958822931e-05
5.703390936163298596e-05
5.330336918032361473e-05
-1.196305106520561949e-05
3.689924252594454493e-05
-2.827432194851248041e-05
-4.901890454321112308e-05
7.637766088930980786e-05
5.572576671865824786e-05
5.625352775089190226e-05
9.063214426887277689e-05
9.087272325407461148e-05
1.527060049987051830e-04
6.452864169252783876e-05
1.264123894791703865e-04
1.267275717679243018e-04
7.526539059408271764e-05
7.559732941322209738e-05
9.301323537975884122e-05
-4.646073037415561773e-05
-2.892068201880567627e-05
-5.943877639451083852e-06
1.635325514481436376e-04
1.865318021567379859e-04
1.610106980837901062e-04
-5.702575670389181109e-05
-8.242825539177088675e-05
-1.228708636402996775e-04
-9.917753892345158992e-05
-1.393921477641823288e-04
-1.643371878253750945e-04
-1.004716826058837172e-04
-1.259127101457201386e-04
-6.123944442225706664e-05
-6.501815450065661912e-05
-4.167170307607659385e-07
3.840024593154618996e-05
-1.063345935848475365e-06
3.788860059211681145e-05
4.921807159481608306e-05
-2.960281736603127931e-04
-2.832641748544011172e-04
-2.570413225877377257e-04
-1.105337663816306250e-03
-1.070327666642824100e-03
-1.093405644942296601e-03
-3.742876169818732009e-04
-4.065064681435356562e-04
-4.312016049164809814e-04
-5.516643836835752497e-04
-5.758914144474544701e-04
-5.901638557794164006e-04
-2.566109856355466476e-04
-2.723952545444141213e-04
-2.698974440399542823e-04
-5.042735626580785099e-04
-5.004370341602698341e-04
-5.004082342108263351e-04
4.764593720305853610e-05
4.638254163213831414e-05
1.050852717198870836e-04
-2.643681377745407592e-05
3.191230477024537904e-05
8.352425301222604712e-05
-9.716178632150667327e-05
-4.551948278435963193e-05
3.265119059278940401e-05
-1.275621913116564135e-04
-4.944530181319142141e-05
-1.589852925600513224e-04
-1.259021048552043821e-06
-1.107745936816587453e-04
-1.689686657126324523e-04
-8.875855032916307903e-06
-6.696602638915947559e-05
-1.232040837665762439e-04
-1.355819737735467303e-04
-1.916905191054310337e-04
-2.005950517953463590e-04
-2.852585773242380428e-04
-2.938439283055343425e-04
-2.629701604119037694e-04
-2.535481907428332364e-04
-2.230813235028182573e-04
-1.679148473856129781e-04
-1.334063682688867158e-04
-7.836023649062003049e-05
-7.127148793371277779e-05
2.930315606434856501e-05
3.637179387441021473e-05
5.649437699968811854e-05
4.779817599045229227e-05
6.832787804807421549e-05
5.933378332892397895e-05
1.110229499455436765e-04
1.017750407209802653e-04
1.170057828317508613e-04
8.720086106231401219e-05
1.023397223803327000e-04
3.241817776788687763e-05
-5.731939496350283271e-05
-1.273305066141792530e-04
-1.580579691339607936e-04
-5.348425165075147095e-05
-8.412274376082677662e-05
-1.751882831486201685e-05
-2.872181202523733804e-04
-2.200599805630210678e-04
-2.230196491225952212e-04
-3.794382604948643486e-04
-3.828329731121057574e-04
-4.119847784351091287e-04
-3.366971736184650962e-04
-3.660905989419202707e-04
-3.784310235178901458e-04
-2.947396481941919229e-04
-3.067059721334709430e-04
-2.123769470844698369e-04
1.241930379646026615e-04
2.183518056054319025e-04
2.328660599170643956e-04
2.500326347299570919e-04
2.645060418155435592e-04
2.969821477850768704e-04
8.625213794693538253e-05
1.184717373067382712e-04
1.588745073343183654e-04
2.964398706640917797e-04
3.368534163848984795e-04
4.565306712777406637e-04
1.897468902564164060e-04
3.096167906790093247e-04
2.920597123165042872e-04
2.811932040515408579e-04
2.637493977971734280e-04
2.107687594408510384e-04
1.364338765569390530e-04
8.485282685536575881e-05
3.055173178208276481e-05
1.115453467510981616e-04
5.640341291208967418e-05
6.229266910799625620e-05
-1.709619388356317595e-04
-1.628145455384176661e-04
-1.363913349992959111e-04
1.699066525311055884e-05
4.259195451630369729e-05
8.863264390965031872e-05
-4.408463307842044442e-04
-3.920974717591978382e-04
-4.713125225799421453e-04
-2.466519521665848564e-04
-3.248355632359425211e-04
-3.062293096071380346e-04
3.265676887796422007e-05
4.524298248828471014e-05
6.370749730197366751e-05
1.487322891272333295e-04
1.668335735849070219e-04
1.180418150743491501e-04
1.967365370183217195e-04
1.480846951726845950e-04
1.144131021474783594e-04
-6.287311022057910257e-05
-9.624700016404340915e-05
-1.136709226818731402e-04
-4.427279765779922657e-05
-6.181744286436348899e-05
-1.051667671490725273e-04
-4.487875160407036289e-05
-8.825167909527981223e-05
-1.226065923858481773e-04
9.037837723006641923e-05
5.574178251642255698e-05
3.544674724244772706e-05
9.180854433886228715e-05
7.159238044542520557e-05
1.750568010050733447e-04
1.147764767301015488e-04
2.180932608338002920e-04
1.780711542228325533e-04
1.778636326219816565e-04
1.377775776195428598e-04
1.214287363022547661e-04
2.258529826935935098e-04
2.093976213568337708e-04
2.023530133396228960e-04
2.028958183568418472e-04
1.958468993347445687e-04
2.922705050820166486e-04
-1.997960325002828429e-04
-1.020477622717937214e-04
-1.472316290944051501e-04
-4.840911170172893831e-05
-9.434938707791087594e-05
-1.021089004133968973e-04
-3.155193518535209817e-04
-3.977026243924831330e-04
-4.183863045179254448e-04
-1.065258394789113264e-05
-3.154156249337520331e-05
-3.959239620598964393e-05
-8.837841480243641763e-05
-9.640627104090526700e-05
-9.272473753169146939e-05
-1.124705668189562857e-04
-1.083796006228771584e-04
-3.293197148230420221e-05
-1.585476412388493034e-04
-8.308675530350329149e-05
-7.289408041180015386e-05
-1.488467292532560395e-04
-1.387841630356097299e-04
-1.631394492285655586e-04
-2.661562621222519952e-04
-2.908236432411106078e-04
-2.733260803748969016e-04
-3.547447935268612353e-04
-3.364446634319726405e-04
-3.209012134048459417e-04
-1.870838928395066709e-04
-1.719017959713307507e-04
-1.710657006410225788e-04
-1.820275133523461706e-04
-1.816581270472421804e-04
-1.910046638002008308e-04
-3.279606380314841699e-04
-3.372347353504359831e-04
-3.459183877875196696e-04
-1.818250246358424534e-04
-1.904608303756552697e-04
-1.925974732678434798e-04
-2.276247338467377187e-04
-2.286560714658400961e-04
-2.347339867370465535e-04
-8.963560079634701693e-05
-9.671819484683516369e-05
-9.585811415637566645e-05
-5.260662108881661433e-04
-5.239564990293858575e-04
-5.160393407474112275e-04
-2.748026520895495016e-05
-2.087056740641863868e-05
-1.419617548941975993e-05
-1.040286511321392827e-04
-9.717431023142641944e-05
-8.488538685638294466e-05
7.550002554074519711e-05
8.687050478615029804e-05
8.861701959489650152e-05
3.212956118945195429e-05
3.430470266124970339e-05
4.611360118572996585e-05
-4.433573898182445146e-05
-3.226456765120452614e-05
-4.041630071580665381e-05
-1.075288630978909728e-04
-1.155558280413250831e-04
-1.251251590489970821e-04
-2.277277386280919817e-04
-2.372349766134845394e-04
-2.279026466890359134e-04
-3.326940853200482506e-04
-3.237510191279584378e-04
-3.275862765065713192e-04
-1.989458196799391717e-04
-2.022565096183998848e-04
-2.667612582596032267e-04
-2.334005476939810778e-04
-2.975513937568305379e-04
-2.393490169355581008e-04
-2.754694153705625182e-04
-2.181552583509991370e-04
-1.374522546997944969e-04
-3.295716480510244841e-04
-2.489569163175950903e-04
-3.274016638600426264e-04
-1.878550540881882567e-04
-2.657022126798676796e-04
-2.231810850797089605e-04
-4.668141049181269951e-04
-4.242287451641502376e-04
-3.977832747860586765e-04
-3.352098484763743873e-04
-3.091527105080670241e-04
-2.870782013197479459e-04
-3.666445627114510658e-04
-3.449105101318148585e-04
-3.445920125533762091e-04
-4.168330019020525428e-04
-4.159585047465684526e-04
-4.439399128789925245e-04
-2.922946993214013689e-04
-3.203421440451317695e-04
-2.979038196520743731e-04
-4.404146823110901979e-04
-4.172601999619839552e-04
-3.413156336781808043e-04
1.017365342101218611e-04
1.763908258263713542e-04
2.055942437684279392e-04
9.588920877750430733e-05
1.255649091282975385e-04
-3.801329441763529450e-05
1.163452521970611523e-04
-4.759802979812094838e-05
-9.384050231770778359e-05
-5.683597657682753395e-04
-6.109643904480075577e-04
-6.154629419652569858e-04
-1.226726485171278781e-04
-1.305979286880988447e-04
-8.635053866222699049e-05
-5.091006070470262138e-04
-4.649496380114575048e-04
-4.023368069288378677e-04
-4.084109071517010351e-04
-3.452112846394127330e-04
-3.333367053196060461e-04
-2.263046458215510839e-04
-2.146377805397140512e-04
-2.533441486676436447e-04
-9.977808755452210999e-05
-1.391281742044937395e-04
-2.451405071065195646e-04
-6.533023454622577863e-04
-7.569693752907582368e-04
-7.346433631069814330e-04
-6.215487865142890062e-04
-5.990167192108785277e-04
-5.547496047774122833e-04
-2.581143562607322753e-04
-2.165132400085942625e-04
-1.612847736891696794e-04
-2.606851421268449901e-04
-2.051919182617555006e-04
6.109697518879480052e-06
2.278342794446622894e-05
2.341561880386526951e-04
2.455664203729037093e-05
3.272314230726093738e-05
-1.767743802164353068e-04
-2.865285183148531464e-04
4.364887922507742742e-05
2.984507456127717911e-05
6.853522894469929244e-05
-2.392597830185277778e-04
-1.988849097533719489e-04
-1.260682548697446802e-04
-9.271241912121045087e-05
-2.121314912320723320e-05
-3.564538166394486205e-06
1.336356143631632111e-04
1.507308596395868518e-04
8.669091821799268689e-05
1.550695713725853422e-04
9.099926010390957561e-05
6.318799411687443519e-05
3.803680793067654338e-05
1.027498935158739353e-05
1.947909445140479437e-05
1.179553352571467424e-05
2.112421757180212370e-05
7.263878569579719198e-05
1.561300258325595998e-04
2.075198767670899500e-04
1.611552050075009497e-04
8.588828995930998219e-05
3.953047942775115686e-05
-4.122824769632051859e-06
1.288129513556883054e-05
-3.082585114815933553e-05
-4.837420395163781299e-05
-1.306854189669443217e-05
-2.967182056566662444e-05
-7.454246005468247909e-06
7.447053237298541413e-05
9.581438811499980233e-05
2.321612926829608636e-04
1.185255331080814912e-04
2.547911579535345095e-04
2.561809302765060054e-04
2.009675452649595695e-04
2.024475176344740974e-04
2.057133186054073567e-04
1.960928563253138053e-04
1.993624553461216683e-04
2.169563790915919133e-04
1.324810380492948288e-04
1.501695492437494584e-04
2.080182184125385701e-04
2.310129414707549293e-05
8.134232660616706008e-05
1.490751961550245471e-04
5.915764080221722716e-05
1.280922948221246190e-04
1.535950955720801663e-04
1.109779037373641915e-04
1.354009523773749184e-04
1.441985677635729225e-04
4.673257804378119122e-04
4.753074699371553869e-04
4.088554070178618120e-04
3.759149567164912732e-04
3.097047866460600333e-04
2.610634949765338990e-04
2.860024816029438214e-04
2.371542908027007672e-04
1.944168059986124599e-04
2.660396242522805425e-04
2.234240844978059495e-04
2.415749932969948281e-04
1.866310074824879730e-04
2.050209314893027771e-04
2.768348563739073879e-04
-1.539218455040547960e-05
5.634150107362991640e-05
-1.684987129574154344e-05
2.301242562287462361e-04
1.569770634740080980e-04
1.230694242428451829e-04
-9.629705724543676047e-06
-4.351331974366455741e-05
-5.856301466913822014e-05
1.343365647505432420e-04
1.189559738246917455e-04
1.735154517534873283e-04
2.035266701692908732e-04
2.582887398618957794e-04
2.307699979217728032e-04
1.968580189002430833e-04
1.691923462720592870e-04
1.278504373044129410e-04
2.335761019429196967e-04
1.928302539749424853e-04
1.666426094575212827e-04
-1.101649373300019703e-04
-1.351718758255815575e-04
-1.438261956266205900e-04
5.837658571315794496e-05
4.837343433768636052e-05
5.546018963792029039e-05
1.191896313046026832e-04
1.262669860675990881e-04
1.016938506415654636e-04
2.655551669300201551e-05
2.068048391917786701e-06
-5.863462329164421689e-06
6.089326348384662638e-05
5.249299191751303660e-05
7.746763114269410600e-05
-7.959025433540618550e-06
1.718822861007933845e-05
-5.116594388249932988e-06
1.392258138527307414e-04
1.164707254934053428e-04
1.342821034633697071e-04
7.267049384200233294e-05
9.047929612297127624e-05
1.505100715336559728e-04
6.049540948897163053e-05
1.206145732327534273e-04
2.185362578967767655e-04
6.285477661426946668e-05
1.611239464620309769e-04
1.728458611882929081e-04
1.726976667197602689e-04
1.840374772559557432e-04
2.367614631739076397e-04
1.463899845380042071e-04
1.988989513565417549e-04
3.948516868810969136e-04
1.551516159169938586e-04
3.511858130629974149e-04
5.236902107738248754e-04
3.586607244621830724e-04
5.310558954973064114e-04
4.544551656819053546e-04
5.300891535610250879e-04
4.539016981381096497e-04
4.660810659415053200e-04
4.559186517964222089e-04
4.679996777567045759e-04
4.993897292444096896e-04
4.335719418021814894e-04
4.657101363556073997e-04
2.319814589695876235e-04
5.490838212573515269e-04
3.145807782543694371e-04
2.117761604947680288e-04
1.068881607038771504e-04
4.282554936938887200e-06
-5.115185158560448149e-05
-2.067418340652346078e-05
-7.580850033322744826e-05
-1.170546782019925118e-04
2.942389332014096453e-04
2.521342941975775361e-04
1.898548058252403996e-04
1.071272965703713893e-04
4.531472095005163172e-05
6.213806636621302870e-05
9.645345434728958825e-05
1.130271762096235802e-04
1.747155464232732027e-04
3.901847821650153902e-05
1.005363727432508438e-04
1.866425933153318620e-05
2.170573756814193423e-05
-6.003511756821585440e-05
-7.499293414368738732e-05
2.177183506854339168e-04
2.026392075167458753e-04
1.901769731349158736e-04
1.930647603403266768e-04
1.805615113854255232e-04
2.088427490155593644e-04
-1.569513903658990113e-04
-1.284783366651824524e-04
-1.230155508447476100e-04
5.395035161137666209e-05
5.929587809890132441e-05
9.959230674491220377e-05
6.685743160135667815e-05
1.072301413869946565e-04
2.330010225819361454e-04
1.952193591051264968e-04
3.211469207713318116e-04
2.394787963160315610e-04
1.857083458276403195e-04
1.041793958895841695e-04
2.384281201593652609e-05
2.377005253518019688e-05
-5.682302339628264067e-05
-7.610324366147386407e-05
-3.771801761977299806e-05
-5.712355897891091680e-05
2.734967553001964357e-05
2.311750602779222155e-05
1.073586956964912441e-04
1.530366140554781265e-04
9.050245558788204457e-05
1.362418994444544620e-04
1.198244100684318306e-04
1.725743355832184858e-04
1.561061473345402243e-04
1.604573578293284767e-04
1.104221848087403538e-04
1.148072721621802442e-04
1.082340111572891437e-04
2.928220735116711252e-04
2.864821961232125722e-04
2.869090009070869736e-04
2.603563860141336881e-04
2.605762334596302562e-04
2.756444709901450705e-04
1.849343594685133748e-04
1.999681089599369597e-04
2.004802867012056957e-04
1.874973358879549932e-04
1.879424584038514147e-04
1.530867925140924689e-04
-1.137287653785609102e-04
-1.727553900001080767e-04
-1.921848278001505044e-04
-1.824570063637079732e-04
-2.017883060474502947e-04
-2.172851742297154303e-04
-1.833395625439095404e-04
-1.990461238246154423e-04
-2.054191065488860128e-04
-2.484267093758773712e-04
-2.545521640221133945e-04
-1.838442738266017574e-04
-1.917476258475810406e-04
-1.207954089953851241e-04
-9.950079078353178891e-05
-2.447995982696589369e-04
-2.232987794190196434e-04
-1.947683994808596089e-04
-4.810977083197963628e-05
-2.014336492041018749e-05
-1.113723991922910836e-05
-9.800183029485759283e-05
-8.886908907927449372e-05
-8.840964271561484655e-05
-1.590191463758422637e-03
-1.560766633859512077e-03
-1.520568268522527484e-03
-3.649195770534245284e-04
-3.516205434313979966e-04
-3.699631866087016441e-04
-1.253487068219157280e-05
-3.341152616970213753e-05
-3.447165578743152225e-05
-3.856251125883283716e-05
-3.988349850894592607e-05
-3.750757220946055143e-05
-4.361766547569714391e-05
-4.120214341487538306e-05
-8.443927750578306482e-05
-1.658692396990757672e-05
-5.974589972412370012e-05
-9.401643166030341061e-05
-2.880634516133151815e-05
-6.299214129513644846e-05
-8.346799967619890912e-05
-1.298447603517263499e-04
-1.503065906865086649e-04
-8.623554032521382848e-05
-3.410829123742442821e-04
-2.762189427040709507e-04
-2.363080043302516941e-04
-1.803898952085716974e-04
-1.400496462316851620e-04
-1.520674410670276339e-04
-3.808248447753894371e-05
-5.066867712170142484e-05
-3.949848331676346271e-05
-2.060562689251478369e-04
-1.950679158529035470e-04
-1.723157576179715114e-04
-3.959087641181193015e-04
-3.718842155194493522e-04
-3.365072547189134917e-04
-1.604609816695215421e-04
-1.266883113152522135e-04
-9.769624150147540099e-05
-1.185417999244469691e-04
-8.988331821536523825e-05
-5.063424302542002264e-05
-1.830421474741200877e-04
-1.435342228160926825e-04
-1.863338209506363891e-04
1.378085189843794578e-04
9.482767674566644207e-05
7.765443868873865454e-05
9.361590966076987759e-05
7.645358554026336520e-05
6.352827296870106099e-05
-6.296303191749154479e-05
-7.518526870479530456e-05
-1.923235497414783543e-05
-7.818176998479014995e-05
-2.198973918311015671e-05
1.908608839424637662e-05
1.018357816759897679e-04
1.417956519783133040e-04
1.792982020817048753e-04
3.942311752165047036e-05
7.756800371513738286e-05
6.852096262199218295e-05
-2.424787632829473365e-05
-3.382463623958294370e-05
-3.982816067164428233e-05
-2.608432701046233156e-05
-3.208165232663638591e-05
-2.988092305397589731e-05
3.529127045894377233e-05
3.740780235009293032e-05
7.105534972863232837e-05
-3.061215679420133161e-05
3.108935963902232508e-06
5.711393968653726179e-05
6.176767714561855541e-05
1.209287154719685276e-04
1.682043268246655068e-04
2.027714079244514068e-04
2.448623610561792454e-04
2.231323410678857032e-04
1.562434383103702864e-04
1.349232002549075548e-04
1.636787763322378078e-04
1.722336997200005714e-04
2.008359568184847513e-04
2.130768373018773862e-04
2.095454236018145957e-04
2.217883559052544304e-04
2.251489637110475344e-04
3.051462065118277752e-05
3.363713002000934304e-05
5.321588341495919793e-05
3.030770599998626751e-04
3.227946823218368348e-04
3.157392194608261873e-04
3.060664263076611218e-04
2.985411112077569653e-04
3.021384781076867686e-04
2.372371810834890296e-04
2.408665621969212399e-04
2.640366492151148721e-04
4.223605845963411586e-04
4.455552025056310102e-04
4.661577732399304480e-04
4.674876017552666470e-04
4.879852968365152449e-04
4.611427007680957840e-04
2.616422498753958464e-04
2.350584959991009609e-04
2.177183575566023731e-04
2.431069274812670128e-04
2.255704545985072994e-04
2.249015824613714051e-04
6.591056600316466327e-05
6.560112617216943024e-05
1.474904489265951293e-04
3.425074837846302819e-04
4.241260536043169873e-04
4.825895766534435936e-04
1.185863780606633748e-04
1.157052427030609001e-04
1.117273495721916106e-04
7.201326274904171123e-05
6.811812636007614401e-05
7.949591465481367744e-05
-4.864850780430190298e-05
-3.661012076585742794e-05
-2.988392706970946391e-05
8.628509498208731783e-06
1.470488741983397405e-05
1.906362067508602428e-05
5.841521733895613353e-05
6.298950811448598194e-05
6.880669084400161187e-05
-3.351535942804908467e-05
-2.795151099074409326e-05
-2.393578239809706861e-05
-4.202702561836467107e-05
-3.796100560668841059e-05
-3.448275352391263191e-05
-1.325691765183581417e-04
-1.288589378030117387e-04
-1.248293295677684143e-04
1.519604079864841169e-04
1.555001769272677705e-04
1.695638667150993646e-04
-3.095413692102570767e-06
1.122578678761020315e-05
1.477894662038679949e-06
-8.407077702585265028e-05
-9.376392484633505739e-05
-1.037757822134657544e-04
1.590790001187448164e-04
1.488463829216421801e-04
1.735106441809831706e-04
3.039942455392938433e-05
5.536052305605621612e-05
7.589342614603989670e-05
3.514276142586381709e-05
5.526320503061466763e-05
-1.611171867642644364e-06
1.086638735790347392e-04
5.183130433322852520e-05
1.219685549861513501e-05
1.557918021460985808e-05
-2.412281861049361104e-05
-4.480366316735596142e-05
-5.018925690544075841e-05
-7.052263083048016510e-05
-8.452595465079017645e-05
-4.995869368892014704e-05
-6.414396010533042914e-05
-6.236406169164634018e-05
7.159813333227553304e-06
8.945416097681162075e-06
5.388683165152358600e-05
-5.489802696074998645e-05
-1.007325955937815121e-05
-4.660952029148955275e-06
-1.102519909319580834e-04
-1.044449481492442083e-04
-1.415314047194659187e-04
-7.705492585278572552e-05
-1.138472009047507717e-04
-1.212975650701910249e-04
-9.209051603149766459e-05
-1.002246601416036478e-04
2.059500522363856730e-05
-1.905687269896507254e-04
-6.948823309585526291e-05
-1.853031433850060145e-04
-1.705758479897685320e-04
-2.859053354907314221e-04
-3.756835290279154698e-04
-2.359780344843397776e-04
-3.262436589740132014e-04
-2.654578649537119831e-04
-1.816224471714262883e-04
-1.205452219448465535e-04
-8.212787885006819495e-05
-1.209939302509132453e-04
-8.319785207297955283e-05
-3.298796262471136186e-05
-9.592607762918178567e-05
-4.574357488537338112e-05
-4.032348356566956243e-05
-3.538243113166665435e-04
-3.480853002228178911e-04
-3.510818857036581428e-04
-1.485162311409004589e-04
-1.516673870652964233e-04
-1.427637765840055590e-04
-1.597860460903545736e-04
-1.508651479337724094e-04
-1.707451020417156864e-04
-1.809442186452808027e-04
-2.010142207661065508e-04
-2.236720706086475460e-04
1.007274612851087700e-04
7.807519937801546774e-05
6.393987350231930327e-05
5.762221331411413274e-05
4.379794190238192391e-05
7.677238483104183251e-05
-1.804207764559336035e-04
-1.473089561715602977e-04
-1.531170573297429270e-04
-2.613851158331960542e-04
-2.661339830819058603e-04
-2.733225677878122601e-04
-4.620293047491002268e-04
-4.675878130149554285e-04
-4.670300080391797336e-04
-2.716321591072242531e-04
-2.716904240145566972e-04
-2.675916476939878188e-04
-2.245531035072389158e-04
-2.226056241263708521e-04
-2.446985099125150516e-04
-3.033191316128781758e-04
-3.254171687770131900e-04
-3.382647425588772468e-04
-4.650892742104325368e-04
-4.765826758649752311e-04
-4.847339955758794361e-04
-6.387307231320001402e-05
-7.320382475336337951e-05
1.629622964857522930e-05
-8.973226841953838733e-05
-1.008980700574772706e-06
-4.772368758897412391e-05
-2.441812285950030600e-05
-7.108397896847802968e-05
-1.087742515862039902e-04
3.829554277724471121e-05
7.348185848392866292e-07
2.447239889122898603e-05
3.465184779846522433e-05
5.808737400045971299e-05
8.555174264836764198e-05
3.536153884895498777e-05
6.288077549323147397e-05
2.518361246491072989e-05
2.587286706675647309e-06
-3.506072722796128773e-05
-9.571509316200292041e-06
-1.429157102988265612e-04
-1.172511854643094301e-04
-1.066657039875013870e-04
6.700006471098410494e-05
7.750743150684627470e-05
8.202760247778020887e-05
-1.566610788533313316e-04
-1.520427042824787638e-04
-1.424445210076719624e-04
-1.376305706534661265e-05
-4.433880495451400896e-06
-1.757974169467693714e-05
-1.349005462188124758e-04
-1.480067388971254840e-04
-1.551473468779999943e-04
-8.494415160984850077e-05
-9.216866593392977433e-05
-9.813275460538261707e-05
-8.972071365038344578e-05
-9.553590712521963890e-05
-8.463769305214367887e-05
-4.633199066614061227e-04
-4.509308488731839787e-04
-4.421382163436400657e-04
-1.344992196808532728e-03
-1.327299030848710622e-03
-1.310265937860675967e-03
-5.660549340554761654e-04
-5.582651012051785240e-04
-5.497264094564890610e-04
-6.704245116967642555e-04
-6.614960614505982148e-04
-6.417914547082149371e-04
-3.326415783639824139e-04
-3.144723150935137203e-04
-3.159870001432095498e-04
-5.766349632348977908e-04
-5.762175031882320374e-04
-5.881341375534842588e-04
-1.181848791340190199e-05
-2.565204607168683460e-05
-3.351026079126623661e-05
-9.426530135175684145e-05
-1.024681636316048840e-04
-9.086615560930722587e-05
-2.334423273985552529e-04
-2.217336247338032090e-04
-2.131918979596142166e-04
-2.914841849485462271e-04
-2.830291584852878445e-04
-2.789835348403933908e-04
-2.309195940635893935e-04
-2.267805762267592813e-04
-2.201561789370707787e-04
-1.286569536342206861e-04
-1.220034816179059066e-04
-1.297241589485997860e-04
-1.971415100961558141e-04
-2.047032514087254707e-04
-2.144771586232651847e-04
-2.961405017844731514e-04
-3.056126022771765097e-04
-3.112579281015835468e-04
-2.617939624530096158e-04
-2.678381853776566450e-04
-2.158130678293351411e-04
-1.723637389524422352e-04
-1.204590239507202386e-04
-1.231135263855576449e-04
-2.248426745096783626e-05
-2.517017291886805824e-05
-2.896129395981298965e-05
-1.138144743656813434e-05
-1.476283020042794031e-05
-1.118204935988167644e-05
3.405759392603320795e-05
3.728482143419107079e-05
4.480430459671434686e-05
2.061158621149381280e-05
2.822578779023852871e-05
1.467035771546748362e-05
-1.281794631008732624e-04
-1.417994891273430280e-04
-1.539691906625737037e-04
-6.703876270713421620e-05
-7.923291145994854827e-05
-8.885176865654469819e-05
-3.057072203344066499e-04
-3.148170515363145003e-04
-2.873175546244234688e-04
-4.619717226763296256e-04
-4.348630319998116143e-04
-4.367050193160773976e-04
-3.803903238565177567e-04
-3.824832443989814980e-04
-4.281366325467817402e-04
-3.281412706620992882e-04
-3.733430255688719368e-04
-3.903425738666116852e-04
6.609075557021496807e-05
4.884760821155235857e-05
8.727983183495926058e-05
6.830973981563896627e-05
1.069028130340226213e-04
9.353620476896027216e-05
-6.211562324745354855e-05
-7.593168196625923625e-05
-7.538381409071825165e-05
9.864785603122869619e-05
9.921065417179398519e-05
1.014916762286709000e-04
-3.833051972728661913e-05
-3.588954301821949589e-05
-2.674168388737215474e-05
-8.145954949586602556e-05
-7.225316256197019294e-05
-6.506846480098914124e-05
-2.134824393401466198e-04
-2.046713613255823753e-04
-1.951424377072004911e-04
-1.409748635071272752e-04
-1.323992358553557035e-04
-1.058181570118339363e-04
-3.622386169187126990e-04
-3.334736157415480644e-04
-2.935502390664151084e-04
-1.966478940306277577e-04
-1.574361351139923703e-04
-1.204399537815895862e-04
-5.980373654801479297e-04
-5.583582184332606382e-04
-5.627284828974589686e-04
-3.723633213955161161e-04
-3.766497668279990534e-04
-4.213893087468578193e-04
-5.607121986622959180e-05
-1.060011098049118167e-04
-4.317404756433120732e-05
-7.836305292276943323e-06
5.473304252960928913e-05
1.604568493637381524e-04
7.932348006294318672e-05
1.851639350495426386e-04
1.102676016651214720e-05
-2.842156788416817488e-05
-2.022913658767926538e-04
-4.250158090144395828e-04
-1.477852174323040092e-04
-3.706162679009139538e-04
-1.786822273300731360e-04
-2.937382087111473083e-04
-1.001935912666613042e-04
5.544664672661595625e-06
1.543792075032798653e-05
1.192422126038857034e-04
2.926231179842115324e-05
1.576058341740556291e-04
6.772622516834498328e-05
7.293855523351954677e-05
1.068913371254628984e-04
1.119793865586295948e-04
1.202828520560005553e-04
7.930328646801786878e-05
8.750996717720496134e-05
8.559332036672096357e-05
1.755302386824341364e-04
1.735082505576119910e-04
1.769951855284652260e-04
1.635455691968363862e-04
1.670445386015834805e-04
1.517419506234098472e-04
-2.372656158068658266e-04
-2.513402222285996876e-04
-2.503562750025432253e-04
-1.765414279981534682e-04
-1.762437490942667865e-04
-1.744296257084802066e-04
-2.211335845022242212e-04
-2.195983340198740636e-04
-2.182675524246518019e-04
1.574200962794843788e-04
1.585112878664291945e-04
1.556591983184643473e-04
1.006964813704032001e-04
9.790576452491399004e-05
9.574210253068745095e-05
9.893516700816866113e-05
9.705157845038488466e-05
1.024852127689738319e-04
2.423516980362623889e-05
2.975923699940187192e-05
3.662881009699475048e-05
-2.220569593684184099e-05
-1.542926964862573864e-05
-2.993044137099344399e-05
-1.474395443317510557e-04
-1.622684542888920393e-04
-1.720023668665269958e-04
-2.170906121244798985e-04
-2.260220156811008799e-04
-2.319721875905274430e-04
-6.995487854032019252e-05
-7.649172546409359363e-05
-6.991188530420920253e-05
-1.037954549032478609e-04
-9.744073287194630504e-05
-8.003728860027673961e-05
-2.443748551847603023e-04
-2.269450137388664794e-04
-2.093280015295727184e-04
-6.628313846855941535e-05
-4.857750509552490026e-05
-3.095919533840308584e-05
-7.980789423607122213e-05
-6.102674093305061258e-05
-1.392209705414326065e-04
7.572367461656292283e-05
-3.586715993665265390e-06
-5.364026085871481837e-05
-4.279843450972885960e-04
-4.766908482734786862e-04
-5.047577880997198077e-04
-2.877143842378200589e-08
-2.946078277649233986e-05
5.672592292408815649e-05
-9.301274369694168616e-05
-6.762096880847745864e-06
6.345313366275609230e-05
1.558675465742999974e-04
2.252879224042999813e-04
2.048617908023999930e-04
1.679046784202228556e-04
1.478942622945880444e-04
1.280846192067076254e-04
6.281180055725890405e-05
4.325655405140079444e-05
4.115508973512392154e-05
1.047797888141178328e-04
1.030397504163679074e-04
7.760793451035819359e-05
-1.452674298835213889e-04
-1.709214171552801936e-04
-1.185937135018801179e-04
-2.562965433737034410e-04
-2.042911064349507775e-04
-1.796933567876433501e-04
-8.194835297804529332e-05
-5.683179844901613091e-05
-3.312319153559465041e-05
-1.123386529999291072e-04
-8.820320930902917017e-05
-1.120269548701278333e-04
-4.595026825194317927e-05
-7.077562213821033277e-05
-9.969358246460078470e-05
-1.803445297846726541e-04
-2.093074846329492163e-04
-2.249925247878989854e-04
-1.547124821940761637e-04
-1.698790085056087651e-04
-8.769291288884546298e-05
-3.619832070098480859e-04
-2.796575003183838322e-04
-2.948688404227754224e-04
-1.962169930219110443e-04
-2.118003091833701480e-04
-2.219801342922349242e-04
-2.644204129989406217e-04
-2.749413350007583168e-04
-2.729741351146517184e-04
-3.477916568859566715e-04
-3.452938359629629042e-04
-3.496413181927381444e-04
-2.137185325779286736e-04
-2.182837696671812225e-04
-2.215772923588961896e-04
-3.506612328272639204e-04
-3.530555053655267295e-04
-3.384273018411536110e-04
1.759132088411855910e-04
1.892537570427461847e-04
2.052293489111211016e-04
9.853247181017057445e-05
1.149185404653284563e-04
1.304306434000893468e-04
1.070789871743503823e-04
1.222425135317309732e-04
1.306897291146714383e-04
-6.026252355296351539e-04
-5.448714970548791843e-04
-5.246397187615768707e-04
-2.691355135135033573e-05
-9.997921707949146680e-06
-2.315470084609367284e-05
-3.850270724537805766e-04
-3.983090999262956563e-04
-3.927894351587102231e-04
-3.324363631854382935e-04
-3.263301980264887627e-04
-2.926652562797585951e-04
-2.121105564807013362e-04
-1.786085961845288773e-04
-1.918960384896574998e-04
-8.033674778347413736e-05
-9.431331058615730046e-05
-1.604760025651679129e-04
-5.785239824431567248e-04
-6.425454183039740414e-04
-6.633346572952104631e-04
-5.774388690037206501e-04
-5.974926541993154112e-04
-5.668844713046664388e-04
-2.116574112759662962e-04
-1.839937211162859048e-04
-1.351598183308945413e-04
-2.276975463293009843e-04
-1.786167557501451488e-04
-1.814261906652538158e-04
5.259570037841485783e-05
4.984368004483971226e-05
3.951395574222640807e-05
-1.417839796154586650e-04
-1.521124597293199438e-04
-2.183947245366951902e-04
-4.740770437092198318e-05
-1.140025297654873347e-04
-1.410783407350181019e-04
-3.730293129347345311e-04
-3.983861207102535641e-04
-4.183556851702664183e-04
-2.942524116092471755e-04
-3.155535927279774235e-04
-2.295003482713795580e-04
-1.584824752998460220e-04
-7.295730529497036114e-05
-6.591947186410726663e-05
-7.741775835076936856e-05
-7.043040551383347866e-05
-4.352020225245037312e-05
-1.220586798912689244e-04
-9.512276339567729468e-05
-8.675193111360755892e-05
-9.315987010243811841e-05
-8.468849863805559606e-05
-5.303681190998524590e-05
5.483631958537983566e-05
8.640346696193098859e-05
1.123485859016899735e-04
-3.658387813193023368e-05
-1.063451003292456565e-05
-3.640332213901943605e-05
-3.837516072681054768e-05
-6.419224153571791093e-05
-6.633820805856033070e-05
-5.235163915270037095e-05
-5.356089889229281647e-05
-3.749591195993654176e-05
5.557752672192634242e-05
7.079191055343888954e-05
9.837047477026026449e-05
9.796485465447820977e-05
1.254324023100223740e-04
2.764864722611092560e-05
7.389042806584875784e-05
-2.376861710455558665e-05
-5.730078731856327380e-05
-4.273264392633281119e-05
-7.626164182282071436e-05
-6.604415067620132674e-05
-1.510322635453848156e-04
-1.407336745751977395e-04
-1.119778283302373027e-04
-2.395594561813354920e-04
-2.103389236273876166e-04
-2.400404126792647966e-04
-2.358155436942985987e-04
-2.643559063262739309e-04
-2.583932133483806196e-04
-3.052526961955675014e-04
-3.002661456911930385e-04
-2.327324026753439497e-04
4.735289747718596893e-05
1.139238239358865727e-04
2.043412003528456158e-04
8.436954065667193019e-06
9.907734222147976519e-05
9.133032394227752460e-05
7.553228517432128549e-05
6.758076883041480554e-05
-6.038770831711755456e-05
9.647586661511281503e-05
-3.135835456252263249e-05
-2.317392287597082367e-05
-5.622698105927721919e-05
-4.778030930839501133e-05
-5.132303973370322175e-05
-2.666160996007548999e-04
-2.701937837264416610e-04
-2.377412235653863094e-04
-1.115304102859375734e-04
-7.906711081144370055e-05
-4.919987479949614897e-05
3.503939686940081501e-05
6.496717612465598688e-05
5.368752793610790546e-05
-2.773028466178349151e-05
-3.941409774388423388e-05
-4.925517554561396286e-05
3.835599384938129957e-05
2.875107907989273622e-05
4.553073717845486867e-05
-3.395374937149484799e-05
-1.735105711402488483e-05
-2.345322260690217079e-05
3.373357226239400374e-05
2.852130004147703586e-05
1.456433889070613821e-05
-2.669913983164478102e-04
-2.801614209954990582e-04
-2.297609826634321476e-04
-7.270007703373120586e-05
-2.353573658882268920e-05
-1.571384727897765388e-05
4.184398126409760461e-05
4.967090553661165486e-05
2.326302579243525576e-05
-5.305502218137206783e-05
-7.941013668093040872e-05
-6.795779037658674303e-05
-2.120714693225130725e-05
-1.014348228365732018e-05
3.469361423162392512e-05
-6.265364637967748228e-05
-1.770220091453173026e-05
-3.324392411010475669e-05
1.004472435463371052e-04
8.443505693143097844e-05
4.016022081394511308e-05
4.428205910520492282e-05
-1.172360590827618496e-08
2.602231499720123126e-06
-3.746961942034942065e-05
-3.481033509878465860e-05
-2.829030174224633049e-05
-7.711305825786689250e-05
-7.014988997879433703e-05
-9.330543700725993025e-05
-7.508127211521375250e-05
-9.865227632344921935e-05
-8.379391551763701817e-05
-1.317815157783146750e-04
-1.171553744357167520e-04
-6.660294793011428314e-05
-1.598776147589175739e-04
-1.092189883759784837e-04
-1.644792162070328359e-04
-9.620911050053121047e-05
-1.515796709528470401e-04
-1.647637870468654324e-04
-1.472433748377764587e-04
-1.601104629066296507e-04
-4.579693757078589405e-05
-1.762172502771475007e-04
-6.193559363565386737e-05
-9.224297196616391471e-05
-8.538454983464421237e-05
-1.149115962629483156e-04
-1.037171706959762304e-04
-3.771505385649363330e-05
-2.729723490142903024e-05
-1.391712365696195792e-05
-2.351076938614406317e-04
-2.214987974057531757e-04
-2.086281447095399057e-04
-2.351449432226455612e-04
-2.220998712705050861e-04
-2.715824651445225384e-04
1.384163051721106017e-04
8.815691551128769857e-05
6.073546000913787146e-05
-6.647709081014250773e-05
-9.344892123556625585e-05
-7.986300578825247711e-05
-2.871143760933470468e-05
-1.533704880178046650e-05
1.503992015466354003e-05
-9.395609912946892208e-05
-6.376616593945511470e-05
-1.229754861370387943e-04
-1.481672160563219417e-04
-2.072438227870229157e-04
-2.309701920020766923e-04
7.687610110307973904e-05
5.304086901020255000e-05
3.468900867966947035e-05
3.999611019395288140e-05
2.157274175198760705e-05
1.210599063891846486e-06
-3.145020305971055023e-04
-3.346714040641711007e-04
-3.296416792780839061e-04
-1.449327066917941820e-04
-1.399702408578924989e-04
-1.207888837197609530e-04
-1.366409081727944469e-04
-1.174137707093544588e-04
-1.324023022699804728e-04
1.381708962320187342e-04
1.951696951230982163e-04
1.835086269496394263e-04
4.444621042907180575e-05
3.285312880355994569e-05
1.124769575899344019e-04
-3.313491731356699600e-05
4.629484713132195990e-05
1.120005417602779811e-04
7.024191538857930224e-05
1.357903329177471345e-04
-4.949776978049527784e-05
2.130347220214726871e-04
2.754653048884023051e-05
-5.001648329416535205e-05
7.305107444486506982e-06
-7.020479184793553657e-05
-7.054101922268293540e-05
-3.697354346731922931e-05
-3.730351351851843040e-05
2.125897886673320776e-04
-8.113961564095936458e-05
1.687512418231327778e-04
-1.075721825538427084e-05
3.415198740059842116e-04
1.622497015393316701e-04
1.050662991884166765e-04
1.430497590678721622e-04
8.563936139130987404e-05
4.380365217643538821e-05
1.163584388000913142e-05
-3.022870723084797751e-05
-7.064265746083842187e-06
-4.743815142588009726e-05
-2.433944094220249501e-05
-8.566940725397362288e-05
-4.411396578645406809e-05
-1.052647398141030866e-04
-3.445473527144502640e-06
-1.087349932462726432e-04
-6.774748004581641198e-06
1.385417298539759218e-05
5.789884920623291492e-06
2.612820416349203884e-05
6.140965233557803271e-05
-3.190720572941718996e-05
3.634183304393120983e-06
7.834342789682016825e-05
6.760507203639430640e-05
1.425503923495711491e-04
2.136180231753674955e-05
2.834211584957704996e-05
-9.256841618627371579e-05
-8.249522650036824082e-05
6.811161987423835010e-05
7.751115774847703839e-05
1.624312257849853166e-04
1.227924369853126670e-05
9.743145843867768129e-05
6.757739528220560194e-05
-1.668832805567489969e-03
-1.669062749090153425e-03
-1.670878016348047905e-03
-1.746933377147797143e-04
-2.041846597148615650e-04
-1.958194742427309858e-04
9.294007070823127707e-05
9.881121798128728994e-05
1.153945676173656534e-04
1.000544463069075836e-04
1.164049216435863923e-04
1.101407863260092960e-04
1.105351010460048269e-04
1.043065015054154025e-04
1.324943014486813200e-04
4.271125869372296123e-04
6.049774171808921857e-04
9.954757938403239938e-04
6.283023474063911601e-04
1.018854886294302950e-03
5.699868308778788424e-04
9.555001838607317301e-04
5.066249980058457232e-04
5.753940835176125446e-04
3.237738676302071190e-04
3.933643359970391074e-04
3.453263419014259740e-04
5.032959646824837008e-04
4.556552669764354392e-04
8.486886168801433244e-05
5.540245113461136385e-04
1.826743939655760566e-04
2.075374455746974069e-04
7.254621106844607974e-06
3.191608503430739228e-05
6.124940815171835140e-05
-1.536538960787688177e-04
-1.230272860473519830e-04
-7.048389928783482805e-05
7.526700615673002914e-05
1.261766784973888944e-04
1.380812885343330040e-04
1.401792007182239841e-04
1.518099437105702295e-04
1.486381069744798747e-04
6.445863830030430699e-05
6.159876552287968073e-05
1.699060069491496391e-05
3.304692790598470179e-04
2.856668898193292887e-04
2.386131372693384069e-04
2.939255382688843281e-04
2.468462034519219774e-04
1.744575040618190180e-04
9.516997576406393232e-05
2.355225139467507708e-05
-2.853062060208336756e-05
1.307711342519611228e-05
-3.873334671848730490e-05
-5.020302465112813748e-05
1.000596920679016288e-04
8.738163764661244118e-05
1.041399742828349106e-04
-5.862233004736984139e-06
1.146068883851566241e-05
2.013558929751796530e-05
-1.018649412433018453e-04
-9.368387457948939992e-05
-8.044181834925467813e-05
-7.516321551089005662e-05
-6.184362667631859625e-05
-1.129469733162598636e-04
1.031502838986565231e-06
-5.020834076579678315e-05
-1.154563846410725468e-04
-1.203004635347800280e-04
-1.854673368269119614e-04
-2.056330188166733590e-04
-3.598473760015407741e-05
-5.515087763670941268e-05
-6.222829336128662590e-05
-5.868024094853659545e-05
-6.675120323724578384e-05
-5.182434815620678287e-05
-1.669964223105041242e-04
-1.516693313530241213e-04
-1.711950909594426586e-04
-9.820448885844695192e-05
-1.178903340842927530e-04
-1.430064470525227601e-04
-1.056181364475170805e-04
-1.307328669838003928e-04
3.878532482313480894e-05
-3.303621664428480083e-04
-1.610535076632860609e-04
-2.671765302924996818e-04
1.051928590005498819e-04
-8.183903677946532430e-07
-9.690759292467943271e-05
-1.696532647242756731e-05
-1.134983915476079925e-04
-4.795049397528721542e-05
-1.753957633268039568e-04
-1.098464978744517133e-04
-6.057700531099353362e-05
6.858489934217566102e-05
1.179166231711079515e-04
1.049915760396054722e-04
1.461630329547134377e-04
1.331189220528124608e-04
1.003487022945645122e-04
-9.025417359764624763e-05
-1.227605307530158342e-04
-1.459038227002367274e-04
-1.205645012259029926e-04
-1.439034582252845065e-04
-1.175851113556508490e-04
-3.168661256457909838e-04
-2.900698938800577590e-04
-2.359106524586286114e-04
3.381845827903919542e-06
5.715121233653466240e-05
8.253440173032727378e-05
1.018239695490729345e-04
1.270550623248986556e-04
9.461896984452384434e-05
8.030538301139172452e-05
4.794643023364248595e-05
6.780762512589828079e-05
-7.333966500278559604e-05
-5.288073564060940439e-05
-5.234356162223222390e-05
2.250621289750793629e-06
2.206824644550655929e-06
8.289069010164419257e-07
3.719156425826994046e-05
3.598246328330001031e-05
7.063272120431737387e-05
-5.124397214239129628e-05
-1.678350029978229320e-05
-2.289974380391800591e-05
-3.029332377481533801e-05
-3.636483469153905103e-05
-2.167390873930241592e-05
-1.368718572716709394e-04
-1.219945212853589249e-04
-1.169668068660458784e-04
1.603451576754934000e-04
1.649542207696439464e-04
1.177546914405263874e-04
4.046643686663522208e-06
-4.297877925270424159e-05
-5.532320051923492275e-05
-1.318939935444779781e-04
-1.441482365923384698e-04
-1.372082830640213513e-04
1.071350359264378873e-04
1.138715682317776657e-04
2.299370214683610423e-04
-1.160932029604035847e-05
1.047782250322076901e-04
4.460164211259984193e-05
9.221999494970323881e-05
3.160675270983778653e-05
3.503047384364901904e-05
8.193878613447599826e-05
8.538947196720539454e-05
1.264471868021686948e-04
4.994323291393368367e-05
9.094554860762259132e-05
8.068203438617652101e-05
6.821477308089783555e-05
5.830251298923408432e-05
2.973978062099707706e-06
4.002717010755454941e-05
-1.505252706917475404e-05
-7.428033308688405684e-06
9.621112572861362754e-05
1.034022197978535259e-04
1.694655384202974329e-04
3.251877843066692001e-05
9.848221270698331690e-05
5.615722022523982971e-05
5.569907444112230308e-06
-3.638616488276170046e-05
-2.628654707880162490e-05
5.074235215241746592e-06
1.550202781143195140e-05
8.966128627943423463e-05
3.126968279755271184e-05
1.048972433869409270e-04
5.661789143838644959e-05
4.689902949022025595e-06
-4.349491975820898079e-05
-3.202615459703057107e-04
-1.608969778529488947e-04
-4.372435775838940438e-04
-4.403405473567545414e-04
-3.725617404814957675e-04
-3.760954423341900110e-04
-4.326867222894086734e-05
-2.264222130179405212e-04
1.065746544244130026e-04
-1.006760667530264019e-04
1.039831474971388350e-04
-1.037494458011727094e-04
8.212342115933003945e-06
-1.164425430340136646e-04
-4.531919650850889164e-06
-4.514481863868933511e-06
-3.318617258194145802e-04
-3.317255153003386943e-04
-2.808461869461546974e-04
-1.225912977158329900e-04
-7.166423907969997689e-05
-5.129162522521060101e-05
-6.655654593837366864e-05
-4.620005560595732324e-05
-1.302778788195105579e-04
-7.670738918263655297e-05
-1.609043925819101121e-04
-2.180850201818593812e-04
1.260746988882196758e-04
6.892471034578373317e-05
5.454781069539905427e-05
4.862785905632516031e-05
3.451768146016121743e-05
1.119053772457416507e-04
-1.856354791659074938e-04
-1.081171508373220114e-04
-1.078526585588315964e-04
-2.217962760438670067e-04
-2.204948142862031698e-04
-1.697336653237318540e-04
-3.980325165430167881e-04
-3.455443171774124646e-04
-2.898865183515725980e-04
-1.838405829844152474e-04
-1.288948966821907411e-04
-5.491551416703902185e-05
-5.207207656263097622e-05
1.977108479699648917e-05
-5.888640204908832197e-05
-7.590237362088106572e-05
-1.545632365112988580e-04
-1.715165533598456593e-04
-2.875836032861708033e-04
-3.031769272413048955e-04
-3.819885948077177715e-04
1.156227110412027625e-04
3.564673018545302637e-05
7.430632214859052157e-05
1.602312325403484590e-05
5.391028500493540024e-05
1.150581767200603198e-04
2.301601600233389592e-05
8.416856433033189288e-05
1.232369961517903252e-04
1.969257456716260921e-04
2.361412027685943289e-04
2.664132217281847616e-04
2.697199145050759657e-04
2.996895301143057068e-04
2.902016571916912801e-04
2.802461995846941491e-04
2.708177930636604435e-04
3.111116964028480232e-04
2.010076936877605623e-04
2.413996769355873347e-04
2.833600870461324252e-04
1.473390800420458198e-04
1.894554139242628612e-04
1.897631501771052543e-04
3.667454862396353878e-04
3.669385461245206360e-04
3.303220557344896413e-04
1.459850519887645904e-04
1.095686140533355690e-04
9.788435780784001099e-05
2.359962938416568256e-04
2.239349974725942825e-04
2.168576854725280103e-04
8.798774578017999875e-05
8.095560292498257728e-05
1.213589462862387251e-05
1.426009791881689128e-04
7.366971590966954779e-05
-1.851010911441461739e-05
2.302009791107013817e-04
1.384217610368965417e-04
1.021931365129994339e-04
-4.040219502737285345e-04
-4.390150880909068128e-04
-4.316342513049288196e-04
-1.393952918192605450e-03
-1.377750943225835179e-03
-1.272917711896105362e-03
-5.705849600928171624e-04
-4.747907964263396448e-04
-3.857855265769911924e-04
-5.573386310350435507e-04
-4.679777123775137582e-04
-3.538053351814576808e-04
-1.282384549077404657e-04
-1.566352875779358778e-05
-1.392175327076112233e-04
-2.877511651615330401e-04
-4.093130119165872536e-04
-4.752965770091021713e-04
1.538230862913186349e-04
8.581405467008256351e-05
8.759166490246482820e-05
2.119215690650993024e-05
2.266902270686753720e-05
5.580614010740981906e-05
-1.097720032189326671e-04
-7.649934927995337636e-05
-1.387336910589801560e-04
-1.341505158512575784e-04
-1.964997013452666292e-04
-6.072648499713103947e-05
-1.389782505463080893e-04
-3.080324284665395592e-06
-3.716770126460287003e-06
9.111474685750145736e-05
9.046924972443452177e-05
1.333976025173066061e-04
3.012297409610655875e-06
4.611093671448508909e-05
7.436526547952867052e-05
-3.292295961253364871e-05
-4.341270962512726577e-06
1.603818608387867772e-05
3.930219290613508722e-05
5.924535443014959657e-05
8.566764432345764374e-06
1.586924737127081569e-04
1.078883879979748890e-04
1.110731834859385184e-04
2.001770127260734007e-04
2.033756325335039786e-04
3.333928174127640583e-04
2.145376063498466305e-04
3.449345671127366283e-04
4.071177846403325508e-04
3.971930558348821857e-04
4.589795299456919143e-04
2.309045041120276042e-04
4.422545917681882689e-04
2.143555131415501424e-04
2.569127547007748927e-04
6.263410175690801822e-05
1.051418377005258645e-04
-4.684624929096495131e-05
1.767820223153332318e-04
2.468953988399411222e-05
-3.227291302577501219e-05
-2.200133129127690695e-04
-2.765163909626091091e-04
-2.115284744794121386e-04
-4.099423778225565521e-04
-3.452565008918395640e-04
-2.187607727012846025e-04
-2.849215828026285769e-04
-1.587042618542227300e-04
-2.118756644908315404e-04
-1.194102490320119413e-04
-1.720837433371669514e-04
-1.181662880500018264e-04
2.848156830164627271e-04
3.384431550129145716e-04
4.397301566770566838e-04
3.541241387919351791e-04
4.556033639802864032e-04
6.023691670198655541e-04
2.813303184213383334e-04
4.276296161625264998e-04
5.975174850546614673e-04
5.259161041028497918e-04
5.317358842042258730e-04
5.935867319387096250e-04
4.075967113642937293e-04
4.695057303799028778e-04
3.826218856780723128e-04
4.084335395056466842e-04
3.216546141126126442e-04
2.817546456323329149e-04
1.622643725064516458e-04
1.240727406663212715e-04
2.638887225012631274e-05
2.147103341964397370e-04
1.160101600206956372e-04
4.453693429623219917e-05
-1.174578866240069165e-04
-1.866778355868491178e-04
-2.421683644730183516e-04
-6.246484088096346905e-05
-1.187470230593863163e-04
-6.243177854597687249e-05
-5.323289557214412127e-04
-4.732409019689273787e-04
-5.078252765557462372e-04
-2.716357580120873404e-04
-3.067715337707394756e-04
-2.957336295978071124e-04
-6.486622125163117765e-06
-8.382309460062097040e-08
7.333238337767916670e-06
9.649333836278897215e-05
1.036873334866218743e-04
1.113131250249582509e-04
1.266366642281614718e-04
1.343662982335674743e-04
1.701095800972131518e-04
-8.323492212273299893e-05
-4.725643765325122795e-05
-1.147217935479642389e-05
1.337702752878493348e-05
4.910249608971713545e-05
1.337272890472522135e-04
7.770044376545189382e-05
1.641757164710870142e-04
2.391181170797697852e-04
3.193077329873776193e-04
3.919971624246589492e-04
1.949355497870591163e-04
4.303435836310289453e-04
2.334970919562500595e-04
2.226496304554528740e-04
2.714134022042152166e-04
2.604316992854363469e-04
2.235598892866999619e-04
2.375400232320315388e-04
2.005062067610577457e-04
3.078912761320474816e-04
2.851901133681547604e-04
3.924894974243010653e-04
2.541866611582074419e-04
3.811904154626767410e-04
2.429126448705639795e-04
2.202404436732953875e-04
-1.658267632874347165e-04
-1.873357680548602255e-04
-1.686089462136304475e-04
-9.556717056936263159e-05
-7.751552849089861884e-05
-8.143808848066569437e-05
-1.261989317835694648e-04
-1.303076107691073524e-04
-6.375492611666855585e-05
2.361757458599252893e-04
3.024326155416230373e-04
3.178205140379045438e-04
2.436160988570219539e-04
2.591067229608793091e-04
1.915064390417898815e-04
2.771828573990401160e-04
2.096533830994519215e-04
3.091667715333525470e-04
1.156040712161700052e-04
2.153644929629873863e-04
2.133566464358782914e-04
1.705419601629611483e-04
1.684653849402284768e-04
1.741988372918882493e-04
3.792307836151035099e-05
4.332723542346740998e-05
4.014886254491309382e-05
-3.423033242606269948e-06
-5.820608557667334305e-06
8.324857464152887309e-06
1.504507501614282534e-04
1.639082743908274321e-04
1.483465549127239991e-04
1.234278584719631223e-04
1.077721336214844394e-04
2.027368702486869877e-04
2.913298104131635535e-04
3.864998891161535864e-04
3.798720135690330612e-04
2.152338804238256996e-04
2.085225714707433331e-04
2.352126411567747504e-04
1.817670708859025585e-04
2.095832550837963730e-04
2.291883700768266750e-04
3.538172840779021293e-04
3.722850650324289632e-04
3.516521910705034271e-04
-5.227547276217593426e-05
-7.150741929315136518e-05
-1.082763144926198037e-04
3.916481519035425619e-04
3.534800973308242647e-04
4.057594202918640312e-04
3.059362981754325120e-04
3.581976640730804738e-04
3.850997035811426408e-04
5.139502615662000116e-04
5.401617399371000296e-04
4.414252272073000216e-04
4.822207683360440946e-04
3.839012662029645884e-04
3.398235043208123270e-04
2.921657088409930015e-04
2.483391493954704228e-04
2.162656160649138086e-04
3.352456173091203991e-04
3.029476425140390687e-04
3.049720506605682223e-04
2.787591033803695374e-05
3.020888820900481924e-05
5.273455677680063567e-05
-4.014624587581592813e-05
-1.785535790831458249e-05
-6.634604620793039045e-06
9.669600909701872192e-05
1.084118767482702191e-04
9.056545971032273082e-05
2.574215529761356668e-05
8.453891520165317339e-06
1.954784033182400396e-05
7.936243494112085609e-05
8.932418654035168817e-05
1.342263707813286938e-04
-1.410942050364695478e-04
-1.566257713061695671e-04
-1.800344365655295268e-04
-1.101820823901271200e-04
-1.331461575354300157e-04
-2.480105127499030349e-04
-3.150112501351944819e-04
-4.296358770981953856e-04
-5.023587666312754468e-04
-3.571217917662636754e-04
-4.302242825599909685e-04
-4.480430992432347980e-04
-4.772812182875872515e-04
-4.954640656821839061e-04
-2.956583066908278113e-04
-5.711035240553728786e-04
-3.708045133454360609e-04
-3.713448624118832948e-04
-2.428766184085615521e-04
-2.435587904408244493e-04
-1.865093655880751796e-04
-3.692706324152318837e-04
-3.113738495387348123e-04
-3.687306444940673285e-04
2.200884444817223810e-04
1.614558394625732849e-04
1.523271922022696235e-04
6.328488312777561940e-05
5.451844031346362316e-05
4.258530546304546910e-05
4.876366715767752611e-05
3.652517491810732203e-05
2.704108302425790671e-05
-5.352176972073618803e-04
-5.412806483829373959e-04
-4.765875044900654955e-04
1.227579306289751176e-05
7.380238199441589882e-05
8.785694966124952101e-05
-3.042159358661352796e-04
-2.903071056303137515e-04
-2.475154517996135811e-04
-2.125964149550104115e-04
-1.692737035299662213e-04
-1.435099390822895758e-04
-5.586894013313685459e-05
-3.019388416069233340e-05
1.452332350830332639e-05
5.387116223355150300e-05
9.787972073475615384e-05
1.444592670168115957e-04
-3.627704399411122381e-04
-3.142801689819113152e-04
-3.057339028369588209e-04
-3.038141987190262215e-04
-2.942013936031562639e-04
-2.682025537611990506e-04
1.222553572237538742e-04
1.452140982476920550e-04
1.685760960950021610e-04
9.210627244132763795e-05
1.156364031171862945e-04
1.673357493747882523e-04
3.455583153677609727e-04
3.975035962686799445e-04
4.498088539732859664e-04
2.266888206397108712e-04
2.788401118052431576e-04
3.521995426451638095e-04
3.700749304882490270e-04
4.431809688282981269e-04
4.594139889164867725e-04
1.941246777603253476e-04
2.120874694597947325e-04
2.281175238940229017e-04
-1.366771562173470884e-04
-1.853678649170581428e-04
-2.541199141270076753e-04
-3.404027201424131071e-05
-1.033321536234175819e-04
-3.994305894932818684e-05
-1.121811732737874645e-04
-4.881758810709339652e-05
-2.686233486812612250e-05
-9.510533869954866442e-05
-7.315405813343873456e-05
-1.883485260408768939e-05
-7.563959801401993468e-05
-2.124054612581084060e-05
7.937364408696701620e-06
1.213402688830306144e-04
1.504845717693182434e-04
1.297510636368639516e-04
2.933589754434924373e-05
8.575817614687954085e-06
1.419989436390431035e-05
-2.020193352560850511e-05
-1.460901242689608228e-05
1.324335696138787943e-05
-1.045461525218008649e-05
1.830560447145599800e-05
5.353113024367326788e-05
1.337825460448895760e-04
1.681967588873797088e-04
1.741465935676256836e-04
2.002844741136052637e-04
2.061160017230446160e-04
1.025509822364805996e-04
1.589749559254283726e-04
5.555624867052797074e-05
2.309618925533615829e-05
2.239960795928750033e-05
-1.013245433245427130e-05
-2.460410158298189124e-05
-8.583241956916279314e-05
-1.000795744234623977e-04
-1.813096608863055286e-05
-1.777912255251708098e-04
-9.541307375662803230e-05
-6.726587068827468048e-05
-1.256803589397001225e-04
-9.640613914074021469e-05
-5.405087403824893489e-05
-1.608376250935496677e-04
-1.193464527173188116e-04
-1.808866282615377672e-04
2.451613104344590966e-04
1.825154585433159851e-04
1.751128015844418892e-04
7.270181314856418299e-05
6.549992168813825039e-05
5.701818589119297064e-05
3.900102957643449691e-05
3.032282837199103630e-05
5.585382589576279896e-05
5.932699276132565535e-05
8.498539230292176980e-05
9.252129579944622052e-05
7.224131971103584546e-05
8.007591581953775418e-05
7.558039377032342750e-05
-1.375092392223506020e-04
-1.420187311101841609e-04
-1.312974601096361009e-04
5.833296948907096963e-07
1.128956856700786670e-05
2.250799461400720958e-05
1.276271249589622887e-04
1.388622566046437967e-04
4.613121446858363547e-05
5.541247973817053918e-05
-3.768177820198965870e-05
-7.682066085503311769e-05
3.821594756267236866e-05
-6.947901634207548274e-07
-1.726163224204796398e-05
-6.899891910829456464e-05
-8.575186563077735746e-05
-8.061037488705380264e-06
-4.379441576431858385e-05
3.496458116317643374e-05
6.170608805186779400e-05
-2.464688481729988617e-04
-2.191170194077145944e-04
-2.047489826621816996e-04
-6.982342422271956006e-06
6.183880748380577233e-06
3.181330482104378779e-05
6.421888318766341176e-05
8.986645349861639579e-05
6.702011431248598261e-05
-1.382649264203798930e-05
-3.667489820013083057e-05
-5.459463849631299029e-05
1.648757004791610403e-05
-1.728403586569919690e-06
-4.456284032502717124e-06
-4.244550640662361632e-05
-4.511347661756122743e-05
5.943960284038709088e-06
7.119969076447045173e-05
1.217501971471750006e-04
1.574352601432323540e-04
7.872516057190232126e-05
1.143987566587597216e-04
1.432042590877282339e-04
7.807199576693476086e-05
1.069179670721533615e-04
5.129416791603888916e-05
7.484634626417038025e-05
1.970651470472093271e-05
9.091454352957734769e-06
-1.921851380048435459e-06
-1.298169102076666623e-05
-2.317358662924586150e-05
-4.084657141495721608e-05
-5.128346306822119567e-05
-2.691494355971989303e-06
-9.148382737851558540e-05
-4.278632817703026262e-05
-3.123809229989065947e-05
-2.638707641425269571e-05
-1.492853854258074583e-05
6.245092041349577239e-06
-9.097818941217802186e-06
1.232796722978966170e-05
-1.713032717344151711e-05
-1.802348623096330232e-05
-4.750905092333244061e-05
-9.261628031855800706e-05
-6.557475891423212265e-05
-1.098711555929330881e-04
-1.382606107697710704e-04
-3.525027307806888181e-05
-6.440422767334434500e-05
-5.491226227553921003e-05
-2.638427660756633266e-04
-2.541338025179727851e-04
-2.416438495447609453e-04
-2.654647386220320045e-04
-2.528154421770695747e-04
-2.711045978497350346e-04
1.011883156433951230e-04
8.214992551136671194e-05
8.811737498757424617e-05
-8.313832375217319838e-05
-7.676468666619626021e-05
-7.004813230132998412e-05
5.510372291551854851e-06
1.208590404594002778e-05
1.438811682212917144e-05
-7.548824939413310473e-05
-7.339612261809589332e-05
-7.095051966394757843e-05
-1.607854667347687668e-04
-1.581937625517276487e-04
-1.575910641576784674e-04
1.308744891800778546e-04
1.313735124540825363e-04
1.283245193758935569e-04
1.171893459514093574e-04
1.140616270118349133e-04
1.161133028410551212e-04
-2.176493824821940722e-04
-2.154061961726109423e-04
-2.107061106480532316e-04
-2.700828316554528853e-05
-2.238360566570097481e-05
2.639573517200369864e-05
-1.810700150689715420e-05
3.071584955734033614e-05
6.740255336345086232e-05
1.219589628320263746e-04
1.588426268107528462e-04
2.036195579678285058e-04
-6.960934874853991119e-06
3.778146458738475396e-05
2.192202960005700885e-05
-1.447615101984710143e-05
-3.045476619289517106e-05
-6.703265446281533998e-05
-2.469425044444200409e-06
-3.924195973245900434e-05
-3.166558382182362453e-05
3.484349961349267203e-05
4.225832016126272305e-05
3.661241768505109134e-05
1.880258276977595910e-05
1.319928830135298553e-05
5.401497041135014127e-06
4.414096744376850906e-05
3.636590627513724668e-05
3.485034811769938731e-05
-7.240770351813255717e-06
-8.761887340868351227e-06
-1.042301435038033193e-05
1.586695971013358858e-04
1.571879243104201251e-04
1.635498470312824913e-04
1.458408355804574185e-04
1.520255305257535048e-04
2.810444625825917397e-04
7.987322035831422289e-05
2.088752721934875522e-04
3.554602212756343598e-04
1.858407254363706384e-04
3.323588812276192421e-04
2.961754452424409821e-04
3.202242865012430066e-04
2.842252814896690681e-04
3.082014146756245935e-04
2.869852850433724954e-04
3.111257384560867393e-04
3.294656964049896960e-04
3.146567461343347276e-04
3.326687184659055238e-04
3.692528932881935589e-04
2.694819451340696578e-04
3.063117853892429821e-04
3.094112381457806522e-04
3.708929086863457314e-04
3.742338650280133778e-04
3.186360004452176101e-04
2.692737090054423505e-04
2.140034516901828058e-04
2.369940137805409729e-04
3.625867425558276184e-04
3.848819850327439606e-04
3.872575725374713266e-04
3.308666435850776731e-04
3.334997854374319040e-04
3.238667363911510930e-04
-1.687999192700538175e-03
-1.667786088990455724e-03
-1.669434344372711793e-03
1.180157510243000016e-04
8.827362630981980263e-05
5.786325004366720676e-05
3.466476542176681608e-04
3.139048824267976975e-04
3.321154558841866436e-04
3.162603863928982115e-04
3.342320028503221454e-04
3.605314393126664123e-04
3.230084598806482734e-04
3.493312230631036124e-04
3.890678266564989978e-04
3.748139985901561937e-04
4.146551431425521666e-04
4.456352926887481277e-04
4.270575658687064940e-04
4.580222758328451578e-04
4.879774988921380032e-04
3.978049954263402884e-04
4.277764293191975344e-04
4.500881471360878910e-04
2.644968973299509276e-04
2.876666979321123923e-04
2.332831551480504763e-04
4.000593756248088445e-04
3.460300555612358343e-04
3.322748919699942006e-04
4.388478170308682215e-04
4.245536504995678796e-04
4.681902228157544012e-04
2.352298864380126132e-04
2.786554268795573587e-04
2.996440450288933265e-04
1.046832057881677026e-04
1.269513738435339677e-04
1.535564844907476561e-04
3.306671857927572476e-04
3.557181518935813563e-04
3.590955798079041930e-04
3.608772423994942562e-04
3.639749825031278821e-04
3.333876423860598036e-04
2.743882118754802438e-04
2.441025620649266668e-04
2.228622541375634191e-04
5.070669043200719782e-04
4.856537778474566457e-04
4.593441169002031527e-04
1.434240182940092799e-04
1.178526633177822075e-04
8.968223283332022334e-05
-1.177478749543428604e-04
-7.188022374103589436e-05
-6.044993002497214482e-05
-7.545286444875224014e-05
-6.378127087437171147e-05
-5.497739401458769299e-05
7.073512009746771648e-05
7.834819918219924711e-05
1.195939461730078680e-04
-3.289922446003250853e-06
3.834684905890681575e-05
7.144959599850571547e-05
-8.388282146475902964e-05
-5.112335420539730396e-05
-7.002792782250471084e-05
-2.030635587265842762e-05
-3.912568437035806148e-05
-2.734871004754854543e-05
1.433813949015312226e-05
2.595245250453995364e-05
4.543867371497749058e-05
-4.770369623834444387e-05
-2.812626362325550350e-05
2.913373305042112581e-05
1.367855130414113280e-04
1.950197167838814329e-04
2.272661108554948164e-04
1.762485464946257543e-04
2.075410916268501473e-04
2.223091195621378752e-04
9.491527770028002986e-05
1.101475990428440305e-04
8.351814111349272624e-05
1.862153784888647529e-04
1.593056652241303314e-04
1.862271878440882838e-04
1.560194207600234736e-04
1.829395463961195028e-04
2.302361780343855561e-04
-8.924661922173591794e-06
3.823150007839303628e-05
6.977643546407876797e-05
3.033177298525626601e-04
3.349628551745956976e-04
1.971287160168613351e-04
3.181608937097883064e-04
1.798865009087349332e-04
1.463997667975829682e-04
1.190069628401870883e-04
8.552133467459247917e-05
4.840351726317655007e-05
2.576889291027666768e-04
2.206542176792199508e-04
2.882086979818919859e-04
2.342063071920337872e-04
3.017910773062536679e-04
2.941632442679007831e-04
1.018455938331240974e-04
9.430786261588645306e-05
5.051375974271938825e-05
9.269347314045143452e-05
4.870510219898567224e-05
4.377627963902643504e-05
-1.386987694788302419e-04
-1.430441184457928818e-04
-8.339351261072819018e-05
1.718766584271027762e-04
2.310114716268980048e-04
2.647731293916810659e-04
2.648909568992347560e-04
2.984998559339080361e-04
3.376112199037457429e-04
2.466848950360078720e-04
2.858216593738766931e-04
3.238199281165647062e-04
1.673389906061934851e-04
2.059314285995709451e-04
2.715200754603012316e-04
2.722899373745816501e-04
3.373545697679384463e-04
4.086794973154957589e-04
3.635337999578206651e-04
4.350214761252920326e-04
3.471712228069089501e-04
3.564884421685184535e-04
2.685124311987318246e-04
2.311530413667771920e-04
2.507516876952730267e-04
2.133960086017016276e-04
2.099337170069209423e-04
1.155671205001983746e-04
1.123087885492584791e-04
1.403932707348414964e-04
3.913382342137499835e-04
4.189843908847817487e-04
3.842851407854301865e-04
2.561179004573771066e-04
2.215667670271774764e-04
2.457866322041103594e-04
1.323222719976162548e-04
1.567069812702560775e-04
1.634945229168957960e-04
4.091371338839257113e-04
4.156632503734878194e-04
4.040155587878804149e-04
2.831890169771364820e-04
2.719114679072778167e-04
2.713629551540094691e-04
2.700036972689236940e-04
2.689979487872648316e-04
2.537132835742434344e-04
3.183775739121216613e-04
3.031068494338890395e-04
2.947379139127818178e-04
2.651173430523251972e-04
2.566874932140720319e-04
2.384716866918686518e-04
2.383006099021670651e-04
2.204353444658998140e-04
1.679470894001313373e-04
2.031728148841146120e-04
1.509674490503855868e-04
1.135641648310815356e-04
2.579682201454304978e-04
2.201009772129004262e-04
2.188811207345894611e-04
1.473458685090412758e-04
1.460202050551048553e-04
2.083554071144933417e-04
5.771989649322098849e-05
1.204229127619216755e-04
1.848285620819549273e-05
1.751620955768773869e-04
7.349747767459373186e-05
5.354900172451046610e-05
8.461716362528274964e-05
6.433099593041000271e-05
8.393970355499659388e-05
-4.567222817795815563e-05
-2.609458889238412769e-05
7.875328269167864229e-05
-1.531415108813333073e-04
-4.793860166952884291e-05
-1.333122723847314289e-04
2.727937503098571206e-05
-5.852159812298263816e-05
-6.525599731206226410e-05
8.234623818475161287e-05
7.589957401548248469e-05
7.182348400371280691e-05
8.626221112833094536e-05
8.166929529531059048e-05
9.063256727562523252e-05
6.441702481376138708e-05
7.327042983410185940e-05
8.137320862515044816e-05
-2.666810673192771637e-04
-2.585122082811765610e-04
-2.414398592885907253e-04
-4.546358370790111415e-05
-2.825264227468031247e-05
5.758961836795127923e-07
-1.024985676522808869e-05
1.849483355758588677e-05
9.739420262519591504e-08
-1.109596219034988517e-05
-2.953766847143526799e-05
-3.086119852173949477e-05
2.470614108990633892e-04
2.457364329331939400e-04
2.490439024749388085e-04
2.204162095751998306e-04
2.240237396089536236e-04
2.633223085604204572e-04
5.203396174608646441e-06
4.463029119051683310e-05
6.535722010747824174e-05
-5.873827820778202650e-05
-3.699882702923085230e-05
-1.823478428960266517e-05
-2.050636981336649849e-04
-1.845185009700846951e-04
-2.452879082705861948e-04
-5.487551730439486908e-05
-1.164122761987186096e-04
-1.303608915570760420e-04
-5.806719215217890501e-06
-2.194027554128414898e-05
3.287405094713226599e-05
-1.364165255602086237e-04
-8.156159922830506521e-05
-9.929460837248285871e-05
-2.090284894907449122e-04
-2.253909992587151156e-04
-2.169874144378030603e-04
1.938022828826350941e-04
2.010420491793280537e-04
2.184582998041624947e-04
1.834392812675884063e-04
2.000960965404848381e-04
2.158148862591710766e-04
1.632336068895275517e-04
1.789343813371610721e-04
1.934899187653397719e-04
2.943437147124436577e-04
3.090508830973019401e-04
3.213107466735825538e-04
3.410183995037411849e-04
3.529700389635697603e-04
3.438548889007779540e-04
3.376699370137364268e-04
3.286281358796532036e-04
3.165317391443163864e-04
2.483461581632855119e-04
2.363809032879867367e-04
2.273080387867981137e-04
1.520154180519380383e-04
1.430576737521210254e-04
1.404685108195598666e-04
3.180264827579253853e-04
3.153239749576504771e-04
2.925779208379049789e-04
9.671133828531759419e-05
7.417234336735652796e-05
8.208702431698982997e-05
1.981197219645787965e-04
2.056467398925284056e-04
2.307912770687439719e-04
6.714127605488245769e-05
9.233645389609274057e-05
1.079395078749111644e-04
1.553151639439934173e-04
1.707956034850976221e-04
1.634203875169560824e-04
3.247206477725594095e-04
3.177396213600814853e-04
3.212238768342220215e-04
-2.375511755503311243e-04
-2.328796584165385933e-04
-2.343644221380598402e-04
-1.248800141458093283e-03
-1.241623954481656114e-03
-1.246032028716543031e-03
-3.975426145896561003e-04
-4.106575071593014073e-04
-4.250599051180746035e-04
-4.555907363784698319e-04
-4.697316073167588191e-04
-4.822377055330825837e-04
-1.203720204818512873e-04
-1.345451861067367585e-04
-1.480546404979221718e-04
-3.807640574319911988e-04
-3.924018444865040676e-04
-4.169619993771888408e-04
1.275387123553983672e-04
1.010983190499715415e-04
7.851020595055847916e-05
4.574606404644473469e-05
2.291692757510423216e-05
1.291110705733581427e-05
-1.145564125711393401e-04
-1.244541414625914490e-04
-1.186071612236584043e-04
-1.694653107397230065e-04
-1.637378599324757671e-04
-1.722541115649142566e-04
-1.017766197973425006e-04
-1.101814910706230702e-04
-1.175949590015193630e-04
-1.934313931801405571e-05
-2.679665411961881403e-05
-4.234201730182003340e-05
-1.312025422430565763e-04
-1.465819553839935001e-04
-1.399340337611573682e-04
-2.050317310630304750e-04
-1.979550227060752855e-04
-1.920777031842531464e-04
-1.594158177267598854e-04
-1.540445265050889752e-04
-1.458801755234972997e-04
-4.670628194398300861e-05
-3.857339220311506228e-05
-1.669069262157552198e-05
4.728059388972805305e-05
6.914770837005801245e-05
8.157535521597622562e-05
7.293798752192981287e-05
8.569802921549438167e-05
8.379539575381931638e-05
1.352892537396868937e-04
1.330070335692798791e-04
1.249329585540662701e-04
1.233105394798403678e-04
1.154206335037569696e-04
1.206942633342714555e-04
-2.899800108693584852e-05
-2.378124014113382027e-05
-1.302068749121861090e-05
4.430161238077744319e-05
5.493029557489319216e-05
7.987420435350489015e-05
-2.067695434545679532e-04
-1.814295897511010230e-04
-1.742763876560982582e-04
-3.017516351555650294e-04
-2.947836498375889180e-04
-2.891615993397873450e-04
-2.306795528735872624e-04
-2.253738028051894713e-04
-2.607701641295282315e-04
-1.960267807411593009e-04
-2.309191219296483468e-04
-2.322911047959390460e-04
2.296585629324251641e-04
2.279903976595339002e-04
2.293068814687599386e-04
1.999649077769678654e-04
2.010947050657291854e-04
2.490488320968077215e-04
6.823987360253752719e-05
1.161295429251120123e-04
1.225062037712853634e-04
2.758175676485486957e-04
2.822473066055175149e-04
3.276881113346574465e-04
1.728809470671188319e-04
2.183007752104570726e-04
2.673493493650511079e-04
1.504149410688226680e-04
1.996166304754495792e-04
1.833753473078612341e-04
1.041914793424608037e-05
-3.970083878397558802e-06
-6.586336851969760292e-06
1.191463367035392774e-04
1.153778339783545319e-04
1.083168688911377076e-04
-1.221324436784837660e-04
-1.269312553357900496e-04
-9.563517633560144997e-05
-1.857458043551160056e-05
1.184788888585722351e-05
1.111083305402278459e-05
-3.706551982808395634e-04
-3.684699093926829144e-04
-3.657456135464087765e-04
-1.901312406178695008e-04
-1.878324427728728097e-04
-2.090096557516159487e-04
1.232654441061242778e-04
9.721881104600410941e-05
-3.292217765934503382e-05
1.968147091098574925e-04
6.648608800955378706e-05
1.203530186112108978e-05
8.653056543320679361e-05
3.216108083515498194e-05
9.159110393818067821e-07
-1.876957736930337235e-04
-2.187056681233946634e-04
-1.988980528944347688e-04
-1.372072411207826855e-04
-2.414831197140900867e-04
-3.371004382722910257e-04
-2.527978158807544758e-04
-3.464553115998293968e-04
-3.331130292972104981e-04
-1.533202263169821116e-04
-1.423518852570580676e-04
-9.933752587263391899e-05
-1.081991513965206714e-04
-6.489909426041798280e-05
-4.670941646520021940e-05
-2.722484784631909417e-05
-9.199075548276040805e-06
-3.138253230564905466e-05
-2.426113726880374933e-05
-4.663401630670441450e-05
-9.824436736080508208e-05
3.579069818523103236e-05
-1.590956187710809643e-05
-4.265674942871555686e-05
-2.736568446989814872e-05
-5.407810385804623365e-05
-4.788747136281943349e-05
-4.635089135263115168e-04
-4.561787896711486296e-04
-3.794251950168440026e-04
-3.546611365784066634e-04
-2.785759404943713826e-04
-1.694076333302217620e-04
-3.341227837083319109e-04
-2.251238899412709373e-04
-2.636712300332519311e-04
1.363233034857404334e-04
9.746992570257046341e-05
2.533849968520963914e-05
3.800424080367432057e-05
-3.399904468616431229e-05
-5.442782378155504780e-05
-9.138261671717815330e-06
-2.952489842060720043e-05
3.859659433680354850e-06
-1.320808379408507625e-04
-9.844130870388937066e-05
-3.192909688269911402e-05
-1.359048797652695918e-04
-6.945835528942016952e-05
-4.170872694592140154e-05
-2.005667168186065375e-04
-1.731458598958622618e-04
-1.386126664504596588e-04
-2.086032602681141301e-04
-1.734037055205741521e-04
-2.091324372532666644e-04
-2.264206570481896367e-05
-5.902733619686970318e-05
-6.040868569901337946e-05
-1.122498019914031943e-04
-1.136491522126843604e-04
-7.604856498589753150e-05
-6.190200323974838579e-05
-2.419367363261072873e-05
1.450881566412531680e-05
-6.277436612224220275e-05
-2.406065729886508638e-05
-1.041536987057093148e-04
-5.072733299315190965e-05
-1.297224614998463159e-04
-1.554149830064478202e-04
1.403289679473754118e-05
-1.278552094499793481e-05
1.009132909623555556e-05
-4.234820416479113383e-04
-3.991768192636070429e-04
-3.409216489946785252e-04
7.771370558867806734e-05
1.144416580150585763e-04
2.024553585924655482e-04
7.996531866367274444e-05
1.679126625076383635e-04
-1.147218686785935230e-04
3.198242528724000141e-04
3.657822110444170248e-05
1.143151775728999935e-04
-2.111826013088363398e-05
5.703666736070023106e-05
1.117079285670259030e-04
-4.372717833331829680e-05
1.117321733019323955e-05
2.720479495067274541e-05
1.125567890760210336e-04
1.282989109127142873e-04
1.706161363006608426e-04
-1.643673709809022549e-04
-1.217286319399213553e-04
-9.470776626953488452e-05
-1.713746735287791252e-04
-1.444642277911455022e-04
-1.630923938611083764e-04
-3.918746574895089728e-05
-5.737147826231355852e-05
-6.407866726313628399e-05
-1.719364367564701576e-04
-1.778940566038797065e-04
-1.819872202599933134e-04
-8.201538707745172226e-05
-8.752125066393518318e-05
-9.192860930588671515e-05
-1.849962943947454678e-04
-1.893332217669917042e-04
-1.914504487792760209e-04
-1.492532308994663651e-04
-1.509715899153411464e-04
-1.145786693790866104e-04
-3.209399388431370334e-04
-2.841945709200514522e-04
-2.621935195802125966e-04
-2.271721343981040683e-04
-2.055501022423032557e-04
-1.781248056172151815e-04
-2.463799533015463387e-04
-2.193846948752869617e-04
-2.201741289466159273e-04
-2.926238439353872787e-04
-2.929228784635202814e-04
-2.847959228394223515e-04
-1.708395856551365782e-04
-1.628351862610919539e-04
-1.568974971285565538e-04
-2.827275136088622872e-04
-2.759674666429414195e-04
-2.772475252364500330e-04
2.543852147375223445e-04
2.518265521124732776e-04
2.563145123638696466e-04
1.540592368022800519e-04
1.589113951120543723e-04
1.612041976229529653e-04
1.486645766925084834e-04
1.506356509096231137e-04
1.595792977396996194e-04
-4.525579554567802872e-04
-4.403492954069151109e-04
-4.331491785654297726e-04
1.495857408527882272e-04
1.537926742509507878e-04
2.464191482646438348e-04
-2.166401958623400585e-04
-1.241960573464584482e-04
-3.662206793036374298e-05
-4.656464550531925085e-05
4.150277025233891758e-05
-1.583322946658577554e-04
1.598850453568616227e-04
-3.995749924576243086e-05
-1.809148528527525679e-04
2.812605176807979421e-05
-1.135581117969063536e-04
-1.234902233345026639e-04
-5.502683055501487921e-04
-5.585357361932809022e-04
-4.685975196562780910e-04
-5.891348632512206701e-04
-4.978772536642923473e-04
-4.486604810889985306e-04
-5.985901735500236088e-05
-1.367259381452462508e-05
8.383121316505562533e-05
-8.075101493971309496e-05
1.675675016080927122e-05
1.079776711119813490e-04
2.413971975743580984e-04
3.331409979435158539e-04
4.335450762790842016e-04
1.814382130103660393e-04
2.815779703577263315e-04
1.766845726110966453e-04
3.666579255276573857e-04
2.615410685707808981e-04
1.715445268680400098e-04
2.027657140800669285e-05
-6.801631937128837461e-05
-1.109509484556460662e-04
3.512550208392207270e-05
-9.162134974538712045e-06
4.384635286951014174e-05
1.401207537676250653e-04
1.925928871201867737e-04
2.211621355102960803e-04
1.769447033580909051e-04
2.055323599209640958e-04
2.685490398042027194e-04
1.669011722854901888e-04
2.298759572047863443e-04
4.139752873908998350e-04
2.206209973272059400e-04
4.047472776603223662e-04
5.823776012638630503e-04
5.492959699933687131e-04
7.269415440040687256e-04
3.847634775699029916e-04
6.083889169039251440e-04
2.661649027974258416e-04
5.991086237482144260e-05
2.365413506883110159e-04
3.028307565837516212e-05
1.549804235802935992e-04
2.504226159653975391e-05
1.505846101319389973e-04
2.788491407844366932e-04
2.791565291810753379e-04
4.066737462270202542e-04
4.693531545587070232e-04
4.296707781466784382e-04
4.922588659343495911e-04
3.359407678138244687e-04
4.541015905221179073e-04
2.978903398391570686e-04
2.403577572310049127e-04
2.596130838858675001e-04
2.019978755030486773e-04
1.422982542886764450e-04
1.258667370181236456e-04
6.639083694847232537e-05
2.436570428042391994e-04
9.127187879699532550e-06
1.869135664972196081e-04
2.045859265562249407e-04
1.460360433636883953e-04
1.647706932343645080e-04
2.561103356321764966e-04
7.342366473303270184e-05
1.639986039855940124e-04
2.995722970884933571e-04
5.495474324754396310e-04
6.838995432266208778e-04
3.534859931531288092e-04
5.719088731060444812e-04
2.416813110610861693e-04
1.228997023769800266e-04
2.107289217090625678e-04
9.174619100458516682e-05
6.682647803512702664e-05
1.195344410131831368e-04
9.471966190443675002e-05
1.913063733232076079e-04
9.177108008128891667e-05
1.887008092458228379e-04
3.112750949262709085e-04
-2.912392852838535011e-05
9.342978074392980972e-05
2.607279359250265927e-04
2.241936984396607343e-04
3.914987803324062200e-04
9.857419252784689091e-04
5.132496200854826541e-04
1.107458335200115027e-03
4.364286725550641476e-04
1.030071293671405794e-03
3.587229877385993658e-04
3.307596869385893675e-06
4.364226044064139186e-04
8.121088214273666892e-05
1.729457619061206377e-04
2.303340095645840498e-06
9.383797095357225299e-05
1.566507405315900820e-04
1.283921776033450758e-04
1.923832012054885405e-04
2.981200165251881445e-04
-6.644116482293208666e-05
3.991105099177515159e-05
1.506623934713010888e-04
2.537065235103160704e-04
3.632162529268120627e-04
2.868246079446451231e-04
4.110140121067692737e-04
3.345972650708334013e-04
4.599277350433601114e-05
2.292240238306747242e-04
-5.939584911021904973e-05
2.529496122386729875e-05
-8.995363476346600329e-06
7.542953971077180067e-05
1.957166152657871245e-04
4.343780891739255348e-05
1.637883744785492419e-04
1.898217919651196887e-04
2.771358469851245283e-04
3.026288645477743437e-04
3.276506291807854566e-04
2.558025475727172186e-04
2.808063696942517552e-04
2.987752617624385865e-04
2.501614041033426317e-04
2.681925347129611881e-04
2.310409668005380750e-04
2.381447069634480985e-04
2.014771794072661520e-04
1.907842528618074966e-04
1.683022760424140811e-04
1.571459874122537684e-04
1.821292322871802174e-04
1.322804895772732806e-04
1.570336104647783362e-04
2.090143061233879114e-04
1.222186771498588644e-04
1.742872372726173187e-04
1.005020683323559760e-04
1.932402628464818979e-04
1.193837895216015577e-04
6.848975924391001230e-05
1.210827547283438443e-04
7.043567045207768445e-05
1.466007356236729100e-04
3.441348114598244195e-05
1.105318637735250666e-04
1.830095813511152872e-04
9.616324446937472370e-05
1.694691988541026720e-04
2.101968886493114225e-04
2.386576476874043354e-04
2.786274155298588268e-04
2.245795189586853027e-04
9.625085221364772237e-05
4.238956940336277481e-05
4.984282900362489027e-05
2.607000392837574478e-05
3.367853246412453455e-05
4.127957480192770336e-05
3.828881036049428324e-04
3.897695100789575753e-04
4.453704491562234446e-04
2.118314846342115578e-04
2.677527404694842383e-04
3.255734983638803367e-04
3.679075630453439638e-04
4.256880703422183995e-04
5.133322305268221567e-04
3.281427554127703313e-04
4.155371028686487148e-04
5.167119221185206401e-04
3.275882376114451358e-04
4.289355552644341218e-04
4.992602490138004249e-04
7.135043111518829095e-04
7.838238244194279140e-04
9.642507990086134420e-04
7.793039122380057996e-04
9.595518182343486593e-04
1.299098598821870829e-03
6.338057261039186166e-04
9.735737758384457180e-04
1.393045519130356848e-03
1.156331104568522269e-03
1.575697084540553629e-03
9.849896123157668004e-04
1.582016020897828281e-03
9.913409557882550249e-04
5.225761859446721681e-04
1.084057465031728435e-03
6.155378076482521900e-04
2.220903466245038762e-04
4.358442391503559955e-04
4.224548186397835163e-05
-2.680758502120140704e-05
2.021630762505377803e-06
-6.706769949542347106e-05
-5.452838967592437162e-05
-3.094786683814588699e-05
-1.860550263934750452e-05
-9.963072624486843539e-05
4.827344083189051257e-05
-3.290568382908562613e-05
-7.937030634443031289e-05
-5.966665593405226660e-05
-1.061017671653138254e-04
-8.187070654047030904e-05
-7.586704916852282025e-05
-5.160982420009870030e-05
-1.173917154017261417e-05
-9.618952919070918061e-05
-5.632428984324804695e-05
8.559455009034407872e-06
1.077901291783956513e-04
1.728116224602298267e-04
2.355311509146350421e-04
1.628740467912019618e-04
2.254398488131347097e-04
3.212986058717048833e-04
1.617980952997687258e-04
2.576765410996428797e-04
4.719416792016105627e-04
2.286872196638411949e-04
4.428664869140462850e-04
-2.407879801467061043e-04
4.339823534922303532e-04
-2.494819345884025097e-04
-1.023979992257754751e-04
-2.451689215376973152e-04
-9.793996178790437658e-05
-1.887031413506037468e-04
-9.848190421483921488e-05
-1.895583865124053234e-04
-1.518062487813130854e-04
-2.555388656336134872e-04
-2.175520491656334041e-04
-1.546269613475242846e-04
-1.509167629629791616e-04
-8.773556143685078547e-05
-4.448525686390647927e-05
-1.857258884858975403e-04
-1.421254502806434993e-04
-1.025824736008453507e-04
-1.104077926944891253e-05
2.781981444954542931e-05
8.512996260608179022e-05
-1.172761997636736814e-05
4.581419467060459305e-05
1.063383869505851102e-04
-2.217468289238674461e-03
-2.127104783602488339e-03
-2.060744282637641360e-03
-7.348361675111665008e-05
-3.529192748191989056e-05
-8.233030221279160916e-06
1.978389221831109465e-04
2.226684369269354177e-04
2.468218590027476092e-04
2.242696569190887643e-04
2.481683913745740791e-04
1.672632340819862852e-04
2.321141218661154052e-04
1.512266014947843918e-04
9.834875401557827438e-05
1.795104315283996234e-04
1.267391331724956080e-04
9.121233456236112550e-05
1.371239183003216430e-04
1.015623115089609070e-04
7.282714259300413526e-05
3.697586221088457539e-05
8.220975449793366556e-06
1.051476137385446742e-05
-1.346228508748855909e-04
-1.314313718523017673e-04
-1.264356546122498957e-04
-2.209544036864559934e-05
-1.674675187281446137e-05
-2.601512547604210076e-06
7.008039355092568717e-05
8.368361768962495834e-05
1.038511951078911798e-04
-1.146863590255597898e-04
-9.474276468648859095e-05
-1.027304310863063957e-05
-2.566850920815701110e-04
-1.709741794462238374e-04
3.184961743451261533e-05
3.632594384672893856e-05
2.377562784290274383e-04
6.211240744189598434e-04
2.351108857596626283e-04
6.181313566369243733e-04
1.365070133503211219e-03
5.255132765480556361e-04
1.272737707510275323e-03
6.249639282397850305e-04
1.532018799950053472e-03
8.840876271644531638e-04
2.882577881293433512e-04
5.244486692756338865e-04
-7.090460908766214009e-05
6.060246400457433309e-05
1.557075355278390253e-04
2.874693835518937453e-04
3.769913083075655900e-04
2.831496766201835021e-04
3.729838854766560994e-04
4.201547282681413788e-04
4.936214600590167843e-04
5.395872878542714614e-04
5.572072783077646309e-04
4.693837701742150682e-04
4.872017103305597121e-04
3.842434003128608090e-04
3.592381340975452477e-04
2.560811758850639087e-04
2.217199970287828809e-04
2.921542677906279785e-04
2.578692536586522227e-04
2.482036530384028761e-04
3.064768414729832774e-04
2.966510533699000685e-04
2.900841963181761485e-04
2.200362965342754929e-04
2.135460698681441527e-04
1.865427550399570335e-04
3.820481678175297957e-04
3.560494881128786673e-04
3.535412719059315492e-04
3.333746501482917537e-04
3.299012199561622907e-04
3.124040214794810214e-04
2.046576440618884732e-04
1.878912864237214722e-04
1.290715213846330839e-04
2.838964411973144211e-04
2.245159908644770580e-04
1.822513637055881894e-04
1.857958855039260363e-04
2.466090766395796210e-04
3.292384917770310249e-04
6.441351004497894352e-05
1.469518301931007709e-04
-1.558978181907539739e-05
4.122925729646145310e-04
2.498512236483618103e-04
1.712231819850938480e-04
2.309874158667623483e-04
1.519099528535815041e-04
9.811500487824783515e-05
9.550262578833718704e-05
4.174462512576834154e-05
4.764467138705229688e-05
2.047323111791524370e-04
2.106920275688303106e-04
1.339534291665433910e-04
2.213576428326909833e-04
1.446693904191154059e-04
2.147113518498789016e-04
-4.201011966044167017e-05
2.810117073244857225e-05
3.954040594379205388e-05
2.127830155081557664e-05
3.251023017781574410e-05
1.565103618034921181e-04
-1.611027982087920220e-04
-3.652120115442056541e-05
-1.020006092662185167e-05
2.895438325780272078e-04
3.153467936564590063e-04
2.202893093392447352e-04
3.417512220104578164e-04
2.465300286469244181e-04
2.222254751041086640e-04
1.888041598187953948e-04
1.645045684790725138e-04
2.118272598874683605e-04
4.452769450382536905e-05
9.240494484965904812e-05
1.435980042322886085e-04
1.772485332605357395e-04
2.280079164655295109e-04
3.070748713897283400e-04
2.387043163060557937e-04
3.178944386407475198e-04
3.992295728871889365e-04
2.497055026568214620e-04
3.309566578004799735e-04
3.044670026794750201e-04
3.083959505070291412e-04
2.818927621048618066e-04
2.735395220906851896e-04
1.898543430071998345e-04
1.817325948604760774e-04
7.221221290681028400e-05
4.548165208643680521e-04
3.448368222584340874e-04
2.739795460462929669e-04
1.839774411186900142e-04
1.132626281566346052e-04
5.654503546072677054e-05
1.161923196440432099e-05
-4.467834880226716123e-05
-7.373263627429189893e-05
2.171750784164717821e-04
1.875748903965700903e-04
2.272366417934538487e-04
4.423010711419698981e-05
8.433088251756296191e-05
2.430273436166177333e-04
9.899924217158720527e-05
2.572217764954845250e-04
1.684991590041651547e-04
2.474573107458417909e-05
9.952142729758662112e-05
1.395107268953230920e-04
6.102717318441164621e-05
1.009666179205757322e-04
1.080500237046113504e-04
8.501952326777398013e-05
9.243420340198336971e-05
1.412273034311328215e-04
7.334709648120461833e-05
1.224486971131954474e-04
1.763647959688394314e-04
2.225193514113742990e-04
2.760073765767454153e-04
2.223146297603231943e-04
2.061795602440549976e-04
1.523222749221456325e-04
1.460802818074392927e-04
-2.190132650446760380e-04
-2.239825185496789562e-04
-2.316451724989094119e-04
1.279860375107767833e-04
1.195952639311797638e-04
1.154606572137121720e-04
1.130465528324491997e-04
1.087067495583464070e-04
1.389934096927054495e-04
2.027372063035206336e-06
3.225004742613511981e-05
5.150052199509342222e-05
-1.016836557561300427e-04
-8.216071112643579932e-05
-5.322143134718832543e-05
-4.325048603151244835e-06
2.431085284741523692e-05
1.117556470313601884e-05
1.622805588220984025e-04
1.494788587825142661e-04
1.736868017018589690e-04
1.742545130928748170e-04
1.979102253812182262e-04
2.120469399010753409e-04
1.722187026302147224e-04
1.862181634856378810e-04
1.275460571063259359e-04
-1.554197987793022617e-04
-2.140253738021901135e-04
-2.561888442376444950e-04
-7.858728290205288340e-06
-4.985994487086337947e-05
-7.447046381705603457e-05
-1.775943851115209006e-05
-4.254006934636435366e-05
1.030005457118728356e-05
-6.787972678714594699e-05
-1.502487633138320251e-05
-8.667304930650462751e-07
2.547967940406558772e-04
2.689418286033532749e-04
2.938718995796289605e-04
2.354457790213263760e-04
2.606822624006081683e-04
2.748239207591554384e-04
3.430469465858827652e-05
4.870834569890706341e-05
-1.055592443149710015e-05
-3.729714038337857921e-05
-9.570019906673753575e-05
-1.544558349089890695e-04
-2.597361978172155650e-04
-3.166818955471932865e-04
-2.998789417282136439e-04
-2.110902300594568229e-04
-1.950729632474871634e-04
-1.755146837615903033e-04
1.636012215833262127e-04
1.729803297454387320e-04
2.181798899273466440e-04
-3.287563237642046089e-05
1.238818906313591921e-05
7.394032155681956944e-05
-1.119809476931501058e-04
-4.905266968015025916e-05
-5.986122937942910810e-05
3.668646853049900049e-04
3.548852202987758456e-04
3.341310910423880278e-04
3.429828886913595734e-04
3.214865972064098179e-04
3.033786872218477686e-04
2.797693267007952391e-04
2.616371586735475024e-04
2.083330898037210450e-04
3.826826016118864675e-04
3.295449193407811567e-04
2.806891869438266117e-04
3.546844224635541782e-04
3.054916095022497434e-04
2.593644618807880030e-04
2.961232465492946763e-04
2.500885617971939788e-04
2.659585338376376190e-04
1.582457640959469424e-04
1.742458811902354815e-04
2.079775051486321569e-04
1.043559572833503940e-04
1.382316306505926729e-04
1.751172203251642246e-04
3.058094346004181386e-04
3.425513750438128669e-04
3.380717143952166040e-04
1.222755490483266373e-04
1.179901128122833867e-04
1.145098920313040178e-04
2.464301915094507236e-04
2.425728432934129994e-04
2.866874307970478705e-04
1.002496844956050079e-04
1.444193801022097042e-04
1.668446173430747489e-04
2.090566301363482645e-04
2.313454577238625983e-04
2.504799616024007457e-04
3.799135418380937676e-04
3.994141427999471682e-04
4.550016670959947801e-04
-1.630822386626044852e-04
-1.063720704864764416e-04
-7.382578179558054940e-05
-1.184025910670688173e-03
-1.143023620455910130e-03
-1.112442763333580317e-03
-2.645614599840833379e-04
-2.422366028627368937e-04
-1.676501018264862442e-04
-2.434080902462813388e-04
-1.687072111563357258e-04
-5.586357772655503508e-05
1.762037387779382324e-04
2.873931686922190929e-04
4.029571435847437155e-04
7.373641958155019525e-05
1.911785810687696707e-04
2.895998521313220778e-04
6.722715778476676118e-04
7.687544901460558692e-04
9.234151667194465379e-04
7.198449791945666591e-04
8.743403169071326236e-04
1.009043679268031846e-03
7.328603979410628060e-04
8.676164382350887161e-04
3.182010459562564309e-04
8.360498998527671199e-04
2.865086335072094615e-04
-5.940753288202532591e-05
3.449107371119583066e-04
-8.868311681652909714e-07
-6.031438495217832096e-05
8.821422563298991857e-05
2.874051317387250892e-05
-2.268984119762858850e-05
-8.219479020870300301e-05
-1.334357368515916775e-04
-5.623878224997688356e-05
-1.745692572778203199e-04
-9.690239222965110364e-05
1.837138413883330915e-05
-7.137437479815352979e-05
4.335175479262652490e-05
1.370115539981186809e-04
1.623400007510888824e-04
2.560328328041494312e-04
1.964492294603647875e-04
3.362986360667407932e-04
2.766617436093898701e-04
2.207240992270775599e-04
2.701340600281642960e-04
2.144760015931345982e-04
2.082971143125759267e-04
2.591066237351291341e-04
2.525812116972373628e-04
2.784437805372608188e-04
2.529083387515710496e-04
2.789496633182597641e-04
3.125569512861919299e-04
1.435654397779462222e-04
1.771028348970365420e-04
4.038917708761878339e-04
2.412845808806967631e-04
4.679473226509876576e-04
3.423523561215135493e-04
1.929953745651878444e-04
6.774162134398848192e-05
-2.017528410382540978e-04
-4.168860655034750326e-05
-3.112598448373349465e-04
-1.933082551301879178e-04
-2.428925023727091111e-04
-1.252767126613718758e-04
-4.240838303067116354e-05
-1.038450593666595707e-04
-2.050192984588770483e-05
-1.436975920356630375e-06
4.438714038247768738e-04
4.626122138385960767e-04
5.111355557691922959e-04
4.185629334340171823e-04
4.669225735942518886e-04
4.258766753934971512e-04
3.418509431303164538e-04
3.007697419832176984e-04
4.539838350873006681e-04
4.556089084814950348e-04
6.089065877866497436e-04
8.665371521850109187e-04
5.112789017410515049e-04
7.688437642421566036e-04
7.628337922790937638e-04
7.080204693259663966e-04
7.020253985240974045e-04
4.378133507048243434e-04
-3.519735558417457855e-04
-2.715707628737175426e-04
-1.924432154928437167e-04
-1.116691378626012763e-04
-3.371226295801910697e-05
-8.538297150246444331e-05
-2.690660340895048076e-04
-3.187484271448070379e-04
-2.514000862745854425e-04
-2.465419110931420894e-04
-1.799729708025518226e-04
-5.206686359521001811e-05
-5.224086108526501768e-04
-3.913491327191516780e-04
-4.221552917696219849e-04
-2.537881318355724239e-04
-2.846722309440058636e-04
-1.645504795417842810e-04
4.820585670325337182e-05
1.630560312948467786e-04
-1.998512599439709653e-04
2.694095768562796171e-04
-9.367729956837140214e-05
-4.335756918136206132e-05
-7.093547913798831594e-05
-2.059962522890594464e-05
1.422367518909001391e-04
-2.446990615380945219e-04
-8.155846207852422789e-05
-4.262575821485370398e-04
-2.547386738921463088e-05
-3.702787507791072130e-04
-3.694580518640577793e-04
-4.141216631978750229e-04
-4.113097384106367826e-04
-3.611341572566949048e-04
-1.833086571423336864e-04
-1.355181639981515923e-04
-1.254438519251533995e-04
-1.111820939430095608e-04
-1.007589433581569308e-04
-6.821155830786012275e-05
-5.864788347454751667e-05
-2.632771202862642867e-05
4.361648178624984900e-05
-3.699119543690614564e-05
3.275013012777146975e-05
1.396257673107784386e-04
1.145700524709007619e-04
2.213562463069565739e-04
9.837222264085665078e-05
1.698663499641680672e-05
-1.051725679246452477e-04
-1.663279840381176957e-04
-3.180071920325723317e-04
-3.787929021877528644e-04
-3.337316195807377150e-04
-2.740841013969214177e-04
-2.297534413496921384e-04
-1.572530885525950462e-04
-2.968770025159189752e-04
-2.244840137493768007e-04
-9.061959179064476210e-05
1.365908070808770835e-04
2.701202293991368888e-04
1.040709203729499972e-04
2.101548972149171559e-04
4.423861452179037989e-05
-1.159501334768719971e-04
7.015820216421046317e-05
-8.998183329822495580e-05
-8.938059181673452258e-05
-1.951237354660406709e-04
-1.942914095707237720e-04
-1.166912897779574462e-04
-3.204810255508875878e-05
-4.219802437182057953e-05
-2.784329788402910007e-05
-1.806493114290713177e-04
-1.666754376666366555e-04
-1.537739793793654549e-04
-1.907286475935697056e-04
-1.775704935216701138e-04
-1.676629572818228841e-04
-3.695962948495359304e-05
-2.731235424896570445e-05
-2.896894900732751308e-05
-8.846573025828095675e-05
-9.010723468055094896e-05
-9.484930020423987078e-05
-5.086624903743232904e-05
-5.558506060058632063e-05
-5.715455633007935059e-05
-8.230537465440490412e-05
-8.379591169186881554e-05
-7.423997468567592492e-05
-1.117444364947920181e-04
-1.011550806767414271e-04
-8.718494853263302380e-05
5.051637398292171369e-05
6.343105571551666921e-05
7.415071310783492116e-05
-3.338161047201375266e-04
-3.217316668542964599e-04
-3.126055844709747442e-04
1.004499092868597963e-04
1.082077332889190904e-04
1.163089968933133669e-04
8.606088246456301133e-05
9.409207859713270136e-05
1.035199609039434330e-04
2.449937223893000073e-04
2.538251216908999817e-04
2.397426135375000029e-04
1.978115221580107794e-04
1.841592013605705886e-04
1.597010888855529109e-04
7.475240204975227404e-05
5.047201575339744779e-05
3.399176716226902069e-05
1.590144931452904919e-04
1.422827983729523069e-04
1.253936003582793225e-04
-1.626186792749929780e-04
-1.792527713017762702e-04
-1.956510674965154307e-04
-2.074471652643979590e-04
-2.238533485971908943e-04
-2.377959771565711893e-04
-1.271903599437843935e-04
-1.407230901550120511e-04
-1.466554904270692193e-04
-2.932989317942029904e-04
-2.982344967692865455e-04
-2.316151874269936140e-04
-1.697215275287403190e-04
-1.047971961684171017e-04
-3.919403906150147445e-05
-1.994845877065900620e-04
-1.337763657717256261e-04
-1.278712952102688781e-04
-9.617369295267745978e-05
-8.990037162445166027e-05
-1.575748731761142645e-04
-2.464038042876092426e-04
-3.136294956697985564e-04
-3.816899661719081556e-04
-2.804074149957761202e-04
-3.487144531495151674e-04
-3.595530658248857758e-04
-3.746064430847046529e-04
-3.860771618537650607e-04
-3.764484399412748009e-04
-4.570590760313020251e-04
-4.469289533277031570e-04
-4.346665381391123751e-04
-3.310682923016127735e-04
-3.189172574721799115e-04
-3.082180518475689584e-04
-4.325790367957726935e-04
-4.210671358094879085e-04
-4.254620894414889781e-04
1.069386090449660426e-04
1.012547595393792571e-04
6.585499893929281268e-05
2.946818750579360303e-06
-3.209319667718901303e-05
-4.123799751771785272e-05
-4.434251870322569278e-05
-5.382041288333184971e-05
-6.294284524302087402e-05
-6.887832076035271377e-04
-6.947564308848147401e-04
-6.516281274042202195e-04
-7.395190753414384699e-05
-3.368811946242278961e-05
-1.544715558058766839e-05
-3.895076798169983044e-04
-3.714859987457394433e-04
-3.702044881078328607e-04
-3.019091010873317551e-04
-3.001435064374383208e-04
-2.864580659444957008e-04
-1.729948374572124273e-04
-1.592803513414739870e-04
-1.251273053963843931e-04
-1.064869051117032074e-04
-7.306005794417003282e-05
-4.317036036360791338e-05
-1.515766918924812425e-04
-1.205813688966982664e-04
-8.794224459324082250e-05
-5.312530058245711626e-04
-4.967723075451333827e-04
-5.475023802692739186e-04
-3.277762198466857785e-05
-8.648495835687200397e-05
-1.052473702315729828e-04
-1.557996596066949782e-04
-1.745602961477380963e-04
-1.920066698958142128e-04
3.201109633440852448e-05
1.533336930060997345e-05
6.240362440916461060e-05
-1.234712819141311970e-04
-7.691530604166227272e-05
-5.688505814593553043e-05
9.764224754001322483e-06
2.963619146778911852e-05
6.964620995850428087e-05
-1.972810049466443012e-04
-1.556013433583720114e-04
-1.095479098296054136e-04
-6.046918708315924661e-05
-1.579993173091490382e-05
4.415638494054753864e-05
1.339078729359171856e-04
1.933392583693467506e-04
7.888923847137644480e-05
1.705241253900431522e-04
5.611076176653310250e-05
4.696213824616706596e-05
2.629497885725155066e-05
1.709668965021109805e-05
4.388909107746791390e-06
5.188567837510131391e-07
-1.219870264574675605e-05
-3.038230937754197157e-05
1.322629546823187287e-04
1.141141052000464674e-04
1.172453891743084002e-04
3.978633286082911133e-06
7.098319383907835496e-06
1.372654065190834455e-05
-2.886793236004956483e-05
-2.226341616195606538e-05
-3.082818608924275342e-05
-3.071246187035905667e-05
-3.847533395707136098e-05
-3.920163318078524837e-05
9.827294246100360450e-05
9.685303347388722530e-05
1.015786810432609932e-04
1.159547359656400286e-04
1.205630950982731597e-04
1.337352839104675702e-04
8.009105380662277503e-05
9.335219847660819210e-05
1.143736390273672335e-04
5.423657758318195261e-05
7.517050291575759578e-05
9.887988999408392314e-05
-4.902472918142677070e-06
1.914988825020102862e-05
3.432840522196852970e-05
-7.536665360287743767e-06
8.168805565729377743e-06
2.856222656271090914e-05
-4.844827280561661911e-05
-2.709329035417506288e-05
-2.430815426330114673e-05
-1.514873981969929654e-04
-1.493449910979255564e-04
-1.857668581261582089e-04
2.599719862134658270e-04
2.221900717221383589e-04
1.709486565831063831e-04
1.097084418096297073e-04
5.863970697265514674e-05
1.721021875375879301e-05
2.282422762237885537e-05
-1.882276807343589769e-05
-1.267015369538498513e-04
7.328202297072832719e-06
-1.004801353136358254e-04
-1.420473395118564174e-04
-9.083314683980321809e-05
-1.319934649363234446e-04
-1.305260489196328609e-04
-3.533764806779175803e-04
-3.519189308597518565e-04
-3.480152984221356570e-04
-2.317738367444647639e-04
-2.278615313653724577e-04
-1.532818680947827558e-04
-1.008475985682459857e-04
-2.629971668051502346e-05
6.317926887203424192e-07
-9.863734548838755725e-05
-7.203134791089552949e-05
-3.973629741716287896e-05
8.564638308227476380e-06
4.105787133545525506e-05
4.111910748556493354e-05
-4.921707391525708005e-05
-4.940430444171415138e-05
-3.495335765152200735e-05
-3.088050215942548084e-05
-1.495339453655257500e-05
-1.660601840679608982e-05
-2.488283854906164078e-04
-2.501086695059117270e-04
-2.539037832144187606e-04
-2.417230128170066278e-05
-2.919894357598438301e-05
-3.139313791632449501e-05
6.483036503986870864e-06
4.247587483974338838e-06
2.052389795773938122e-05
-1.009313129283094990e-04
-8.466435933603629646e-05
-7.362601901715246609e-05
-3.761992370362118063e-05
-2.683216736496982745e-05
-1.690849403896270181e-05
-5.212915859030184916e-05
-4.213550510396150734e-05
-4.275548774099221356e-05
6.538353245194168900e-05
6.421235236989090316e-05
5.126705060722990936e-05
1.576864822486171596e-05
2.771032326954743323e-06
-4.454123249658065533e-05
-2.061037388154552275e-05
-6.782792028885948157e-05
-9.879349147820194125e-05
-9.796495127872246003e-05
-1.284683827442424588e-04
-1.650344163807237292e-04
-1.694581447999300651e-04
-2.065028054801875497e-04
-2.271296329437424077e-04
-2.323924380051100398e-04
-2.531901049534459247e-04
-2.741269041910147832e-04
-2.812949464297522439e-04
-3.021854996807253526e-04
-3.189135756704014721e-04
-2.803693556818491386e-04
-2.971555811247778120e-04
-2.720951450892934199e-04
-3.003374738047820511e-04
-2.750282291227230426e-04
-2.717823541783866322e-04
-3.141745982130268212e-04
-3.109820123822566902e-04
-3.035116708627150044e-04
-3.210788878672894871e-04
-3.127843549730435595e-04
-3.384304111135151083e-04
-2.498050337447032913e-04
-2.762010955960448677e-04
-2.818466499708459014e-04
-4.416405392588075096e-04
-4.471311157364264363e-04
-4.259014607130481292e-04
-4.732372225522861117e-04
-4.518420540451003600e-04
-4.417685926244998098e-04
-1.053896633864311998e-04
-9.601710951472015388e-05
-2.093322852101912196e-05
-2.827784704794579864e-04
-2.074151927133722974e-04
-1.681044078527019713e-04
-9.413835520331551726e-05
-5.483084452357156013e-05
-1.176347649845520282e-04
-1.593360058126972411e-04
-2.224027047588715577e-04
-2.214225673543870313e-04
-3.128292373105177903e-04
-3.116845759524613482e-04
-3.223990193187484385e-04
-2.789152445817587040e-05
-3.859952860197439473e-05
-5.704629891002974622e-05
-3.873713151237383168e-05
-5.735537431352264397e-05
-6.804758966885006519e-05
-3.703314186833841343e-04
-3.807863432330401711e-04
-3.695768642835030966e-04
-2.044171888728948407e-04
-1.933106501716832333e-04
-1.785099227896397398e-04
-6.965393152923236419e-05
-5.476251661148568849e-05
-3.371089000876964590e-05
-7.858132428792020539e-05
-5.731674495775224230e-05
-4.304481434769874754e-05
-2.516640047791224863e-04
-2.376672363341221939e-04
-2.394369864337126427e-04
-2.646264637321601044e-04
-2.663442052867243700e-04
-2.734138249917612319e-04
-2.246014543775449210e-04
-2.318557669906601878e-04
-2.343008382169942984e-04
-1.723781895390436622e-04
-1.750082447117607722e-04
-1.719556040953592419e-04
-2.031265030539076456e-04
-2.000316327795133948e-04
-1.853321932783483434e-04
-1.666475601851687789e-04
-1.519284464946149755e-04
-1.426654235372122094e-04
-2.024595937753229308e-04
-1.931967454409029051e-04
-1.838252505501920125e-04
-2.795936967300136533e-05
-1.845796983504684186e-05
-3.985272334094971621e-05
-3.241538111867399430e-05
-5.396013576675087416e-05
-6.555665493811072345e-05
-1.093636717195424458e-04
-1.209490877795830512e-04
-1.278008269968948095e-04
-1.527253047084301853e-04
-1.596475916107690661e-04
-1.538732624193552164e-04
-1.688042096452361672e-04
-1.628393085719916252e-04
-1.593529897548135637e-04
-1.537886866880479482e-04
-1.501826783681165694e-04
-1.507870901946615724e-04
-1.566768634404864429e-04
-1.575783817202490119e-04
-1.673114305234942533e-04
-2.235742858715992717e-04
-2.330707496370617248e-04
-2.297834085312769553e-04
-1.647149322892967559e-04
-1.611619168671876929e-04
-1.542018540666208887e-04
-2.582934335352019212e-04
-2.509845467746959352e-04
-2.235787645289234250e-04
-1.286985166833506250e-04
-1.020016018840975492e-04
-1.203484724964662086e-04
-1.316794035331837265e-04
-1.497656056880666505e-04
-8.061832938905199686e-05
-2.620655462028430218e-03
-2.521991066328280878e-03
-2.503059059922276529e-03
-2.335099912444441549e-04
-2.424324169574961169e-04
-2.668506007673564434e-04
-3.570948083016128372e-05
-6.234200047649171030e-05
-7.188189774182773383e-05
-6.176494427811082279e-05
-7.156686332904881986e-05
-6.613297730065996450e-05
-8.931007177465743573e-05
-8.385977118589098256e-05
-9.098836766949961288e-05
-6.044667090602333349e-05
-6.746352323259333474e-05
-3.240936538223296802e-05
-5.293978051210860116e-05
-1.793767486252010267e-05
-3.200725420058643652e-05
-8.529834493547797602e-05
-9.940417309437817170e-05
-1.163340705526545130e-04
-2.246755722505686267e-04
-2.407293862044363700e-04
-2.475084679022706018e-04
-1.351928724754154168e-04
-1.415627543170279727e-04
-1.475291294231748172e-04
-5.482214913315092185e-05
-6.136648265642281256e-05
-6.699196970223921096e-05
-2.768667556997126203e-04
-2.827075965389935926e-04
-2.868948885858938792e-04
-4.258968125716178373e-04
-4.289971929662809470e-04
-4.152944501356147888e-04
-2.205148138725147346e-04
-2.079253216606490972e-04
-2.035154096355020923e-04
-2.187238613941632870e-04
-2.147422122341871185e-04
-2.164101420467663814e-04
-3.130917387587308807e-04
-3.144991019772310067e-04
-3.125984127277771710e-04
-5.473695232383349264e-05
-5.297958488746385558e-05
-4.427192845049863568e-05
-4.215240675134847639e-04
-4.124735679537392210e-04
-4.023047743544946181e-04
-1.600903598185962986e-04
-1.495506670040111085e-04
-1.401648976978305623e-04
-1.798392561909775277e-04
-1.701326753616724059e-04
-1.833349357385155934e-04
-4.477849035974777194e-05
-5.910392576157721294e-05
-7.802076228674754716e-05
-1.238238452261281389e-04
-1.426263910090948663e-04
-1.495253322452659019e-04
-2.688452508138890586e-04
-2.759322173467257952e-04
-2.042219368396823095e-04
-2.344986364284882554e-04
-1.626965042325232910e-04
-9.731424168823773883e-05
-1.228076382196073221e-04
-5.760913726082558654e-05
-1.612335452093322094e-04
-1.354523376761984350e-04
-2.390243587298829372e-04
-2.667361936059603131e-04
-5.915334417769203736e-05
-8.579778151985344918e-05
-1.061647000356756218e-04
-1.194507589557030562e-04
-1.408340268868200549e-04
-1.336866107694875780e-04
-2.560432859796278517e-04
-2.482780974051054627e-04
-2.551954115461859633e-04
-1.573369945790689770e-04
-1.647017073538455893e-04
-1.710566346404921465e-04
-1.913355248235467602e-04
-1.977738200325366311e-04
-1.541509494713880744e-04
-3.693054521094854851e-04
-3.256861031118221932e-04
-3.283412182293505579e-04
-6.266195248508832122e-05
-6.523547501393120581e-05
-3.782790652453149572e-05
-8.553047821015577609e-05
-5.857697313162679687e-05
-4.946086458047774443e-05
-1.083719390209316732e-04
-9.916460451321598897e-05
-8.730290297482974052e-05
5.415570583310055724e-05
6.601876069960304380e-05
8.473287195349179244e-05
7.208454466360741139e-05
9.087593386331640219e-05
7.776344449562989946e-05
-8.113193146735362673e-05
-9.417686356859243635e-05
-9.423534011151907534e-05
-1.072809068874824715e-04
-1.075690999642041096e-04
-1.085651532985887227e-04
-7.099405429475275369e-05
-7.183358722894105292e-05
-8.869937025202126132e-05
3.089956551495355390e-05
1.393933328608363046e-05
-1.106034825365411042e-05
3.440703861223845853e-05
9.253819814926218996e-06
2.808886991978046331e-05
-5.504362844671474694e-05
-3.617286794189009038e-05
-2.098745469764618757e-05
-1.539709418576547663e-04
-1.383020994376093018e-04
-1.149043999683420120e-04
-4.550734454595296266e-05
-2.250551537855816466e-05
-1.934753804217357524e-05
-2.438114083617282492e-05
-2.115733063529510387e-05
-1.845484565360321050e-05
-7.938367620791573413e-05
-7.670374669482780939e-05
-6.873671696111199425e-05
-1.053409554378487015e-04
-9.740166165455815361e-05
-8.843216645595952663e-05
-1.787590331822597699e-04
-1.695182320761434713e-04
-1.597536717867038749e-04
9.531277165683582631e-05
1.046045256685905554e-04
1.145837693288241947e-04
-6.042710056989710550e-05
-5.029330829398059605e-05
-4.760691688785091301e-05
-1.636914069136353707e-04
-1.602225590256764020e-04
-1.556002732243788730e-04
1.208884435247839961e-04
1.245736223651627709e-04
8.477172032052160563e-05
-3.747111413333838095e-05
-7.680739127045987783e-05
-9.346302904932250028e-05
-4.138450804112969576e-05
-5.852369141111572032e-05
-7.389579863694236859e-05
-1.239237390736539607e-05
-2.781772659101263865e-05
3.147538878469133663e-05
-6.572226433955804690e-05
-6.458165482819435126e-06
3.040938173508872934e-05
-2.051842970328068448e-05
1.665742894257088848e-05
3.107352735454930320e-05
-4.297620024581945463e-06
1.044717704857481971e-05
3.851867052248277891e-05
1.002681316479925658e-04
1.279225817833707594e-04
1.596205963107686873e-04
6.592277907288232076e-05
9.743515481771197273e-05
1.060030522834599183e-04
-2.919425481411698823e-04
-2.822386554131194785e-04
-2.900899597737883790e-04
1.014015475133523509e-04
9.283127667699552941e-05
6.284335678774012092e-05
7.800763353556938338e-05
4.796956774643702272e-05
3.439716000373864132e-05
-6.651273586922245261e-05
-8.016838056702709240e-05
-8.940833772511251934e-05
-2.129239897962341313e-04
-2.219155166575408793e-04
-2.055359444808466302e-04
-1.470025772040433503e-04
-1.308964937221510278e-04
-1.303409880591129911e-04
2.156222011642588109e-07
1.198954171916281029e-06
5.961207562198568132e-06
3.940925676324013357e-05
4.351533519204490259e-05
5.629526040090910340e-05
1.097477891582779959e-05
2.366304161066851760e-05
4.024822577963353991e-05
-3.202513640649364219e-04
-3.036286650585126698e-04
-2.816277483956899897e-04
-1.037535109916817963e-04
-8.151635853704180873e-05
-1.020003395320226002e-04
-3.431128431242075122e-05
-5.509238631253433709e-05
-8.563071450443229598e-05
-7.455877435182524209e-05
-1.050275152851011507e-04
-1.267209830673344390e-04
1.567001833860647030e-04
1.349675636759094938e-04
1.552704664893598315e-04
9.062135871705338797e-05
1.111996783540734109e-04
1.467143692829172251e-04
-1.257889276937431636e-04
-8.968849307312712696e-05
-6.090935002304721747e-05
-1.485305010752295020e-04
-1.192040895972411719e-04
-1.222667979490022275e-04
-2.868771940398972121e-04
-2.881053424388180587e-04
-3.021473134344333615e-04
-1.956484102591882560e-04
-2.104910858383292165e-04
-2.151919908962475893e-04
2.467944757660088875e-05
1.777826383232299122e-05
2.246136096502326669e-05
-1.947715210869240400e-04
-1.900345818678788072e-04
-1.237926898832539409e-04
-3.232359453643611795e-04
-2.556169765378455013e-04
-2.087464272587513789e-04
1.628331247408767849e-04
2.085526611811527745e-04
2.188256096525205982e-04
2.045354885670402781e-04
2.140473573200492871e-04
7.305139913655272306e-05
1.684042129164649857e-04
2.738604851032993377e-05
5.417369253973142434e-05
1.558860810982381421e-04
1.828631183043368273e-04
1.899124885427377657e-04
1.999172644600518160e-04
2.065892089491322176e-04
1.612759060475333901e-04
1.992307856313496367e-04
1.540186549203760298e-04
1.387375427022468266e-04
5.531628083133244235e-05
4.015849609476364822e-05
-3.369616780420366217e-05
-2.044080119031630783e-05
-9.413053368208530833e-05
-1.385609369431466857e-04
6.601922331154745529e-05
2.146378271888634926e-05
6.870302504888560978e-05
-1.966647262857140104e-04
-1.492671227382420340e-04
-6.259004216203662048e-05
-1.614938909857708605e-05
7.016597452079681267e-05
-2.863212633932830128e-05
-7.701401695171567093e-05
-1.757563694246009115e-04
-1.394545850550821091e-04
-1.085541115008190397e-04
-7.240317228455748805e-05
-5.428381368157209389e-05
7.149934225277322880e-05
8.995541034627018936e-05
8.765969996836402785e-05
-4.714049467501485761e-04
-4.725939330432341393e-04
-4.838211931276390453e-04
-1.580827749964945107e-03
-1.583803259207613220e-03
-1.541953572740844105e-03
-7.155331437464127441e-04
-6.814010946248384454e-04
-6.564921187803226567e-04
-6.283885838632198313e-04
-6.036130781851786233e-04
-6.324359736779537871e-04
-2.730368124887424565e-04
-3.035563448818233683e-04
-3.205997307761606382e-04
1.292447024000044364e-04
1.121233982755768491e-04
7.080435476588297955e-05
-5.201839289861140718e-05
-9.331814056871246227e-05
-1.246890770397612196e-04
-1.404973414880574835e-04
-1.719308075388425333e-04
-1.886140939928845277e-04
-3.134393064664208633e-04
-3.301562660523012986e-04
-3.427859730502701521e-04
-3.525034676455215325e-04
-3.652259285511559963e-04
-3.541624642240984947e-04
-3.077475223174429655e-04
-2.965860071855767281e-04
-2.871629018730835784e-04
-2.114769190813584835e-04
-2.020958105962143735e-04
-2.024413816766139883e-04
-3.207072492617534269e-04
-3.208879471426155910e-04
-3.243478202105570286e-04
-3.387036823337223872e-04
-3.416673933000374287e-04
-3.435081943762893883e-04
-3.304063937005657405e-04
-3.328063957752133814e-04
-3.279400674448406001e-04
-2.073390550804729668e-04
-2.023983373594527742e-04
-1.893296399239730401e-04
-1.258666865116974017e-04
-1.128744884945731786e-04
-1.056125103269581054e-04
-1.304501170844119353e-04
-1.229594264651525932e-04
-2.170540263452770875e-04
-8.325257580791305047e-05
-1.776042934782075451e-04
-2.036726800724864006e-04
-1.654449750478583143e-04
-1.913771411636844277e-04
-1.905756944324821234e-04
-3.204686217941343784e-04
-3.197485348209738731e-04
-3.190226852893829346e-04
-2.592736564110964537e-04
-2.586514165159314871e-04
-2.457609859189739893e-04
-5.398318753577768803e-04
-5.266312852396419714e-04
-4.152951430306044914e-04
-6.290003999962261389e-04
-5.176735710129348137e-04
-4.959580792173250933e-04
-4.453334392756430008e-04
-4.239623040019972994e-04
-3.824960203960099865e-04
-4.112598789914949609e-04
-3.693541857532718826e-04
-3.826417172380285428e-04
1.071585083960062217e-04
9.347883917563314582e-05
6.683008993994962125e-05
2.582831677919904733e-05
-8.827001017466589924e-07
-1.332675278190509002e-05
-1.185834508084640309e-04
-1.310840085754542104e-04
-1.174089975973408603e-04
1.970149638127549965e-05
3.351278604550250533e-05
9.137761789093049470e-05
-4.970886044593564508e-05
8.474003506808301840e-06
1.115803722964527392e-04
-5.660160842166958150e-05
4.606172730884722710e-05
1.952408437825294235e-04
-1.976402447585088825e-04
-4.651972817037980769e-05
-2.544082840473757025e-04
1.468223726585062244e-04
-6.215798431424357853e-05
-8.300739686277312660e-05
-2.892282232211337324e-04
-3.083910105870346489e-04
-3.180982123645367116e-04
-2.775133016639630260e-04
-2.878371554011823624e-04
-3.058557650968951862e-04
-5.947158599788667649e-04
-6.093877620026988667e-04
-6.088345743925124409e-04
-5.071160868704838436e-04
-5.064688938879221679e-04
-5.072196864025908499e-04
-1.607016219501197882e-04
-1.668814138943570371e-04
-1.370148229889090634e-04
-5.394475650659377535e-05
-2.429210785883325111e-05
7.389936140292217457e-06
3.850888739201846012e-06
3.548774904154323550e-05
1.968685024386225535e-05
-1.905939928157991865e-04
-2.059887913152021329e-04
-1.969440969494746835e-04
-1.563619000467848937e-04
-1.474918868714587600e-04
-1.461760032111123701e-04
-1.474328038314820294e-04
-1.783795265876284768e-04
-1.690909127955612999e-04
7.885857881749356495e-05
8.578126947215671720e-05
1.498869477160777149e-04
1.002735072961720366e-04
1.648404230451713500e-04
2.720214303673883227e-04
2.118446080800648031e-04
3.186825976565187124e-04
1.618678450948165550e-04
3.171109180522789506e-04
1.600849080612489774e-04
1.730832839110473778e-04
2.375797174361606880e-04
2.505071308713479575e-04
2.434742033577735800e-04
4.562199613597045207e-05
3.940054162319072371e-05
9.946959046350527158e-05
-1.719521154378794801e-04
-1.114981975436050857e-04
-6.262857079462311226e-05
-5.095408301039453837e-06
4.303218718661763710e-05
7.626494496957772614e-05
-2.549659422555170018e-05
7.635056850401695985e-06
3.773689052177542662e-05
3.647614010203573966e-04
3.945500119923981449e-04
3.472690461137151532e-04
3.328313086283760688e-04
2.856724551463319176e-04
2.630443808455044767e-04
3.177339187174854987e-04
2.951549571305537960e-04
2.603724599494731820e-04
1.877459320537770530e-04
1.531894843238538898e-04
2.527771322358244319e-05
1.415624749525583185e-04
1.371080326218002696e-05
4.374729897811934767e-05
-1.317676909703404341e-04
-1.022030265537656802e-04
-2.320702203284284813e-04
-1.334046320059902925e-04
-2.629398092828026754e-04
-1.376540099863800162e-04
-1.190386990052914824e-04
5.938730655526841280e-06
1.017146577596303816e-04
-5.685741106391874492e-05
3.892275064751625014e-05
3.958423833071519514e-05
8.658530798308670473e-05
8.734473005577255865e-05
1.320891202890634342e-04
4.954214302531708856e-05
9.427253431615827519e-05
1.485102155749821540e-04
6.848546368976531464e-05
1.237389850468510267e-04
8.103276332924229603e-05
1.984995804998227831e-04
1.551606124042542050e-04
1.231175466623576410e-04
-1.416971340301437904e-04
-1.730340680855838530e-04
-1.703493085992682419e-04
2.156950414596544630e-04
2.172710032132294336e-04
2.707540150124090167e-04
2.052638832642536917e-04
2.587158558282511684e-04
3.046018815943205959e-04
4.126453311738999936e-04
4.578973590972999341e-04
5.249736236242999628e-04
4.028176869318520880e-04
4.703293447624848529e-04
4.616152864513680147e-04
3.545598696751942232e-04
3.459816498547553824e-04
1.896985721895925537e-04
4.585014094231411623e-04
3.020094026350870564e-04
2.500033492276835536e-04
-1.186188283558117004e-05
-6.367080508536479425e-05
-9.954555236998290698e-05
-7.331465034550807428e-05
-1.091093620963701693e-04
-4.180827213894961663e-05
-2.164836434911281745e-05
4.602979483570517711e-05
1.003066560277850313e-04
-1.428345361582600910e-04
-8.740955795849254892e-05
1.275256442348352611e-05
7.685318873507389261e-05
1.751611642863123769e-04
1.367752728660127752e-04
8.127887201006404102e-05
4.299920957093151738e-05
1.442641709959130263e-05
8.278239957545908620e-05
5.458929567625741934e-05
3.161619251611106143e-05
-9.274255958357830072e-05
-1.152270385341865565e-04
-1.174241465437715084e-04
-9.847202154790587678e-05
-1.009530083197658092e-04
-1.053785061573831979e-04
-1.189595482233469516e-04
-1.240091486012785378e-04
-1.215338707682721070e-04
-1.906572113855032865e-04
-1.877004979890815667e-04
-2.382448752985288389e-04
-8.519866976561469348e-05
-1.358282630906392820e-04
-2.366318078680680745e-04
-2.411459451184560544e-04
-3.411553045703814976e-04
-3.925027415740708989e-04
1.875028208336541749e-04
1.348681832545031625e-04
1.403340389757776175e-04
3.545885529579267080e-05
4.127799513902380207e-05
7.704986988915535112e-05
2.739136437106742599e-05
6.282222953973742624e-05
1.008791259574799682e-04
-6.064646623947244925e-04
-5.654164015230626374e-04
-6.098233877720873409e-04
8.919729952151913893e-05
4.208544692559137144e-05
2.866058511086355524e-05
-3.046822982879917674e-04
-3.183450111571272398e-04
-3.290746976924977430e-04
-2.634078529579901616e-04
-2.666095503105482783e-04
-3.044763684637313448e-04
-1.313915532978883710e-04
-1.692230394008969899e-04
-1.849297517866767661e-04
-1.301928528017764922e-04
-1.465851932254560010e-04
-1.506827223658065672e-04
-2.484192049552626626e-04
-2.515766512680302734e-04
-2.420656737172431747e-04
-6.613765120584021683e-04
-6.499240470816768480e-04
-6.411079934229388811e-04
-1.672238349215514461e-04
-1.612316677243694912e-04
-1.277776449853403442e-04
-2.238395658684209238e-04
-1.904672084776533715e-04
-1.478626006189969898e-04
-3.791107184238540380e-06
3.984501318538062565e-05
8.058530090815900103e-05
-9.101967652330673940e-05
-5.108862080637784466e-05
-3.878094703314795191e-05
4.302050672445027367e-05
5.524516182130233353e-05
7.081302361467567289e-05
-1.513338704163391798e-04
-1.341480102725541869e-04
-1.129041649491749127e-04
-5.432179126518133080e-05
-3.446820681888976886e-05
-1.605438739476274532e-05
1.156463966381513159e-04
1.335472028428174945e-04
1.421554587122750160e-04
1.056436143541194888e-04
1.143008810740661499e-04
1.202871483828614539e-04
8.951981345124064657e-05
9.545362110563768805e-05
1.076026530571936538e-04
7.478520121273799599e-05
8.690574051427681947e-05
1.091317792801399251e-04
2.315733147187813094e-04
2.538440205884378870e-04
2.728831504463234453e-04
1.481010079063687940e-04
1.671454564892703204e-04
1.174223528190367375e-04
1.266201479119264989e-04
7.687232053771992073e-05
4.714846918888994593e-05
6.864545347102363453e-05
3.968860447005041975e-05
1.219149866282342835e-05
1.778188690014057710e-04
1.496386890174016254e-04
1.816165434144146533e-04
1.661400297414637999e-04
1.979775454680144579e-04
2.258009356811816371e-04
1.610802476358309181e-04
1.890187580503697074e-04
2.281066702533277209e-04
1.450392759071836746e-04
1.840258049167456562e-04
1.195873028905384888e-04
9.942751814087354492e-05
3.536186528664759295e-05
3.059052637550052287e-06
3.219277829204431670e-05
4.197426687506996407e-07
-2.481432555093482568e-05
-6.347236199420410764e-05
-8.777746504954114987e-05
6.341297046753228538e-05
-2.483811617627651762e-04
-9.772454870392917759e-05
-2.151087921661490169e-04
3.395037005074007892e-04
2.206658480431253496e-04
2.722967809773579754e-04
1.072122447808107767e-04
1.589934153258398689e-04
1.954770379939425179e-04
1.198525905152380980e-04
1.561060164363432118e-04
1.522043796069665967e-04
1.809017669416341373e-04
1.770581194944425641e-04
1.875039997705738341e-04
1.976847899425520716e-04
2.085700798509191071e-04
2.215353398004804770e-04
-2.237649823450340875e-05
-9.345900185566671705e-06
2.485624454078656700e-06
1.020872242169712702e-04
1.138137422363287034e-04
1.268687895533895525e-04
2.469111031946739378e-04
2.599957927630549702e-04
1.906481503509506784e-04
1.995670293725362453e-04
1.298822481884211503e-04
9.753448374191623933e-05
2.058898700168878041e-04
1.737451484435642958e-04
1.451534305277140898e-04
7.475191794889372594e-05
4.582776880560909339e-05
5.216362563760512661e-05
5.503261188714300223e-05
6.317977471144431423e-05
2.289026417895455648e-05
-1.441367776938012879e-04
-1.842374043666268439e-04
-2.179062056048940556e-04
4.655320629137803604e-05
1.145002276905070378e-05
-5.283109065366570906e-06
3.175819544855694606e-05
1.515686031036298995e-05
6.338333482249936955e-05
-9.120572199042666431e-05
-4.306452170152851445e-05
-3.126368221586332537e-05
7.881357812498978113e-09
1.157893155010654711e-05
2.710884323993455539e-05
-6.852326208487964469e-08
1.557281244264673362e-05
3.433685674449201905e-05
1.168092206697700537e-04
1.349927017616644152e-04
1.475707889837942844e-04
8.714303590008761966e-05
9.966870712356491139e-05
7.891640315505941364e-05
7.535513432936592152e-05
5.468973439860423062e-05
4.864993327136844488e-05
3.304945029526282999e-05
2.743241140924155804e-05
2.267800261110798719e-05
5.250581245708972307e-05
4.738887179487184884e-05
5.183628690699353418e-05
-5.657858167465044854e-05
-5.235517874555424252e-05
-8.593436368973118421e-05
-7.694829383129015961e-05
-1.104981712181971705e-04
-6.188375065428492350e-05
-8.359817011513871309e-05
-3.504102588956531806e-05
-2.553124634461172550e-05
-4.319932433170553965e-05
-3.343762203031846016e-05
-4.712825080992633520e-05
-7.531817957671054333e-05
-8.907152711095267950e-05
-9.243990736807763346e-05
-9.949995343254858671e-05
-1.020388454178261734e-04
-8.697685245533169456e-05
-3.651861427146076925e-05
-2.220525913980485148e-05
-6.995621498015957510e-06
-1.800979631498146171e-04
-1.647825039804850394e-04
-1.489751281189829546e-04
-2.076795710132394606e-04
-1.914422151605695921e-04
-2.050527325866383804e-04
1.613451189621254367e-04
1.468409538699674117e-04
1.249182039463545544e-04
-4.710787451245014796e-05
-6.881905414055777956e-05
-8.443054057202535102e-05
5.732378645908342433e-05
4.173821698863757423e-05
7.722753673270789116e-05
-6.871141622319119403e-05
-3.349311134833398134e-05
-4.922079976868388908e-05
-1.239866118138611582e-04
-1.395657542835598971e-04
-1.412870003576378332e-04
1.427570371796699081e-04
1.410401057484571828e-04
1.396715438942101178e-04
1.446694843736489309e-04
1.431587866874087928e-04
1.567572097566315961e-04
-1.593701103219154896e-04
-1.455443499570375251e-04
-1.355139751144281428e-04
2.877966368499789958e-05
3.873432491267408918e-05
4.985267415216955043e-05
1.459101264440857966e-04
1.570701378168800721e-04
1.453092462262519399e-04
1.478831644872465978e-04
1.364154066769786874e-04
1.329034844391091866e-04
-6.730865620817907654e-05
-7.119358768909730484e-05
-7.670776639552313045e-05
-8.999739792421021034e-05
-9.539871197612482265e-05
-8.088647040008971421e-05
-5.254169181407886699e-05
-3.823629116109976498e-05
-3.145281643690089717e-05
1.907799857266774448e-05
2.568492946131606565e-05
3.424993631604762072e-05
-6.490519261821313043e-06
2.118347065408539721e-06
-5.189304900428699644e-05
3.630347348924429412e-05
-1.767800384274171980e-05
-4.809772679604756396e-05
-6.878465026690112742e-05
-9.920865148328411143e-05
-1.213733803852457677e-04
6.046094323951584537e-05
3.841245503639838352e-05
1.175522253376732056e-04
2.785616103569081678e-05
1.068677289638037269e-04
1.212265141881628538e-04
5.378811932106711312e-05
6.816860145103173507e-05
8.562447714317443677e-05
3.879735044814633382e-05
5.616833026684674331e-05
7.994612431914412771e-05
4.362370622508081504e-05
6.759524447672867571e-05
-8.730758029533138226e-06
8.228557752274775301e-05
6.036787478687653591e-06
-2.535548494656743074e-05
-5.653784658325424145e-06
-3.731448171188296342e-05
-6.598444731119532396e-05
-1.021891316910571005e-04
-1.306149452566679220e-04
-1.039893158913361704e-04
-5.542483547381568958e-05
-2.857551406759348267e-05
-4.298179465997233376e-05
-1.225656796914297020e-04
-1.365442212875859378e-04
-1.293271671230280260e-04
-2.474190024378910050e-05
-1.827426971349208149e-05
1.649395997824646483e-05
-4.455236561543582472e-05
-9.527716625458226103e-06
4.929707288952998217e-05
-2.671285906413546456e-03
-2.583403867122470356e-03
-2.474298302231863443e-03
-8.559628544630028908e-05
-3.806440772995600599e-06
-7.817450689648108896e-05
1.863534617856663967e-04
1.097153696461318213e-04
2.962536963894399399e-05
1.068699900057835657e-04
2.650855312384101147e-05
8.290218536802527799e-05
7.096400072606229726e-06
6.350080073405948771e-05
5.255101095889196192e-05
7.949392309472856416e-05
6.867767624561176096e-05
7.382104437969952415e-05
8.974120974079206978e-05
9.479375937193959545e-05
1.014165190400210387e-04
-1.084755507285790541e-04
-1.007168530095269346e-04
-1.193460104597966358e-04
-2.118876936919887924e-04
-2.297526427621255935e-04
-2.396189604696283455e-04
-1.312811566360528887e-04
-1.406194144437486644e-04
-1.416598853741813388e-04
-4.964584629483765157e-05
-5.133170921756362423e-05
-4.981136911127352976e-05
-2.850520569684956160e-04
-2.836188391786777403e-04
-2.633110941017817192e-04
-4.051960454792493012e-04
-3.841150407309483223e-04
-3.940243967580557517e-04
-1.764860150500039988e-04
-1.871639741356432814e-04
-1.880742580030425300e-04
-2.046026400993526358e-04
-2.060075726691945304e-04
-1.785111970712501732e-04
-3.149275522079630603e-04
-2.871710465733964173e-04
-3.341883090313798785e-04
-2.582598323720285572e-05
-7.300504844061051445e-05
-9.135058617494808315e-05
-4.309603497375077605e-04
-4.489103082082773776e-04
-4.419975318018820078e-04
-1.888249168619121642e-04
-1.815565207511659924e-04
-1.751373111809211057e-04
-2.121108861178633038e-04
-2.053092813192473930e-04
-1.924899137954384667e-04
-1.008723539606275107e-04
-8.920250042836819551e-05
-9.035412749003400145e-05
-1.523512787095428092e-04
-1.533989177849866921e-04
-1.476910601250113939e-04
-2.720752725443594628e-04
-2.666071285839410518e-04
-2.298125583782449557e-04
-2.180545761130036806e-04
-1.811886142111972166e-04
-1.447406967522888127e-04
-1.532500138144597603e-04
-1.169874004440693799e-04
-1.072697807345500951e-04
-1.942811787480800095e-04
-1.845066319461873537e-04
-2.011776522117810309e-04
1.369887184167784835e-04
1.203161447342341781e-04
7.380100664469470284e-05
-5.427708661548364755e-05
-1.007334167776064853e-04
-1.114040818802932960e-04
-2.026366810719849583e-04
-2.126647190462718469e-04
-1.891097515605786586e-04
-1.319724137002522809e-04
-1.088987653626525680e-04
-1.097785467222970376e-04
-1.408498672087142014e-04
-1.418314683192115674e-04
-1.286448457163465327e-04
-3.052470607158434043e-04
-2.920124750003856725e-04
-2.878849810925731461e-04
5.824172926608585507e-04
6.750488830712916876e-04
7.841330795967855517e-04
6.558912575693162704e-04
7.645261928159647648e-04
8.058530374102520176e-04
7.184895355207749669e-04
7.599493555164190360e-04
7.981149880408597904e-04
9.058348377140464612e-04
9.439498659532805699e-04
9.357659386502945043e-04
9.432347921149162370e-04
9.351613211244710899e-04
8.047222234428720719e-04
7.779285610219829894e-04
6.475471034766035324e-04
5.178381119512037983e-04
6.269339081019954926e-04
4.969852756366150131e-04
3.822108343886236386e-04
5.397617363959567299e-04
4.251754805156985955e-04
2.102817938158512020e-04
5.287603059262062149e-04
3.136990466465465629e-04
3.774079259613523666e-04
3.314275503818169140e-04
3.950296331907617335e-04
3.267784950898166988e-04
3.362130255566904728e-04
2.680808129829492662e-04
1.918351999801765247e-04
1.395830941495623681e-04
6.369777201592876151e-05
-8.131790766820488686e-05
1.581864571516583724e-04
1.280497142251403814e-05
-3.422498138508817426e-05
6.491812175585048254e-06
-4.052059102225175373e-05
-3.502837031080536655e-05
-9.389970818421861402e-05
-8.838581967099718860e-05
-3.525883055193268305e-05
-1.218802685423489671e-04
-6.881113783823244816e-05
-2.284869160288645991e-05
1.918027599698383121e-04
2.376022638628987678e-04
1.939831511613318267e-04
1.634655181107141160e-04
1.198693483224940988e-04
1.197609094929489215e-04
-5.154208493466847212e-05
-5.153235493660169642e-05
-1.155318719917435033e-04
-1.686019599760343413e-04
-2.316156429821152074e-04
-2.593899477258073977e-04
6.004015755602234777e-05
3.113166926347365787e-05
1.703752155543454853e-05
-1.462369324624287505e-04
-1.598941516397785309e-04
-8.017140003443090288e-05
-1.048756302600990895e-04
-2.560554508176026908e-05
2.733611878285216305e-05
2.003364120088191661e-05
7.291204788999663803e-05
2.219805820921031281e-05
3.332060847243325922e-05
-1.741608219610931828e-05
-2.527250413558238527e-05
5.577462223910695585e-04
7.229066690212637833e-04
8.261578010847457371e-04
7.064527166091427854e-04
8.100398087395020447e-04
9.096276397680799677e-04
8.893031742177568994e-04
9.884360250648047044e-04
1.036089975970213304e-03
9.289752550752769424e-04
9.764756832750262714e-04
1.564681809723978897e-03
5.722246132803829408e-04
1.161563053357085248e-03
1.836117548045476146e-03
1.574275159838279745e-03
2.248005157561746604e-03
2.795343669377867851e-03
2.220343116313924260e-03
2.767740185036924455e-03
3.223119649714834868e-03
2.648909201626335058e-03
3.104256681194573521e-03
3.431369821396718089e-03
2.970899641308978080e-03
3.298158358871067231e-03
3.411696842021892401e-03
3.369249732554951970e-03
3.482587515690947506e-03
3.043918939628562515e-03
3.607563292689273688e-03
3.169423853368422573e-03
2.638892829924598983e-03
3.224473661365843003e-03
2.693156063248180500e-03
2.174266646126517093e-03
2.653806418454051665e-03
2.134858415321678853e-03
1.900133472627378237e-03
1.789649936928645706e-03
1.554957299486152064e-03
1.435880196589105727e-03
1.751773611868149769e-03
1.632922442006939055e-03
8.038330855266290730e-04
1.689616994774960877e-03
8.602081073400664156e-04
5.899960687621441657e-04
8.470883916084754293e-04
5.769716971791294391e-04
7.011843859630305115e-04
8.312344452370834524e-04
9.553891737426299397e-04
1.033930448028578825e-03
9.038075964611623232e-04
9.826149015853585973e-04
5.307947907923654153e-04
7.450030370083110705e-04
2.937799767452225520e-04
1.350610111337283929e-04
2.566416555411115720e-04
9.839274589532411887e-05
-5.632614556810519330e-05
-9.041276625728809045e-05
-2.432254150334622585e-04
-2.597329203832480084e-04
-1.510699985373642170e-04
-1.683807114000949036e-04
-1.176461923960421367e-04
6.644290435579093589e-05
1.149125050660397725e-04
1.541376303750047368e-04
-8.515345371326544718e-05
-4.578301297883001150e-05
2.124628218069823417e-05
-1.833475063220640737e-04
-1.149580436461403784e-04
-3.590044208519435794e-05
3.098194777564346972e-04
3.877180629251869830e-04
4.140434569687635085e-04
3.812733834684240136e-04
4.068514348016173026e-04
4.707667567752267523e-04
3.529491180795297405e-04
4.168468758914585515e-04
4.147609091396915011e-04
5.579946619443561240e-04
5.561113888198049955e-04
5.716949575287421466e-04
5.610981409936683468e-04
5.763015845730100990e-04
5.991799341259772304e-04
5.730216701920275808e-04
5.959798224481070760e-04
6.104666650120733418e-04
4.919348945819089535e-04
5.065352711884869375e-04
5.459500688252834875e-04
4.539174665755225458e-04
4.935163895957036216e-04
4.967235732674011271e-04
6.426657135839438338e-04
6.458483845544391554e-04
6.842826719737233341e-04
4.321242164205172341e-04
4.706126660682813942e-04
5.152691291116403812e-04
6.110505078329326331e-04
6.553528500192093128e-04
6.602193501471758773e-04
5.015858177032547468e-04
5.065103217653215816e-04
5.664478305203753247e-04
5.767781443587721279e-04
6.365476367005991473e-04
6.620014159969195896e-04
7.773869876342738702e-04
8.031581660295978361e-04
8.051715829739953915e-04
2.369918060983672910e-04
2.400388601333509724e-04
3.270293475714192936e-04
-8.822568799271572788e-04
-7.871119648563994816e-04
-7.199250456857886511e-04
4.974836545331936567e-05
1.098519361597094339e-04
2.416058285161152945e-04
2.245089791734311384e-04
3.557253237813011275e-04
4.292780559460029899e-04
6.798651027492478953e-04
7.516763199070797263e-04
8.168886829516943185e-04
1.181667414186182707e-03
1.246796351100793072e-03
1.319097459183715335e-03
1.080013591039469430e-03
1.152309569572273693e-03
1.333484905488355535e-03
1.110971623840916953e-03
1.292119252910403984e-03
1.537407129960056571e-03
1.146909561655981916e-03
1.392157159004282383e-03
9.085586333665760482e-04
1.374913226770159034e-03
8.912419706601413215e-04
5.554052555079987911e-04
9.493635715469481672e-04
6.136114903337738184e-04
3.760545060209015194e-04
6.925120620134702591e-04
4.549201240002194229e-04
4.322436310669370034e-04
3.304206311873176876e-04
3.078657922653444149e-04
2.910742003380090929e-04
3.160724321698732712e-04
2.996693763791353441e-04
3.070162181085158565e-04
2.954567424396754242e-04
3.023681617615927436e-04
4.729883638296784399e-04
4.307967298938144424e-04
6.015394881919534443e-04
6.436703071881000934e-04
6.759979131252081630e-04
7.180084023343314466e-04
6.834474536043084157e-04
6.891343611709688840e-04
6.547511786373755825e-04
5.872232508227285793e-04
6.942577221814966691e-04
6.265375344628524830e-04
5.701968158386086115e-04
6.493432086972576430e-04
5.931418392132406124e-04
6.367430343578740206e-04
4.657780347182785162e-04
5.092696539412423220e-04
5.997474522964926606e-04
5.670890115487559882e-04
6.574994636403294450e-04
7.820056163971949009e-04
3.729797768110307103e-04
4.977788596214431909e-04
7.023119392447858475e-04
4.022382019819397119e-04
6.068212819860070370e-04
8.220550492790102640e-04
6.806096203268259190e-04
8.954814523842692057e-04
7.188203591016318998e-04
9.060714631725608984e-04
7.298092669901635847e-04
5.655992475358645986e-04
1.196851931230743637e-03
1.032315897943625934e-03
7.349862773081278222e-04
9.597821384223054718e-04
6.623942882980210500e-04
4.727438779902181504e-04
5.450159498251033741e-04
3.552031546952671287e-04
2.440132839773993855e-04
5.089376562047286806e-04
3.979402782215017741e-04
3.945480331219533045e-04
3.101716311584439044e-04
3.070320727908784110e-04
4.557377649931610526e-04
2.479634478129246790e-04
3.962747685606033505e-04
3.047340410881779716e-04
1.524552461220324935e-04
6.281054589237194518e-05
1.616356821817772470e-04
2.753150743552587555e-04
3.730550452222542845e-04
4.606227425446437693e-04
1.502975865354256712e-04
2.393899753277825213e-04
3.652575521920589131e-04
2.474365441647993422e-04
3.728489953283933324e-04
6.493512105195456408e-04
9.083008423491989794e-05
3.707154450936847589e-04
2.625591083274853195e-04
4.422127881086104773e-04
3.342495261536610092e-04
1.695517006607169357e-04
6.888888388717246021e-04
5.186887305041218248e-04
3.111108923073609969e-04
6.349922790701875534e-04
4.271941103249540230e-04
3.960829010090683193e-04
4.601814540544276735e-04
4.290042081472356409e-04
3.992190123433450154e-04
1.992420977537412733e-04
1.698945653522590093e-04
1.430954128651507973e-04
2.171524048214981250e-04
1.901543276532181382e-04
1.974380529436889050e-04
9.247951523015283341e-05
1.016780397340330240e-04
1.008360156331826636e-04
3.870439640896069762e-04
3.839347515961770603e-04
3.961884363246028678e-04
3.844172640013192484e-04
3.971475821611349837e-04
4.883601532770172381e-04
4.479981876368512765e-04
5.387716983664632463e-04
4.213871511830873801e-04
5.461088540601395690e-04
4.285390173401609076e-04
5.383315061992345130e-04
5.023052367698326720e-04
6.120325985323017215e-04
4.943543811014514122e-04
4.076639585621034479e-04
2.907953878666866276e-04
2.179277167994031201e-04
7.605935230736021735e-05
3.556934312308717826e-06
8.172989447098220287e-05
1.123296775727966319e-04
1.897925333721562713e-04
1.026463792500711459e-04
3.095334189381449908e-04
2.225886487709052342e-04
1.928127438763608962e-04
3.910762530127234239e-04
3.606837252622922688e-04
3.665250221666201884e-04
2.927098956892719298e-04
2.987072691603816980e-04
3.325086207474325906e-04
3.390835952296174997e-04
3.728931249930267345e-04
3.909039350496630312e-04
2.691552279862319242e-04
2.873506654673281253e-04
2.495559595916888159e-04
2.820051649273398460e-04
2.443975530257916492e-04
2.277496517819600731e-04
9.072734915376663625e-05
7.350243536729985771e-05
1.182450151421823251e-04
3.571143166136616764e-05
8.088760030239305378e-05
1.326283022634163139e-04
2.259270195967280018e-04
2.772981611186116574e-04
3.299963353641135848e-04
2.167650022882446287e-04
2.694437206230862296e-04
2.391352787830916841e-04
3.158746620613886273e-04
2.856562092651663025e-04
2.954908364869272830e-04
2.500531733253089388e-04
2.598802335511511685e-04
2.945786930035674926e-04
2.368593946981793763e-04
2.725897013556087371e-04
2.616788835212349035e-04
3.371022996839011070e-04
3.255379407847060896e-04
4.259459681204070310e-04
5.297496607003203406e-05
1.538069052482505302e-04
8.440127489592981133e-05
5.140561850136627416e-04
4.438113893658677915e-04
3.928518043317793997e-04
4.368425790264095047e-04
3.859402848825751933e-04
3.661685616140835211e-04
5.464844497105999978e-04
5.260099853519000336e-04
5.865107799530000195e-04
4.727917432507615760e-04
5.337249261849996403e-04
5.145359183548271808e-04
4.117845804778829917e-04
3.927037406715817901e-04
3.286714589218216577e-04
5.072026261946439895e-04
4.430112920114378074e-04
6.466009599072416883e-04
1.215946202161329428e-04
3.253376944022742670e-04
5.673946774045765876e-04
3.315725497933594149e-04
5.737632357927799701e-04
5.250738350089009234e-04
6.533620956766248225e-04
6.050313122916336486e-04
6.999967457175261792e-04
3.894173014789189527e-04
4.855048039842403945e-04
5.960161676221657073e-04
6.788229814644909915e-04
7.874921599459964311e-04
6.185164637715724134e-04
6.908679084909278428e-04
5.219975972865876579e-04
4.810923638155485639e-04
5.693051169944164181e-04
5.288058237505878457e-04
9.609352545897104254e-04
3.900595984754885682e-04
8.227071648082323781e-04
5.643137414814648669e-04
8.295193819879182091e-04
5.707917884798464816e-04
2.711384154816175130e-04
5.537595866122958701e-04
2.535376993899250654e-04
1.175350962339104808e-04
1.829312828329408792e-04
4.734952106533066394e-05
2.315637489715138830e-05
1.401548260955275691e-04
1.158805384480349199e-04
1.013822628140381233e-04
2.232970969685832419e-05
8.648553206764783043e-06
8.430083859950910502e-06
5.366579724198138968e-04
5.351377069265643611e-04
4.891019037585865549e-04
4.329014911737820610e-04
3.872072105422776035e-04
3.869911384752584360e-04
3.762760737572025350e-04
3.757127056813431643e-04
4.493809470167192590e-04
-3.305753847600328066e-04
-2.540655181784373749e-04
-1.862509379115340289e-04
4.361993419896620285e-04
5.014682829660910193e-04
5.019499651291353714e-04
1.596430812079074803e-04
1.598260416551439177e-04
2.243874259181969158e-04
2.320465566492585551e-04
2.970919958204679481e-04
2.551835602883392425e-04
4.288496055994831316e-04
3.869339232135706992e-04
3.767295235856341767e-04
4.148238037981235833e-04
4.040224263998585391e-04
3.950950793124829432e-04
2.841482598422932077e-04
2.759848300967459580e-04
2.920637121527945926e-04
-1.344125905405635932e-04
-1.162968769100004504e-04
1.480672316291708037e-04
3.800751797493106057e-04
6.417902285364795014e-04
1.073230098122684127e-03
6.511412601583975836e-04
1.082501297937659389e-03
1.338678067166367133e-03
1.180297269606916076e-03
1.437720177544289787e-03
9.170185079190650099e-04
1.320852582192057331e-03
7.990222660217204207e-04
3.099971456184147942e-04
8.908136809102960938e-04
4.017205448552130806e-04
2.077496123186950623e-04
2.310980582340716469e-04
3.867802516684728251e-05
1.140431076958613220e-05
9.774014543869393454e-05
6.909895846359269444e-05
7.628560915630910010e-05
2.137364247554896933e-04
2.204485229406938276e-04
3.507034240514482048e-04
-1.666611397218675892e-04
-1.933617695391989864e-04
-1.268930278900586093e-04
-2.130158481811053671e-04
-1.465982856178231562e-04
-1.466859622239527201e-04
-1.721481745779089654e-04
-1.722585376198795533e-04
-1.349333296250470422e-04
-2.867252723876582900e-05
8.690959569074914633e-06
1.376517902436705503e-04
-9.265093549153883678e-05
3.630451825037991735e-05
4.672427956790273142e-05
-4.869994921047034533e-06
5.547016084497618203e-06
-1.559452903180634249e-04
-3.726686659896922584e-06
-1.644893309290771950e-04
-6.504870718217667359e-05
-2.169627623662999589e-05
7.707638549745801670e-05
2.104727285700241490e-04
9.186186624119777066e-05
2.251222071140395863e-04
2.172351315424250404e-04
1.917142329989323778e-04
1.839570914783919195e-04
2.380590156932447642e-04
1.350155081057393888e-04
1.890081037814815134e-04
2.472827085134763855e-04
9.684069650723529758e-05
1.554682288392637509e-04
2.743359977690738600e-05
1.744473605490480203e-04
4.698727020373803537e-05
6.690203570010734395e-06
-2.019842764051395494e-05
-5.962918965686612050e-05
-1.783635105598864283e-04
-2.548705191498672239e-04
-3.741551643829939093e-04
-3.257078231927247104e-04
8.902582537162516754e-05
1.360550678709747884e-04
2.581969011805159862e-04
2.016361135428237352e-05
1.424578395960526432e-04
1.392672093298289631e-04
1.012029707487346495e-04
9.778236201424185970e-05
1.576321738500236218e-04
1.228426517864692662e-04
1.827621381923644488e-04
1.908822750343129983e-04
2.100432976109995191e-04
2.185898783287153592e-04
1.899301760854666754e-04
-8.613015837396586875e-06
-3.718069176874107869e-05
-3.251798144924210841e-05
5.494247768321090190e-05
5.942992473569942181e-05
7.325040443003418564e-05
1.961585269643856353e-04
2.100824853279093158e-04
2.153985801869455789e-04
1.605668434514129412e-04
1.655164919811684702e-04
1.771959051894884691e-04
2.363050694129813526e-04
2.482263209004815802e-04
2.682569694259152220e-04
6.112025640987690323e-05
7.479230087576284672e-05
3.263452113164676000e-05
6.426426669442876841e-05
2.421031554253859092e-05
6.114709998338317470e-05
-1.526392411950408144e-04
-1.157314296174159090e-04
-7.543030720878448128e-05
1.129687402103731592e-04
1.516451703875878847e-04
1.105580383041401544e-04
1.511171104877809084e-04
1.104574991218273679e-04
7.183327241237625455e-05
1.090986976078647764e-05
-2.803422259729936744e-05
-5.632028576451421397e-05
1.376140997181996679e-05
-1.473897380287826674e-05
-6.072261193921152161e-06
-1.298188824671388285e-05
-4.149516634797040032e-06
1.385767840448708663e-06
9.030778001978498359e-05
9.525480332192400230e-05
9.745840965615079946e-05
5.039450830188015235e-05
5.254232259312139101e-05
3.472570902375598416e-05
2.237083266799763984e-05
4.646769279484646176e-06
-2.513929511573496814e-05
-4.758919336031181956e-06
-3.414163374495092387e-05
-5.092556391788090179e-05
-3.445484916832629199e-05
-5.169469084536100338e-05
-8.131616784166309942e-06
-1.427651601977776975e-04
-9.929609150895825397e-05
3.263007199644945601e-06
-1.222107304845934249e-04
-1.963760372971007969e-05
3.610823047157522879e-05
9.155695657457401607e-05
1.480097082657381579e-04
1.283318928566707881e-04
4.702542652186152182e-05
2.677985358824419094e-05
-9.458125097629524209e-06
-7.930509663844236608e-06
-4.418755135866711233e-05
-5.144759120320323851e-05
-5.685473163048634622e-05
-6.328225640480760481e-05
-6.583928163303497203e-05
-3.720858776325359531e-07
-3.705746821597842057e-06
-1.289191747527382303e-05
-1.453915171804881371e-04
-1.544643575183655970e-04
-1.561251596917837361e-04
-2.236705887920763247e-04
-2.245741675046711663e-04
-2.209179509576220004e-04
1.406502083505064746e-04
1.431271522393640192e-04
1.378236210499215846e-04
-4.588812577126509832e-05
-5.101231915743313985e-05
-5.377583043310020733e-05
7.890665613247789187e-05
7.614966411483313274e-05
4.935317690482382471e-05
-4.064694699491534996e-05
-6.770586344415302580e-05
-9.959857323998049872e-05
-1.559921003040110618e-04
-1.877293374375386633e-04
-1.724100474108673981e-04
9.339647896262421234e-05
1.087162346505827853e-04
1.321635700663548272e-04
1.165321338033571490e-04
1.398703880625773530e-04
1.657914946139205526e-04
-1.575890655145983834e-04
-1.315095468140791823e-04
-1.043683045684422176e-04
4.112893303896973836e-05
6.823817562301952430e-05
6.617402639404949653e-05
1.176343753793214638e-04
1.153602856693517874e-04
7.014237137288056130e-05
1.613463314033773254e-04
1.166965384293367695e-04
1.503832562793992050e-04
-9.250090722683616167e-05
-5.923760645417351645e-05
8.138693740515970387e-06
-7.239672877220292013e-05
-4.880380945355630717e-06
1.068485388511962930e-05
3.515275275513436715e-05
5.050893477143890897e-05
9.437713178948040548e-05
1.094369154887104754e-04
1.531266769222217375e-04
1.795033098723030750e-04
1.204254966057139212e-04
1.468642662338203852e-04
-3.199942905646803752e-05
1.769329177740252678e-04
-1.911277949857143315e-06
3.273583059611011054e-05
-5.025867751990499869e-05
-1.561363534590017293e-05
-6.511942057874043829e-06
1.445431429468302777e-04
1.537633179286457697e-04
1.951866013902449739e-04
1.387708143629096547e-04
1.800696498454758656e-04
2.267475346336253104e-04
1.268607755397656691e-04
1.735852264566458878e-04
1.307239377445438156e-04
1.476471506059281644e-04
1.046676130306803832e-04
9.345924845145998135e-05
8.907852459632691240e-05
7.807563306013105050e-05
8.700844613224737378e-05
9.961968534806726113e-05
1.085546957593830678e-04
1.086592732767160800e-04
9.108955986187331410e-05
9.097322475412448909e-05
9.751694647598576748e-05
2.520837591277023818e-05
3.198516110892904007e-05
4.238214575581728894e-05
1.206139355013476034e-04
1.311745564349788376e-04
1.845892314542947263e-04
4.262036060810565430e-05
9.662082297493945066e-05
1.310843705260361842e-04
1.945069728628663272e-04
2.281551620518024377e-04
2.350241757711258087e-04
1.901379342717285565e-04
1.972809751067173037e-04
2.027944408227581354e-04
-2.633272970280064931e-03
-2.599281464669771138e-03
-2.601666876808088249e-03
8.847669026450103238e-05
5.939218076476840500e-05
2.945893152750303067e-05
2.420112371963450146e-04
2.097524318345191053e-04
2.206684972485247268e-04
2.062117034768985680e-04
2.168612505634966506e-04
2.400357299550281054e-04
1.931332904938328279e-04
2.163055870980800277e-04
1.858575836994064557e-04
2.321840549186648017e-04
2.018917861167652118e-04
1.804887810936442157e-04
2.245980853220758545e-04
2.030863338364532729e-04
1.696124695650190581e-04
1.374779908433801075e-04
1.039864750987738837e-04
1.415387677763305487e-04
6.320306513354228845e-06
4.446337784535213129e-05
8.283499496328916708e-05
1.295114497690178336e-04
1.685824610366606371e-04
2.103589992424977810e-04
2.669697643331372396e-04
3.080327784795818718e-04
3.618296835888112429e-04
7.371721374006400419e-05
1.275278849610994103e-04
1.232370626411524641e-04
1.520464484573388377e-06
-2.092500520205773165e-06
1.905106090976374164e-05
2.115145392480430233e-04
2.320020421318568470e-04
2.447271085690503733e-04
2.106097663197525026e-04
2.227838099349086897e-04
1.973553558450986912e-04
1.256438677079772370e-04
1.006478965387543013e-04
6.792943300278878223e-05
3.417165540263851454e-04
3.086632509210149051e-04
2.750702811592654461e-04
-3.678155057532691945e-05
-6.987293037106980138e-05
-6.251308291039387160e-05
1.853897525418014402e-04
1.930355742405452353e-04
1.915342434079762694e-04
1.742195112928100450e-04
1.731609661368098256e-04
1.837725587470278275e-04
2.535859091443386074e-04
2.629935199443072212e-04
2.133836436260990723e-04
2.877893670048545585e-04
2.840004747650072200e-04
3.171575930400074954e-04
1.768772493033156021e-04
2.097342488786460395e-04
2.221225706135166681e-04
2.626484177971513505e-04
2.750755931456817186e-04
2.385364314708342346e-04
2.933956395109427965e-04
2.566719886548300775e-04
2.409977798386854454e-04
1.797967525366177353e-04
1.641856117210728451e-04
1.779441911432111520e-04
4.816518205196508541e-04
4.954102871644461411e-04
5.288901611231554669e-04
3.263152568771654624e-04
3.598497150698963922e-04
2.952831867661451096e-04
2.672059071949039024e-04
2.033026115315158958e-04
1.656754078032795911e-04
2.785243862819050545e-04
2.403527517492298608e-04
2.056792527882393500e-04
2.089601378577177052e-04
1.742829572621744177e-04
1.506717350852722825e-04
8.637574895099928065e-06
-1.498482315269759283e-05
5.812649584933775055e-05
2.407453400368849339e-04
3.139228265974636613e-04
4.104843999652728380e-04
3.012999714594300328e-04
3.974565504745185317e-04
3.020831001560440226e-04
3.502053175747930945e-04
2.549629654606109424e-04
2.956450940866912165e-04
3.944520951119488044e-04
4.350366458704652646e-04
4.316838522688157221e-04
4.258651121228890874e-04
4.226599768050617835e-04
3.887693954085560673e-04
2.773978258962414524e-04
2.435333651875706547e-04
2.336786783698251786e-04
2.177004123724626534e-04
2.076102755663222017e-04
2.072532444286927429e-04
2.489795224673351588e-04
2.487827515721157041e-04
2.450471379995329438e-04
3.574194489771336165e-04
3.535286465045979379e-04
3.448752429930176553e-04
3.691530306093378125e-04
3.604048723017480192e-04
3.520193809627022671e-04
3.090368079964686153e-04
3.008138324466932642e-04
3.038159528925608952e-04
1.623909943837139832e-04
1.656739813454043229e-04
1.760498960255206069e-04
2.603763613562625010e-04
2.704358009839922627e-04
2.702455318599142494e-04
2.678965208804727038e-04
2.677069211444951954e-04
2.604920122662467467e-04
2.137653870108671846e-04
2.065714474424628125e-04
1.892661752962167244e-04
1.702450212446881043e-04
1.528802463170732240e-04
1.294745539016572077e-04
4.115330016092057209e-04
3.880052604617799882e-04
3.767949789034447518e-04
3.151351788946909148e-04
3.039314220513461974e-04
3.022446113731384909e-04
1.271073093375435915e-04
1.255050089070246255e-04
2.009386295868752616e-04
1.095089592492931932e-08
7.661352692607027465e-05
3.292618732728900535e-05
3.819247719549311417e-04
3.369318345218607984e-04
3.319702152610349167e-04
1.476148079970562659e-04
1.431016278318653513e-04
1.355417298550352229e-04
2.145846081064606715e-04
2.065575208912238253e-04
2.139760560524159630e-04
2.525615673443868531e-04
2.599047672404417356e-04
2.959581548546823281e-04
2.189685562327945193e-04
2.550092254731255192e-04
2.968466677090956119e-04
2.492401768885003943e-04
2.913723390635906008e-04
3.324159054669334956e-04
2.821973128563596157e-04
3.235191846384450265e-04
2.742005052015873212e-04
3.847854544061019488e-04
3.350365621474328060e-04
3.185667284717611024e-04
2.813141216494830866e-04
2.647445054910904714e-04
2.388490475421464515e-04
-1.681531737838112763e-04
-1.926216854773768711e-04
-1.820432726261480617e-04
2.602825198262623024e-04
2.696591627583564354e-04
2.794116128389668280e-04
2.301925205657915307e-04
2.400837813657653147e-04
2.630843293236033984e-04
1.182680546226855928e-04
1.412370976840542623e-04
1.079940725632904828e-04
9.934817332534677612e-06
-2.316958624376367921e-05
-3.800100806314831142e-05
4.393205973812926417e-05
2.894857040460819837e-05
5.127620527115505592e-05
2.175034112654965603e-04
2.396185299620483483e-04
2.603383023806417253e-04
2.394143665913943614e-04
2.600403810201713708e-04
1.997810680344879321e-04
2.168428460417816308e-04
1.565503837932079724e-04
1.175113457406286657e-04
-1.916081170625806161e-04
-2.306124633492554962e-04
-1.276197997367613376e-04
-3.454411940999584790e-05
6.867456454982530465e-05
6.589806843038819879e-06
1.310047248398281275e-04
6.858765959688665733e-05
5.573455342752580387e-05
6.048410545983555183e-05
4.774258337644581539e-05
3.137494600084696781e-05
2.976479568701209579e-04
2.812056026857820607e-04
2.752127782498235199e-04
2.211163063737106777e-04
2.153845141931185815e-04
1.760527533963000997e-04
-1.357959827308260472e-05
-5.229323736674574771e-05
-8.251650693680143622e-05
-9.248222207933155456e-05
-1.222475137733200815e-04
-1.102017958904112855e-04
-2.805469729177931574e-04
-2.664004241371954957e-04
-2.425236511430786061e-04
-2.104460981930102387e-04
-1.875740476339207100e-04
-1.186877559677912658e-04
4.413761194654842145e-05
1.106913480168924863e-04
8.571366247112131940e-05
-7.261354017939705306e-05
-9.733560678226672782e-05
-1.172389991245041370e-04
-2.278471651641073145e-04
-2.463556982240448475e-04
-2.448823373399117869e-04
1.566744951867689610e-04
1.562868116323461848e-04
1.977283051230765867e-04
1.637645897588318306e-04
2.051144498393692064e-04
2.310649319452273242e-04
1.395828973029561329e-04
1.654980910143854611e-04
1.530005894663037094e-04
3.191990139794575565e-04
3.069140868090317878e-04
3.259753510070704098e-04
3.024658209822365376e-04
3.211527007812373514e-04
3.071124417942462702e-04
3.190089344576671894e-04
3.050351631713545163e-04
2.973387806851862203e-04
1.987350085868945558e-04
1.911453789508415590e-04
2.404734526414702579e-04
1.466944438580868970e-04
1.962203362843300148e-04
1.571340707574284709e-04
3.274077438170368715e-04
2.885367447721085585e-04
2.587956171543986895e-04
8.021570276247924928e-05
5.029472074850438023e-05
7.027527977389400743e-06
2.021950770347097316e-04
1.585636207215982731e-04
9.202795062725329864e-05
1.833483771097963594e-06
-6.465172028123503459e-05
-4.285152309754222460e-05
5.111092646130268452e-06
2.674359355873137884e-05
1.182374727472592941e-05
1.648442376666393893e-04
1.502244445986852502e-04
2.010694515968546470e-04
-4.142392175595469321e-04
-3.623566590055949787e-04
-3.300563001736807377e-04
-1.513528579361004362e-03
-1.473317915826271619e-03
-1.514330145293656593e-03
-6.386916537500726731e-04
-6.865305941047108226e-04
-7.235924893029552565e-04
-5.275056928822732024e-04
-5.650453565612953769e-04
-5.867767500212292672e-04
-2.640396303467970412e-04
-2.874946690617005826e-04
-2.846176283969594975e-04
1.562727088121820959e-04
1.590044631552831121e-04
2.140541352709278487e-04
-1.538208006648860500e-05
3.959925625524372090e-05
1.250165258782058738e-04
3.424330046911539926e-06
8.886360216569898348e-05
4.491289210259050927e-05
-1.786962058147341229e-04
-2.218408561895129005e-04
-1.610465923200146265e-04
-1.195999438060906450e-04
-5.974061138618448445e-05
-6.461582980787276918e-05
4.923355964313357383e-06
1.346341267424852259e-07
-2.241242510237401219e-05
7.061727209279418296e-05
4.802635339117938785e-05
1.400483096519852984e-06
-7.618122800224130841e-05
-1.226710087856851565e-04
-1.493374297100604322e-04
-9.711711804891154636e-05
-1.235087697099447991e-04
-1.037013393018304357e-04
-1.388880486305356767e-04
-1.194227628532706746e-04
-7.102447259298947128e-05
9.288694510990475744e-06
5.784068209991368977e-05
6.857730894361857609e-05
1.303132653696140978e-04
1.409064248810825153e-04
1.497717081763200349e-04
1.039374734183144970e-04
1.129299259007327146e-04
7.997834703049654190e-05
1.550667135704658813e-04
1.219741557454972905e-04
1.076362612271769179e-04
1.529130700240194244e-04
1.387214513575745953e-04
1.343088008172799229e-04
1.115119884126765859e-05
6.599635718202996170e-06
2.148168410518147249e-05
6.205992414038519851e-05
7.691342166968561907e-05
1.594758954686388151e-04
-2.130405032786639760e-04
-1.302093138131037576e-04
-1.179762958424395726e-04
-2.160221325377658231e-04
-2.036880660677558587e-04
-2.954197771818840596e-04
-1.298323232555991815e-04
-2.219206727081441972e-04
-2.956395568266520545e-04
-2.102794315637552831e-04
-2.836321312874565169e-04
-1.614329319683376627e-04
1.756727484812950447e-04
2.975392037068020626e-04
2.403199089373709131e-04
2.158567423928987308e-04
1.587181743731969465e-04
1.612615354601483345e-04
4.515469323697178256e-05
4.736637252012300490e-05
1.415195781403294994e-04
2.043057514596920013e-04
2.986901142533011032e-04
3.113680642618017898e-04
2.060410094811654879e-04
2.189095531993697093e-04
8.086088440305462402e-05
1.559869407846743868e-04
1.755014330538830084e-05
3.611840555399524824e-08
-2.109507525952635117e-04
-2.264940698233810080e-04
-1.458233422455671217e-04
-9.634065821152628783e-06
6.987818378533097253e-05
1.938185122588210346e-04
-1.660596430157604600e-04
-4.049174103163847909e-05
-1.226731533714267878e-04
-3.277241566427717195e-05
-1.155272316717240481e-04
-9.966325075302635925e-05
-3.596308365993830828e-04
-3.404691006516328980e-04
-2.856462538542524202e-04
-3.350741235998681714e-04
-2.797367210800126417e-04
-2.318578776518210368e-04
1.076480388806834595e-04
1.498701163021520181e-04
1.681004847524283224e-04
2.739284678049058123e-04
2.919559534530682260e-04
2.654385689390436655e-04
3.188155875432831937e-04
2.921931236493945962e-04
3.003705549556771144e-04
6.127646430168160255e-05
6.988471961021514977e-05
6.819304275203132842e-05
1.190733362957844361e-04
1.171988000708409569e-04
1.185495833906786674e-04
-2.548590201254842535e-06
6.376261863367789842e-07
-2.055667875572710426e-06
3.101253581972303027e-04
3.052646000178012558e-04
3.114271232702651147e-04
2.918250913971516796e-04
2.984859595385261897e-04
2.896189901817569049e-04
3.530477545068481091e-04
3.436417385542744310e-04
3.398091604393713681e-04
3.595404335370266350e-04
3.555741160452172665e-04
3.517206621371177320e-04
4.270794844413914292e-04
4.231574182529901449e-04
4.355047210496874833e-04
2.298364468050157015e-04
2.430388019506378406e-04
2.545666976837613650e-04
1.588286681496783436e-05
2.772898383030528505e-05
5.969377156773709569e-05
1.359007620956921049e-04
1.671842000583013228e-04
1.085757811352835956e-04
2.702050659941335848e-04
2.118083774376885954e-04
1.675262991644522526e-04
3.948623542356530193e-04
3.499111134165978410e-04
3.181832960920395444e-04
2.830698885096317508e-04
2.515281974568018804e-04
3.014179014498567137e-04
2.993129326726297031e-04
3.492042737561477277e-04
3.053879001228027999e-04
2.300420669270878586e-04
1.862974997194373071e-04
1.784262002605197309e-04
2.042737279835977614e-04
1.967175939046961544e-04
2.000128130500462430e-04
3.250627367954676133e-05
3.519755923908916883e-05
8.331046076502846747e-05
-9.260229805738053998e-06
3.940494600694822340e-05
-8.659561437255355702e-06
1.859345250764136222e-04
1.374142516472575933e-04
1.586985318395984883e-04
8.160914104182401003e-05
1.028423003559676523e-04
8.539910669548382832e-05
1.459097994198767061e-04
1.285649184986757286e-04
7.842370677921890916e-05
1.046657260425197132e-04
5.450807065885483922e-05
2.273350390544215394e-05
2.587580956701159181e-05
-4.845489562171900744e-06
9.920202641432944012e-06
4.734469246989170266e-05
6.141672397839075632e-05
1.608030885818593483e-04
-1.904927902122383683e-04
-9.088418875940215778e-05
-1.402259858338991672e-04
2.467684404819451552e-04
1.968024826594730347e-04
1.940197171396857161e-04
1.991360568893243998e-04
1.964632601929178495e-04
2.189443434824610030e-04
4.965697133414000370e-04
4.220489203309999490e-04
4.085705946538000237e-04
3.683930184654319370e-04
3.553485581407657694e-04
3.439636754970981712e-04
2.282007841033263933e-04
2.168979378817587132e-04
2.119086620804580220e-04
3.354355255775137777e-04
3.303221328532515385e-04
3.328888011035186336e-04
8.264669158222445224e-07
3.513370365663720692e-06
-3.397455119974701577e-05
2.339920280949707183e-05
-1.392835665009706193e-05
-2.870359691916035379e-05
6.836292769313068217e-05
5.392188670920206343e-05
5.828466051029161611e-05
-1.845463144232891675e-04
-1.791467748698393901e-04
-1.488423483741476133e-04
2.997390943350390592e-05
5.854598862891952256e-05
1.124072613203609900e-05
-3.151738632628758689e-05
-7.864334012372707411e-05
-1.023487851569995191e-04
-2.930274323551272436e-05
-5.267061293931751516e-05
-5.220304134061882302e-05
-1.862778293515190389e-04
-1.852929662702823620e-04
-1.419163919291655147e-04
-1.783683792012030821e-04
-1.353955914038429582e-04
-1.124347082427281513e-04
-1.626781332544247234e-04
-1.402052340185779705e-04
-1.042496819204094061e-04
-2.111179392872888222e-04
-1.747546425244214186e-04
-1.768184478890621829e-04
-9.455909590855261174e-05
-9.672662732494117501e-05
-8.575529012229925327e-05
-1.749498655584180522e-04
-1.630950524784315222e-04
-1.391489102527781172e-04
3.589445599275019176e-04
3.815408046509322928e-04
4.280828307731708907e-04
2.772519466677398638e-04
3.241244758886451297e-04
3.709971805493833584e-04
3.117588549561033421e-04
3.582804219023810787e-04
3.734622228700354386e-04
-3.765027778298107820e-04
-3.586062297648132157e-04
-3.810120171950696043e-04
3.635521648727044154e-04
3.387452677740218111e-04
3.510962951190000529e-04
5.576665691143459919e-06
1.762968436415997698e-05
1.563528995807139665e-05
9.695220337781814291e-05
9.542326653222410471e-05
9.144742435947023247e-05
2.190964433907982567e-04
2.150204258336123071e-04
2.313872574865393590e-04
2.312891469167914233e-04
2.472047236784868192e-04
2.337831763526462391e-04
1.129856865424238395e-04
1.001243006413840130e-04
8.644713197215935039e-05
-3.006357066823131963e-04
-3.121711826758877392e-04
-3.235234213865634863e-04
1.833046506283386593e-04
1.695693029683741863e-04
1.506172006587046296e-04
1.930952096950921352e-04
1.738093155539142997e-04
1.434489056922389925e-04
2.433390213512363941e-04
2.145014839701249064e-04
1.380415830937523070e-04
1.158377524919702471e-04
3.802619696961079265e-05
9.807201665004597162e-06
1.214093697200838151e-04
9.309073745190899179e-05
2.405678889869793157e-04
-3.480512871954788163e-05
1.141064778591587047e-04
3.065573674436618138e-05
1.434779762446029882e-04
5.882454844001640129e-05
4.629629941634347658e-05
2.057050032894681816e-04
1.926814216233368776e-04
1.472405231952252959e-04
1.575997808061118982e-04
1.121893977442342018e-04
1.804694349588985931e-04
9.880511364187627779e-05
1.670660732956762802e-04
1.536044357705158110e-04
1.351779230348925482e-04
1.216951415769052620e-04
1.479554520917860608e-04
2.627444111637067909e-04
2.890321011070897620e-04
2.951172883325941967e-04
1.923580457221520882e-04
1.984158316912815081e-04
2.203904553916237116e-04
1.592704521312132584e-04
1.812511148763752342e-04
2.570113288747878861e-04
1.696142684103852868e-04
2.460785040675463270e-04
2.175986953289620507e-04
3.963295899375142645e-04
3.672139934706874121e-04
3.471060463172779957e-04
3.782701021037436950e-04
3.580216707607196251e-04
3.524441794670846281e-04
3.256668842343078533e-04
3.202140300946038185e-04
3.178415619660019125e-04
2.664931757554139910e-04
2.640187132529764617e-04
2.932187962191677840e-04
1.661483376411571349e-04
1.956607920196405800e-04
1.891254489936691242e-04
2.314152842931947859e-04
2.255038982883852440e-04
1.924827266111934186e-04
1.620936657463025767e-04
1.298593161255085469e-04
1.430249333794413416e-04
-9.563957787119209755e-05
-8.306049011245385727e-05
-7.321891817519446096e-05
3.979769947478266714e-04
4.065070498592778555e-04
3.650720740904723409e-04
2.905744950960017256e-04
2.492886109746684435e-04
2.269614554751107774e-04
2.067508307289023998e-04
1.841942497338543020e-04
1.630757150549960017e-04
2.057901795995796404e-04
1.847310603905987620e-04
1.258997187717036774e-04
2.217225382181402921e-04
1.633136241464094689e-04
1.415462636179334074e-04
-5.563289166892306306e-05
-7.722663329680947960e-05
-4.040061965582546384e-05
-7.071151488921925427e-06
2.946958640592518656e-05
7.457795897002658485e-05
1.684435637062636337e-04
2.136872981858193004e-04
2.046385931980353309e-04
1.772659935007556403e-04
1.678306150215235068e-04
1.892559953107883128e-04
2.337800258037191345e-04
2.554714442071889433e-04
3.114970178619095318e-04
1.585865825022955331e-04
2.142657187111743919e-04
2.084554473424794340e-04
1.525887793438577287e-04
1.492970952552275920e-04
5.381027261608416819e-05
2.649083419446816683e-05
-6.942148644595270372e-05
-7.942861586507116590e-05
1.526257223624097803e-04
1.409652479907899615e-04
2.098180282573838080e-04
1.320460444532736656e-04
2.013163773754302706e-04
2.215490546839284222e-04
1.036570190863374914e-04
1.234889366494464199e-04
5.333007078221719752e-05
1.664944154506521742e-04
9.615276297623943577e-05
6.060854069226626886e-05
1.109418744228286673e-04
7.560094239459578527e-05
7.397483165972229720e-05
1.622902811811232997e-04
1.601114159463002968e-04
1.450504769230914889e-04
1.170445280628308344e-04
1.019061437467766581e-04
8.535075882423108582e-05
6.948913323084838969e-05
5.303633931066280369e-05
5.885343730555324697e-05
5.144629518940484290e-05
5.764981929318456792e-05
-3.634670080978290698e-05
4.425334068586527251e-05
-5.021992926381395718e-05
-5.769872748721206128e-05
-1.382280644717426743e-04
-1.457280939394589657e-04
-1.042308476469605127e-04
-1.672624546518530840e-04
-1.257774610719769159e-04
-1.271760652938637979e-04
-2.757154739882190612e-05
-2.830683166885414196e-05
1.631161336899418631e-06
-1.170327109915915973e-04
-8.763575819402871629e-05
-3.324804868466132773e-05
-1.237409516245865633e-04
-6.931505788965994013e-05
2.493974409241287490e-06
-8.350943256086581839e-05
-1.090673880540946267e-05
8.311144239662527147e-06
5.167100777028879382e-05
7.003972835412466437e-05
2.081903253051896026e-05
-6.889142265969669908e-05
-1.178879316772941835e-04
-1.334547165000623246e-04
1.638277757104809993e-04
1.478259031742999176e-04
1.637531645749578713e-04
1.609669520136156897e-04
1.768817569748381614e-04
2.230675381800499742e-04
-7.188823153381706209e-07
4.569425801340164586e-05
2.938993865568198917e-05
1.740880761720580046e-04
1.577047690184787726e-04
1.605282575067782757e-04
3.523617059867837189e-05
3.781125789402965285e-05
6.200700222590825074e-05
-4.609549276636000894e-05
-2.170993325224259383e-05
6.014257231757831959e-05
2.525727868041198563e-04
3.344151060332809129e-04
4.322495421585023385e-04
3.499665122831505278e-04
4.477096351403139513e-04
3.746571958144553904e-04
1.496737147173240762e-04
7.673240109210693882e-05
-8.305332250480587999e-05
2.491812985935606961e-04
8.938268199975554426e-05
1.200140085079459142e-04
1.338033782126656600e-04
1.642249243109238934e-04
2.029493138826719270e-04
2.162224680891943764e-04
2.555289633739075408e-04
2.486804076412282654e-04
4.144595956236932135e-05
3.413952781702948294e-05
5.554262629423381819e-05
2.534187642741573534e-05
4.688985377263369097e-05
7.329190087826224775e-05
8.660002226654531492e-05
1.127759908171859643e-04
1.256746159469459439e-04
-5.384644564943887306e-06
-3.398632594166451021e-05
-6.278491589151516394e-05
-6.495972825927787348e-05
-9.368343405336335139e-05
-1.142912678068437387e-04
-6.922894051209285693e-05
-8.983651233109913366e-05
-8.288776215323843694e-05
-1.349330140391298343e-04
-1.279717492141727421e-04
-1.166652942608725134e-04
3.131885542841962838e-05
4.273664708513209192e-05
5.172085099969776583e-05
2.290259035568127004e-05
3.175026820157440615e-05
1.457116560772239353e-05
-2.145301816868809748e-05
-3.854098211746484850e-05
-6.966684073877568348e-05
-6.009097158681423281e-05
-9.136780632861937388e-05
-1.084295391931732659e-04
-1.092003635337301622e-04
-1.260321906895910864e-04
-1.149603595887875628e-04
-9.893760137609890746e-05
-8.791920490801394695e-05
-4.766808965618181643e-05
-1.109676632960891795e-04
-7.092725977676380095e-05
-2.835248314948517093e-05
-1.377713659629451078e-04
-9.498692534105616816e-05
-2.547822928257280220e-05
5.246721237362622376e-07
7.023507227920002113e-05
2.008949525657961711e-04
-9.478049243017967838e-06
1.217749816602016434e-04
3.101845642722841955e-04
2.106627655917699083e-04
3.982571644646745778e-04
2.070110975556663994e-04
3.513337425592985607e-04
1.603496246763162140e-04
3.459882837975107551e-05
-2.792165348327101202e-03
-2.890021316387935812e-03
-2.857276063038723286e-03
-4.713828992775000214e-05
-4.054588414611082908e-05
-7.653870942536173576e-05
1.195962403679846561e-04
8.133183201775522715e-05
1.066025485681152698e-05
7.698546597734661585e-05
6.057527725824776851e-06
-4.659294714162649830e-05
-2.135873167379045133e-05
-7.402092083300056179e-05
-1.057847299323010602e-04
-5.740972042492183168e-05
-8.901709643551738646e-05
-1.018633279784776391e-04
-6.287673441121013548e-05
-7.580991364765988008e-05
-5.731209146002344296e-05
-1.419788691749058920e-04
-1.235372028281356955e-04
-1.151207716516373318e-04
-2.114474036465775037e-04
-2.026051106709209841e-04
-1.616001331409984410e-04
-1.248709623082695167e-04
-8.299797758689011931e-05
1.507700603696178823e-05
1.774375283396009803e-05
1.149878948578484002e-04
9.257531812397222027e-05
-1.243221200186886248e-04
-1.465951293336095382e-04
-1.216399523232432052e-04
-2.800206505322696735e-04
-2.542870915763379975e-04
-2.223860498266521713e-04
-3.346570700298268043e-05
-2.312371761560799797e-06
1.397507010832122181e-06
-2.348660167588329526e-05
-2.035210563161999860e-05
-1.302643085691863141e-05
-1.065931872214529006e-04
-9.877219435620838246e-05
-9.188427390002790575e-05
1.248508995598948614e-04
1.313431679929312717e-04
1.734420926906752279e-04
-1.987535393371540654e-04
-1.560123222050604531e-04
-8.457696716793173218e-05
9.110288889060047177e-05
1.627199682451010380e-04
2.337856281242477359e-04
1.425765086940646801e-04
2.140725123622598709e-04
1.177468358475037397e-04
2.833217154416399659e-04
1.858080787753008784e-04
6.645606858492008034e-05
1.206430162239142240e-04
1.508106056825431023e-06
4.281621485659452969e-06
-8.820494609117397484e-05
-8.578536234452429146e-05
-1.011674239418386542e-04
-3.130991844116750092e-05
-4.670525138517013421e-05
-7.752176003097681237e-05
-3.463691152882865300e-05
-6.561346213831690979e-05
-6.179635200654584907e-05
-1.409222136860260172e-04
-1.370745445322753861e-04
-1.250102963205851998e-04
1.630568298557264731e-04
1.754186065261758480e-04
1.862480546978639102e-04
1.981366731687854866e-05
3.043385530960388843e-05
3.634412195874697814e-05
-4.940994241136483487e-05
-4.283092794598691811e-05
-3.786108698941820054e-05
2.689909951636887441e-05
3.123961379505641074e-05
4.678615011228197526e-05
-1.237670753747753191e-06
1.439152044197493504e-05
4.200546619516050753e-05
-1.536664821584714084e-04
-1.261136835530754334e-04
-7.880578824931655599e-05
1.299181844949368232e-04
1.773371109118881397e-04
2.319926152438764994e-04
1.670605920333611541e-04
2.213164716693481033e-04
1.423090721772309031e-04
1.748469967595209901e-04
9.600633311209041737e-05
-4.559760663575132067e-05
2.275982184045273449e-04
8.584674406414280956e-05
2.392020626376180922e-05
6.953534948955650751e-05
7.791882058705976361e-06
1.208924819510994386e-05
-1.272143191037626792e-04
-1.229245854468959901e-04
-9.922412614677347136e-05
-1.534624198378938768e-04
-1.299930886073435087e-04
-1.022389523152297320e-04
-8.380762342702843142e-05
-5.588532520253564734e-05
-8.720610097480839431e-05
5.327557584475372415e-05
2.177992970718169272e-05
-5.868608719612305709e-06
3.234325228294456065e-05
4.630823672340417555e-06
5.340841697229080278e-05
-3.676775261381531293e-05
1.218787609299652654e-05
3.839365818114522924e-05
-1.393641509983874075e-04
-1.129539436051106072e-04
-8.376771682622112893e-05
-1.072858721906747590e-05
1.818656648294798470e-05
6.510307709563857874e-05
1.847446157382599450e-05
6.538075674202627500e-05
1.225462341511401702e-04
1.086699764587319454e-05
6.805975989604027762e-05
3.914922897447229095e-05
3.038336707444520488e-05
1.414031863439387752e-06
-2.339626417301518676e-05
2.581528774279807947e-04
2.332130893548771942e-04
2.247366818654222907e-04
1.570721938107915426e-04
1.486086511238932171e-04
1.270398708069657488e-04
-3.009554720954154346e-05
-5.155378390243672295e-05
-7.536524983056645268e-05
-1.930378065086009399e-04
-2.155526676860527264e-04
-2.347989676345985978e-04
1.064674793097301257e-04
8.577246344062419247e-05
1.043261682573009858e-04
-1.138754624699157326e-04
-9.486584614913420583e-05
-8.193687620761314809e-05
-6.564038739981817262e-06
5.884194130054913163e-06
1.870554496811194256e-05
5.019596925748070300e-05
6.292370762487364843e-05
1.026441345198762377e-04
2.145987327487630680e-05
6.117383911951750118e-05
1.075196069866586200e-04
6.401387820697694618e-05
1.105301945205945245e-04
1.705482353817588102e-04
1.009905991811472646e-04
1.613591665763324510e-04
1.042982799859540821e-04
2.135235480626961600e-04
1.560827109657051326e-04
1.085681809120115217e-04
1.050319002402769685e-04
5.743307094166542849e-05
3.308987185330928226e-05
-3.827736424507338230e-04
-4.057000525205409170e-04
-4.488777937446709887e-04
6.026793095255137344e-05
1.584342528740051502e-05
-3.740962876495646265e-05
-3.574662120873001105e-05
-8.881205741804765489e-05
-1.245362186670025974e-04
-2.066160248594798329e-04
-2.423785449569767505e-04
-2.229363793794200449e-04
-3.720685895165151149e-04
-3.524738034520432978e-04
-3.174643140509137958e-04
-2.939942836582795410e-04
-2.591788585986355394e-04
-2.433232716438195407e-04
-7.039018301194257762e-05
-5.479092804387423392e-05
-4.703391085434147729e-05
-4.573070189587983485e-05
-3.801432820557990684e-05
-1.898038125401456258e-05
-8.394913664608636512e-05
-6.492182536786515615e-05
-3.902992549959720218e-05
-1.921810134118516348e-05
7.150330095066119787e-06
3.659314395047767060e-05
-1.933155298666298493e-04
-1.640943998878072391e-04
-1.705059659422008677e-04
-9.874413511130915983e-05
-1.054957503207592650e-04
-9.083885054755918209e-05
-1.082123600632517023e-04
-9.343965614866427604e-05
-7.895438834569463516e-05
1.495772190256979364e-04
1.639764704577527008e-04
1.756835654137084120e-04
1.011384410503222606e-04
1.131146882303418451e-04
1.020894079818654454e-04
-1.158072964412732190e-04
-1.262244230485257113e-04
-1.322363271385229621e-04
-1.706056981230821812e-04
-1.761779306463695559e-04
-1.942986011523382787e-04
-3.020683246206290517e-04
-3.179602819978820209e-04
-3.372293817000112043e-04
-2.965929481684790973e-04
-3.169927898915132986e-04
-3.313829600164730754e-04
-8.272680352717850399e-05
-9.947723609451847066e-05
-6.370981892703971570e-05
-2.698052792629291024e-04
-2.337046232367207736e-04
-1.695172571572318120e-04
-3.579770479643990455e-04
-2.924001777074142737e-04
-2.260421432836199696e-04
8.956821388613140159e-05
1.539226969655384724e-04
-4.880780892176962444e-05
1.776335294309785073e-04
-2.504959542034602710e-05
-1.139482878574477992e-04
-1.023139643036801274e-04
-1.912898400991531436e-04
-2.393742949635732490e-04
-2.559915761997276159e-05
-7.344774049045626866e-05
-1.446816673255778458e-05
-8.559531552521620738e-05
-2.698200619765810278e-05
4.065541265700170514e-06
-2.962984358878127840e-05
1.484337094407686707e-06
5.165329071056323556e-05
-1.078228034249691575e-04
-5.755427105290589424e-05
-2.947904297465229963e-05
-9.138232258086798282e-05
-6.310234905535126661e-05
-8.210027230460967751e-05
5.584209563827370669e-05
3.707906940463159351e-05
4.496666161394956935e-05
-1.709984899593966815e-04
-1.633162616537390329e-04
-1.496364742548824376e-04
-1.785302350248215309e-06
1.153256436496366793e-05
5.390736015985724385e-05
-1.458807122459323234e-04
-1.034530638949293191e-04
-6.547036493183950277e-05
-3.828999495592895095e-05
-4.725766460029253574e-07
4.633127695697735870e-05
1.355019016798036328e-04
1.825745000532213958e-04
2.199147172436145261e-04
-3.708629358298759547e-04
-3.323716694208766207e-04
-2.848498662448794802e-04
-1.519853062992819557e-03
-1.464749246321556033e-03
-1.397652392987824670e-03
-6.185532803162307157e-04
-5.581314487054121407e-04
-5.467507660069399885e-04
-3.639807852587771870e-04
-3.529267057456904463e-04
-3.867308751017235671e-04
-9.109339654975472014e-05
-1.263664944366001044e-04
-1.206691514015360085e-04
3.394592440651349272e-04
3.446917770999321433e-04
3.579094265067001880e-04
1.643894801601605208e-04
1.774824051015062333e-04
1.218768463521641165e-04
1.461029170375300647e-04
9.057716099130031168e-05
5.065848916760499728e-05
-1.871778934211093515e-04
-2.263727820851761554e-04
-2.593150140817841666e-04
-1.143059508782732939e-04
-1.481062511082371848e-04
-1.329468680614345256e-04
-7.950994880940822533e-05
-6.427163617440690433e-05
-5.229176506960764694e-05
1.231452815819483650e-06
1.317602097427472306e-05
3.221110115919390308e-05
-1.132969443742372112e-04
-9.410612959254404915e-05
-8.838741858126051990e-05
-5.446517000745853794e-05
-4.857765677952595321e-05
-4.269357449830310253e-05
-7.035634414860435096e-05
-6.475020344824330715e-05
-5.685943956054874534e-05
6.249616709082586857e-05
7.056917916484049683e-05
9.754406913751957533e-05
1.362380872290941251e-04
1.631574470932617557e-04
1.859832169931749726e-04
1.239989271537422907e-04
1.467997696228693152e-04
1.677138684675805636e-04
1.908258469986165787e-04
2.116319851842485733e-04
1.003838303501024829e-04
2.503320470344983406e-04
1.392581513852119432e-04
5.440027249751472707e-05
8.076637378172575078e-06
-7.690688274560636048e-05
-1.341750113192116494e-04
-1.890294864533608918e-05
-7.620169444858186192e-05
-3.704989450530079393e-05
-3.738252354218726901e-04
-3.344569320838239801e-04
-3.200166179026022470e-04
-4.091679200577822339e-04
-3.945759167122200048e-04
-3.797442532629304317e-04
-3.212509695599332369e-04
-3.067509151548676876e-04
-2.753684947426477932e-04
-2.936754372455709365e-04
-2.619402202005545162e-04
-2.092604852395351430e-04
1.849421988547732569e-04
2.372522424094159702e-04
2.695222904535832893e-04
1.455458980172653297e-04
1.781418580308447670e-04
2.242034756634850214e-04
7.487355132846935501e-05
1.203519864064175795e-04
1.207460856675689307e-04
2.778793354807887386e-04
2.785287044388761010e-04
2.898986781950277196e-04
1.840801971410920110e-04
1.955854018454608427e-04
2.136247092041125236e-04
1.353722687347960578e-04
1.531387422348310886e-04
1.251497870917274782e-04
-6.895282081114745753e-05
-9.501964257556654719e-05
-1.108546264838715270e-04
1.257739187358721325e-04
1.087089196409742162e-04
9.311392601697357886e-05
-1.592975448254783824e-04
-1.730892360105493427e-04
-1.966269103659385419e-04
-1.395362447842338443e-04
-1.637713051250272965e-04
-2.367381048073371888e-04
-3.760604652425342774e-04
-4.461335874778529645e-04
-4.856324065499490351e-04
-5.220811390002569200e-04
-5.606343164131527990e-04
-5.663554642315260989e-04
-1.256517842434829596e-04
-1.370217527228646175e-04
-1.120680151006905802e-04
-2.196846596268583899e-06
2.254206110138907353e-05
4.623532518044267932e-05
3.381739433736070314e-05
5.747609761774693767e-05
8.861112578249455028e-05
-1.633110462990760322e-04
-1.318088442092862672e-04
-1.535515852134396999e-04
-8.179324218128889270e-05
-1.037066771510710686e-04
-1.331235795945152239e-04
-2.510497082818021744e-04
-2.788035014376267660e-04
-2.696661598145447388e-04
5.809744862259928430e-05
6.522154732575193166e-05
9.049390635122787734e-05
3.295254433961138248e-05
5.879375228327941676e-05
7.956206140375500025e-05
1.262297139656288602e-04
1.463435943544543296e-04
1.755857286054218931e-04
1.683670376617162436e-04
1.974774407000790162e-04
2.490025204619251975e-04
2.651087145506447924e-04
3.165904732608561256e-04
3.782673792513085824e-04
1.366701168021046409e-04
1.991297011910936159e-04
1.734829599868219999e-04
-4.965564776724220100e-05
-7.490008672311038694e-05
-1.898770469721623505e-04
4.354575114712982455e-05
-7.215388631599329358e-05
-1.112119081390915446e-04
1.009758398716963882e-05
-2.872033123466055920e-05
-7.600291555755179194e-05
1.713789878103056915e-04
1.234342476887780819e-04
1.913648635719235715e-04
5.210089748251844378e-05
1.202041572879332778e-04
8.143783915468059791e-05
1.851768289680856940e-04
1.463800318483871998e-04
1.404896600961305230e-04
1.068722766969852460e-05
4.862761541511121267e-06
-3.266538235798194592e-06
3.915315652010888147e-05
3.134696746853022319e-05
1.553251311627238513e-05
-1.428978255470019724e-04
-1.592748132862427878e-04
-1.576491012830171781e-04
-2.135672523036876368e-04
-2.112381589259836870e-04
-1.977851496605340651e-04
-5.956642777993120721e-05
-4.668688038980106625e-05
1.668648512061123978e-05
-9.582939660792688641e-05
-3.255678855855579246e-05
2.620567570807468211e-05
8.438721503647018778e-06
6.731541830482017314e-05
1.042239788112678993e-04
4.836605981359314238e-05
8.528739690161137466e-05
4.359005516162145358e-05
6.427495518079786186e-05
2.368152173003185016e-05
1.537664263191095221e-05
5.367607491789388877e-05
4.458681848513356078e-05
6.539053382115998748e-05
-1.957839000443143524e-04
-1.747890016460176420e-04
-1.377790074199458799e-04
1.498410022421423483e-04
1.862605816116535821e-04
2.656534593309734025e-04
1.923542397692778864e-04
2.719674771409008661e-04
3.250598554317445836e-04
4.413924866578999916e-04
4.936371285751999698e-04
4.613107701337999258e-04
4.404554445230939768e-04
4.085636171843493882e-04
3.591449625913612094e-04
2.750727251445046219e-04
2.257198488463274685e-04
2.188470935301954569e-04
3.472368684255145040e-04
3.402708207808534326e-04
3.488181903729049740e-04
5.962003380256396690e-06
1.460665252560957054e-05
2.989082832534958184e-05
4.504629059264643768e-05
6.049321501230050385e-05
9.658627607225496806e-05
1.513740292535458928e-04
1.877481460042210344e-04
2.252304497516483418e-04
-6.815159065351765119e-05
-2.963255025756057585e-05
7.658549672428572631e-05
1.834032977341443649e-04
2.879531713618716047e-04
3.658323281280217868e-04
2.078781728117545888e-04
2.860503469429431659e-04
2.963551651332259861e-04
3.313525836284725171e-04
3.418892138283432212e-04
3.426776843065916425e-04
2.109033794253797021e-04
2.121727615980951911e-04
2.047753092813079517e-04
2.184484205594806796e-04
2.106751795838360947e-04
2.096847174306073472e-04
1.746717622483854454e-04
1.732105165336885735e-04
1.497467079276397668e-04
1.098022339482465073e-04
8.674221188595442403e-05
5.541941327979332810e-05
1.551348164754167043e-04
1.236849505454815090e-04
9.053467379937672407e-05
5.626086322595841294e-05
2.402823025415444166e-05
-7.021314359738936410e-06
5.434218715520927438e-04
5.109932164661553896e-04
4.797667296405625555e-04
4.026272501680036283e-04
3.717183698062063221e-04
3.516968466653593245e-04
3.567936345096887115e-04
3.364057086953066650e-04
3.399475624432072999e-04
-4.376509274509630737e-04
-4.317648038155182241e-04
-4.060535656582302949e-04
3.310762929144532444e-04
3.548077139010914066e-04
3.792436019964121659e-04
3.439385096396137265e-05
5.854874157622236806e-05
3.819934492912209403e-05
1.479119656821318348e-04
1.279788120182237662e-04
1.612626820988338110e-04
2.364099345168105401e-04
2.695359454210232613e-04
3.071105154925481487e-04
2.753572353813182232e-04
3.126017389116332937e-04
3.056516007240081805e-04
1.746831974708930660e-04
1.681118747404927987e-04
1.589319403966579650e-04
-2.238036531303857785e-04
-2.307293793900247600e-04
-2.570523247184475701e-04
2.584779544951085065e-04
2.298897998345771987e-04
1.957874498983900279e-04
2.628499460344890315e-04
2.283069058975259989e-04
2.213692310114827441e-04
2.844090356446857780e-04
2.790264075237762617e-04
2.855147599115471580e-04
1.958208117948349999e-04
2.009584699630241134e-04
2.368582906890147983e-04
2.727708473907287457e-04
3.085674222781741678e-04
3.658844036866388269e-04
2.150396437607193052e-04
2.736143908581173964e-04
3.425688239183711549e-04
2.707881469862944432e-04
3.388033121262180349e-04
3.362099243497481847e-04
4.941393610459255716e-04
4.909369465133181119e-04
5.091116689837087324e-04
4.510262817313900495e-04
4.692190922324095299e-04
4.730520462412749795e-04
4.621118931791294744e-04
4.659722338924547104e-04
5.129029301169545692e-04
4.266679328661774663e-04
4.735817634209276480e-04
4.886058971813895396e-04
6.089210506470159930e-04
6.238922445398770861e-04
6.330241464791578395e-04
5.382280299735271029e-04
5.473842627150696857e-04
5.342060142020402204e-04
5.057225223179665548e-04
4.925587529605893146e-04
4.657508494071368760e-04
4.823684832836208592e-04
4.562538329716478176e-04
4.319571542786602254e-04
6.140008213785183317e-04
5.890726404963229175e-04
5.919055098830663161e-04
5.952966765384357746e-04
5.979760523233503596e-04
6.274020904150291907e-04
5.607095578499079244e-04
5.902647150854080545e-04
6.145412027818644577e-04
5.345060687452986466e-04
5.586992176232421928e-04
5.213798823781496967e-04
4.592119350546533399e-04
4.221549708411282981e-04
3.199134775819392849e-04
4.749226601809448684e-04
3.733721064087139416e-04
3.012850201223422550e-04
3.081451982176067281e-04
2.367562546162311696e-04
1.717841241804210126e-04
-8.971023908778581746e-06
-7.455875856640957000e-05
-9.281694810829398254e-05
4.145272159836979240e-04
3.950811354118278899e-04
3.948045170771382240e-04
2.837613558770036974e-04
2.836143259854014454e-04
2.927977678598182323e-04
2.370853191903750834e-04
2.460164163028167607e-04
2.962988852519113413e-04
2.639706711749823811e-04
3.142970287004057161e-04
3.821733475311863120e-04
3.628190658051092020e-04
4.311199658665078576e-04
5.061290148497719302e-04
2.202797981559502776e-04
2.955450190548945203e-04
3.135607703693884521e-04
3.475217244905579820e-04
3.651762390614229350e-04
3.871682221996983284e-04
5.052439819660711198e-04
5.273477092613851423e-04
5.426395764396334731e-04
5.019399779611652488e-04
5.168746683801333152e-04
5.084175258192285933e-04
5.779355887960451387e-04
5.697373975666292049e-04
5.415725124694627376e-04
4.713420834408193864e-04
4.428355412019637080e-04
4.188687586130125521e-04
3.195066626576927157e-04
2.987396570525614617e-04
2.801424031300786240e-04
2.388763665359018443e-04
2.191899599662366612e-04
1.963949027038176375e-04
4.387214336699190838e-04
4.142387471427206713e-04
3.756439241542749649e-04
3.839605771270577627e-04
3.458432752368309146e-04
3.322786883302593060e-04
2.570335186747171527e-04
2.428852398964205213e-04
2.502588181903720637e-04
2.927366381129810043e-04
3.000314468898013969e-04
3.190277562380892332e-04
3.293957275252924104e-04
3.485824777881738838e-04
3.871916018187757493e-04
4.237296594211024340e-04
4.618482529412712813e-04
5.082147281435349384e-04
4.155365790001805783e-04
4.617513359342732826e-04
4.758004245820934060e-04
4.378890616870516339e-04
4.520937685163239125e-04
4.782800154729267405e-04
4.521763215314144376e-04
4.787458950389629053e-04
4.827553003032571642e-04
4.597570863055517720e-04
4.632929868002302019e-04
4.322534060302138555e-04
3.732210844226992695e-04
3.421921847584605443e-04
2.977034286265629187e-04
3.203570359582960832e-04
2.758380409465539113e-04
2.264902362142315329e-04
3.616152656865673914e-04
3.129114705145916164e-04
2.918163781266862929e-04
2.358859422159007013e-04
2.142416314434463561e-04
2.242634220316224759e-04
1.758484985891933024e-04
1.859996557037496036e-04
2.149912999185510289e-04
1.679965500521623557e-04
1.977609882770814311e-04
1.734389093999902506e-04
2.637770904867686641e-04
2.384894047227839728e-04
2.336490004278353374e-04
1.025503603105584879e-04
9.803428910221969293e-05
7.893858351799300753e-05
3.824873718155181925e-04
3.629169245488812669e-04
3.201033008058377797e-04
3.696560620102902397e-04
3.268359772168853575e-04
3.084028461658306470e-04
1.610315860721105033e-04
1.428733698035500994e-04
1.425282955537698275e-04
2.692691517936907759e-04
2.687741200574821836e-04
2.576050284806411287e-04
1.416232246342263227e-04
1.302134443795080801e-04
1.335503780459735071e-04
4.767189619818288293e-05
5.120580458917948358e-05
6.027747672671872163e-05
3.231325404662388837e-04
3.321841600645934322e-04
3.620367570015342530e-04
3.540417842978281059e-04
3.838377306287848946e-04
3.919123489217731047e-04
8.281290502554938164e-05
9.097826906190168740e-05
1.022675575142584616e-04
2.636492724454860079e-04
2.749271230924732858e-04
2.816180250361560635e-04
3.149561822566993409e-04
3.214560030015184335e-04
3.630364406229775152e-04
3.801553731305523567e-04
4.223069879766400657e-04
4.594743944898028835e-04
2.057113049626197419e-04
2.424156840851311549e-04
2.719277651857171301e-04
2.375511825511013135e-04
2.671821527991030459e-04
2.719814469491763694e-04
3.053107027306739335e-04
3.098789415707512481e-04
2.990714066453519773e-04
3.656676667196376903e-04
3.547356547113749694e-04
3.127726828562126622e-04
3.268607917033377599e-04
2.849804165190116629e-04
2.294213977280905314e-04
3.044025085283474192e-04
2.488335362274100848e-04
1.931535871949398601e-04
2.050172247096797296e-04
1.493541558988744104e-04
9.794004692884267574e-05
3.110384632850417578e-04
2.597503011413115383e-04
2.498645339549848059e-04
2.340977775231200576e-04
2.240599573745721200e-04
2.350686251520397877e-04
1.681531143297770241e-04
1.792808749814736461e-04
2.078895031969301972e-04
1.625708379651638483e-04
1.909949478955247078e-04
2.051547875250672747e-04
1.714486989454605255e-04
1.858773997607623984e-04
2.133685090226333098e-04
2.167473525130173017e-04
2.441397561338942007e-04
2.869072527901659524e-04
2.186438693312208609e-04
2.611995046536828196e-04
3.438160722338457929e-04
1.914302888836170351e-04
2.742075678155620920e-04
3.662693552743056472e-04
3.719088210685973393e-04
4.642311460175895747e-04
5.331803843963291807e-04
3.977523365593859609e-04
4.673268270797428054e-04
4.236346312438414759e-04
5.480402472547587318e-04
5.034856030590177840e-04
5.207508065356442062e-04
4.540240652033404774e-04
4.715677632336073843e-04
4.339886498732524944e-04
-2.576222294956395653e-03
-2.586500822091285495e-03
-2.624545405953727061e-03
3.741276294553685022e-04
3.104856446296205092e-04
2.795155280510210234e-04
4.515240730395769049e-04
4.183129178600632388e-04
4.667913115968439592e-04
4.121445647215717274e-04
4.603785881459224833e-04
3.491982130165895018e-04
4.317417723046127571e-04
3.205483150034894738e-04
2.727248453248452918e-04
3.366588713200514707e-04
2.889922276318233983e-04
2.616345871077044760e-04
3.207040668877002374e-04
2.932820632425262486e-04
2.887942797690323631e-04
2.189069625758691584e-04
2.143334974255106488e-04
2.268607850561629334e-04
1.431587558192825953e-04
1.559081347801502147e-04
2.049033675387020416e-04
2.225205744758959213e-04
2.725967380495260663e-04
2.963285653105895718e-04
3.792544913988079138e-04
4.018758765607099732e-04
4.300883854822903137e-04
1.544047401704784234e-04
1.830365479774489264e-04
1.325453070203761081e-04
3.363011347499631452e-05
-1.588681854987642958e-05
2.063087293899896948e-05
2.217847816391835432e-04
2.571729534680331072e-04
2.899432048105780825e-04
2.313020347060942969e-04
2.637158805408661112e-04
2.930299640993460275e-04
1.867540605270449862e-04
2.165110461774154759e-04
2.219089702945477695e-04
4.300524568079843379e-04
4.350526625300101370e-04
4.336934510479303114e-04
1.240391039997614355e-04
1.234828963038133495e-04
7.522666883845116354e-05
-2.445687423460185528e-04
-1.527420956262786061e-04
-2.200811123527688078e-04
-1.716029784729171663e-04
-2.384990931075167946e-04
-1.434031020335618117e-04
-1.821384922420707635e-04
-8.821628775426630762e-05
-1.198751779883541578e-04
-1.591155616052213767e-04
-1.905273457668163429e-04
-2.349638333245437081e-04
-2.611240707482584368e-04
-3.059497056230228154e-04
-2.625756032520016551e-04
-2.478938211853872744e-04
-2.045984737795820355e-04
-8.133287915029118126e-05
-1.978701920469334245e-04
-7.471923740581164425e-05
-1.781445788616191816e-04
-1.496563039347578055e-04
-2.530873206375044331e-04
-1.805954018701213019e-04
4.502221064866816281e-05
1.178406707557970120e-04
1.918627975973639151e-04
-4.521427788775140210e-05
2.862549162813122182e-05
-5.071174084581616791e-05
-4.274280500254933925e-05
-1.214315895820054737e-04
-2.834103652276098728e-04
-4.584799601137820157e-05
-2.085083251586183906e-04
-2.078519901260733604e-04
-2.489108592271804810e-04
-2.481302944943308830e-04
-2.208126960991168241e-04
-4.045455716550350189e-04
-3.772838235104674048e-04
-3.799585033968062376e-04
-1.311674413241663794e-04
-1.337349900105939482e-04
-7.050762973542078628e-05
-1.394420619882614587e-04
-7.659382276053293837e-05
-4.039995564323837498e-05
-1.212882841546343197e-04
-8.488955517475480774e-05
-1.927325778612863389e-04
3.554756677533512375e-05
-7.249449700768999564e-05
1.600120770211005015e-04
-9.475114203244410264e-05
1.379582929705874426e-04
-4.655528298328967789e-06
1.461552462323097417e-05
-1.280364299395413716e-04
-9.444611851753406738e-05
-1.641840713068203647e-04
-1.308114274327989719e-04
-1.133046960390228031e-04
-7.660344773133956407e-05
-5.890116770072460154e-05
3.267153970981710688e-06
4.380701395663812777e-05
1.057544011753897603e-04
1.682253063562347425e-04
1.174518636442634697e-04
1.798709276271073950e-04
-4.361991837156018565e-05
1.472583757502979470e-04
-7.601760394406518290e-05
-1.382444831353990512e-05
-2.360443608742301622e-04
-1.736929531655963949e-04
-9.270396771666881194e-05
-6.361420461719302611e-05
1.716044567233595500e-05
7.373781095423848336e-05
1.239951011898640047e-05
6.891507341691405480e-05
-2.559217491929032364e-05
1.774684328750819867e-05
-7.672444726616688528e-05
-2.294103614985942841e-04
-1.153417232706824736e-04
-2.680781472008675337e-04
-2.675001160241663456e-04
-1.617329144210088998e-05
-1.574226553202606738e-05
1.338533845427478716e-05
-9.543778287479653955e-05
-6.628458570758779481e-05
4.392379470910296076e-06
-2.482075221703850193e-04
-1.773645123631736485e-04
-2.477362524749186041e-04
-3.236167319283863751e-04
-3.927508316499587300e-04
-4.187345330137759447e-04
-6.239331761919298790e-05
-8.981295832199975848e-05
-8.933154458645731211e-05
-3.011615772265940905e-04
-3.002455632667988539e-04
-2.993117668665945530e-04
-1.938211935339495540e-04
-1.933525782078504562e-04
-1.928829442476853728e-04
-1.516580377938225865e-04
-1.512987073510885239e-04
-1.275547537213475883e-04
-1.922967494465410709e-04
-1.685567102819965661e-04
-1.596011617379656231e-04
-1.652659838279993713e-04
-1.561450964231437242e-04
-1.363571009354023794e-04
-1.575961843058860099e-04
-1.375194060604377250e-04
-1.134352102080123337e-04
-9.637376388882383938e-05
-7.260885160842405872e-05
-3.894284253886135883e-05
-1.167351480243490847e-04
-8.313153756728562183e-05
-3.414841902195305283e-05
-5.342718906741791667e-04
-4.838720849737042254e-04
-3.994658392357130399e-04
-9.109185871061093159e-06
7.401395929358407354e-05
2.152567110916423702e-04
1.357204097169890499e-05
1.550291424810710454e-04
-2.233115083072334528e-04
3.849072600321947575e-05
-3.399313136469572783e-04
-3.391427744645625353e-04
-4.632005002349615097e-04
-4.622070700861513615e-04
-4.612067714333534241e-04
-4.120468511246144772e-04
-4.113072645850479603e-04
-4.105592379346489906e-04
3.855177622464706294e-05
8.295427523960128505e-05
1.008259685839737931e-04
9.339360094570323904e-05
1.112604776061351577e-04
1.966070145556020679e-04
6.732702317081644926e-05
1.526628644625905099e-04
2.730472818295199026e-04
1.885059051403093280e-04
3.092796444472584476e-04
4.540140211081795290e-04
1.148347267227906336e-04
2.594568644615553215e-04
-1.074576210369439688e-04
3.258119389845721319e-04
-4.144894030402320297e-05
-1.098080963114551249e-04
-3.839207767966109188e-05
-1.066437823450467530e-04
-1.275576255838806899e-04
1.339343009764053878e-04
1.129423139527951209e-04
2.150818605371685919e-04
3.668751329225942775e-05
1.390248931641625461e-04
1.031291477145711874e-04
-8.279568411643335258e-05
-1.180000535216097737e-04
-1.466113494381350536e-04
-1.690250928051685001e-04
-1.972562926959288377e-04
-2.057351736038014677e-04
-2.782458209104877967e-04
-2.843380713055864090e-04
-3.658534862899349375e-04
-3.076890058035984749e-04
-3.904982024670706434e-04
-3.512284230447383789e-04
-1.396027530410454641e-04
-1.027225436183633474e-04
-8.506477463795481214e-05
-2.765754099010499386e-04
-2.585029113366329751e-04
-2.693080175861135048e-04
-3.717315674553686462e-04
-3.811767390190973800e-04
-3.313353874630430799e-04
-1.926264739198385893e-05
2.847606882889325806e-05
2.910170399404756456e-05
6.732044202246273944e-05
6.812679742283813387e-05
7.436365506494546293e-05
-1.671245451730050415e-05
-1.056381058530753494e-05
8.287968601582834920e-06
1.583225816173864341e-04
1.773964812383225956e-04
2.023394307039219652e-04
1.617533178869805135e-04
1.863468031083706533e-04
2.092366004587722364e-04
1.825014740611899410e-04
2.054626631077018919e-04
2.284758521570104395e-04
9.358094681441908504e-05
1.166817165655295585e-04
8.444954820669331496e-05
9.154353039108470425e-05
5.951602016802021210e-05
1.856340785031106470e-05
1.688172744376871819e-04
1.281165848764115214e-04
1.020676905018906479e-04
-7.580062557957235577e-05
-1.020644953977618927e-04
-5.848044982252202694e-05
6.207844537772940451e-05
1.052967140117890411e-04
1.584079492606846546e-04
-4.812265849744461243e-05
5.048443330700502253e-06
-2.121694567150671402e-05
6.353721814254950032e-05
3.710261947006683429e-05
4.488489340896895585e-05
1.748617446794803031e-04
1.829130034954211718e-04
2.047290308109949884e-04
-3.533738143099547321e-04
-3.301916750206146780e-04
-3.096103299600010930e-04
-1.534977391274878686e-03
-1.507026607096654701e-03
-1.499196551143997577e-03
-6.663536167894428246e-04
-6.652458471803601161e-04
-6.686738939994112292e-04
-4.434633668138320819e-04
-4.471603912339642737e-04
-4.659112707918335147e-04
-2.287137919143870566e-04
-2.487982089837838359e-04
-2.381660020780081177e-04
2.374257858286786429e-04
2.474394344738421714e-04
2.826217742571764829e-04
6.399872597676867008e-05
9.902286461369779131e-05
6.048330802273439071e-05
6.823042991386439821e-05
2.981113035034822127e-05
-1.357101766511566339e-06
-2.588304446750463376e-04
-2.894246328399775097e-04
-3.021788493602036493e-04
-1.606104971618650028e-04
-1.740720531775115983e-04
-1.536777507613831415e-04
-1.056633250659762876e-04
-8.522135057555970099e-05
-4.952413024734915632e-05
-2.494769604946013835e-05
1.072851131316064459e-05
-7.709129030426784576e-05
-1.222494220769053831e-04
-2.099818539953027588e-04
-2.622493166185798134e-04
-1.526984434256498438e-04
-2.047967836901428188e-04
-2.383503885760810271e-04
-2.335520957771571363e-04
-2.673180713139381576e-04
-2.950928115776206995e-04
-1.409724643275048629e-04
-1.685528783152277939e-04
-1.435082264544776832e-04
-1.155076402962605827e-04
-9.022621422282971486e-05
-1.203493009155927595e-04
-1.232039973439983283e-04
-1.536849010803116719e-04
-1.931304116269466826e-04
-1.086241388760818537e-04
-1.481855263236803361e-04
-1.352761324558447514e-04
-1.352645913473892261e-04
-1.470139913622193226e-04
-1.159560904149976721e-04
-2.823067415634073233e-04
-2.513518099683416103e-04
-2.344056794379135945e-04
-1.909457330136639093e-04
-1.740480312571158984e-04
-1.824413656815695355e-04
-4.793907520786157500e-04
-4.876253542117583344e-04
-5.052186399968777459e-04
-5.529729996435153077e-04
-5.703573781336162846e-04
-5.766673759163217254e-04
-4.939346192675147813e-04
-5.005499162317113586e-04
-4.678313574405522954e-04
-4.883120465629594035e-04
-4.552490730421753537e-04
-3.716782550007942040e-04
-1.457199809384958692e-05
6.861984441923919126e-05
8.392953170688568945e-05
-4.311088120163408116e-05
-2.716269225355491643e-05
-5.224162739100380367e-05
-1.162721891655425787e-04
-1.422846587687216563e-04
-1.483369856207413515e-04
9.894512213259203971e-06
4.129614790830210764e-06
2.291413658591794121e-05
-8.209668205313067047e-05
-6.323203741279555213e-05
-2.581828601924522366e-05
-1.271602890331776227e-04
-8.968680202761484827e-05
-7.746022344313441776e-05
-3.014797127320040628e-04
-2.876092042841750561e-04
-2.430569451488709637e-04
-6.821900057352959178e-05
-2.490772876890065156e-05
3.259375382817038171e-06
-3.357811669074154087e-04
-3.056697231543747104e-04
-3.637784829875559140e-04
-2.240457605396894134e-04
-2.829490549443394471e-04
-3.058219073057530553e-04
-4.869208059785992432e-04
-5.071949773185310990e-04
-4.983771579608033348e-04
-6.426701648809371621e-04
-6.328053643263588596e-04
-5.299085191763854182e-04
-1.549148220836828128e-04
-5.749447381458338202e-05
-1.468901657559313310e-05
8.717634546701703369e-05
1.297383637161519335e-04
1.343741673216609055e-04
1.277730548049848484e-04
1.324547842549545461e-04
1.542247634716084224e-04
-7.439667438767722310e-05
-5.228887245899681031e-05
-1.100366833701131976e-05
-3.687774798857607235e-06
3.743692169815899693e-05
-2.251038214810314629e-05
-1.360215294741779391e-04
-1.944928907664877460e-04
-3.336672289792920725e-04
1.667582156028213814e-04
2.571250109164907767e-05
-5.624624488275420094e-05
-2.940517703839645551e-05
-1.106983766179151478e-04
-1.085631442766486494e-04
-2.868939943011772061e-05
-2.734561665429163855e-05
2.671825083331766902e-05
1.760927734632155477e-06
5.571759853871169864e-05
6.892451731738664738e-05
1.203209389723893571e-04
1.334882292479186558e-04
1.123391988009313203e-04
-3.173871279676414498e-05
-5.243752881445865261e-05
-9.762584131400332821e-09
-3.156740646439505659e-04
-2.625056204804146693e-04
-1.771988476607234530e-04
-1.409354573068136380e-04
-5.640895818166745228e-05
-1.310698171135147780e-04
5.159904111248130379e-06
-6.919967196771108805e-05
-8.848095553756166621e-05
1.449407609772758812e-04
1.249883139732625671e-04
1.188354630517276275e-04
5.059868321924995260e-05
4.460455731306842446e-05
5.486455247059957778e-05
1.174776020138958740e-04
1.277365930892762700e-04
1.331180460596659775e-04
-6.046897948044075615e-06
-5.884580701386932840e-07
1.161295983219732641e-04
3.770687136186450677e-05
1.546453747177709936e-04
7.275033077435157330e-05
-2.718470597395402201e-05
-1.095497185715887782e-04
-1.315134879981439146e-04
-1.724015068148676392e-04
-1.935382617951642307e-04
-2.467486456586887619e-04
-3.279472117659557192e-05
-8.671043637123904439e-05
-7.295364515393079814e-05
-1.352483205116262219e-04
-1.215953717613876015e-04
1.275378757348858078e-05
-7.633603412195147570e-05
5.808995932533048351e-05
3.352146887003015600e-05
3.176120820647679527e-05
7.242339782105198728e-06
-9.244044680919641507e-05
5.637816505195012914e-06
-9.284510646786684048e-05
-1.285956496608875975e-04
-9.175691424708956731e-05
-1.283566199013464436e-04
-1.621298503677683404e-04
-3.564848703568302378e-04
-3.900996595702456763e-04
-3.693720207082079078e-04
-7.616791816776121327e-05
-5.601043789628609997e-05
-3.551882691500858873e-07
8.052333668481933496e-05
3.659598232550782685e-05
2.754618189053180790e-05
2.162809877602565726e-04
2.065754028923014640e-04
1.790464137833000025e-04
1.574477276239780632e-04
1.302790859575283578e-04
9.363508082022774194e-05
-1.360637737313352019e-05
-5.017586579052847650e-05
-7.036514526695442529e-05
7.416602978045004580e-05
5.390021450588050155e-05
2.040874959019401032e-04
-2.819495706818668144e-04
-1.316784993579222900e-04
-2.068431795609300741e-04
-9.059794790312490284e-05
-1.655962706112419972e-04
-2.668714391216776187e-04
-7.695129993717426150e-05
-1.779368562307349260e-04
-2.555482758276479672e-04
-4.353440548908105905e-04
-5.119117529198841934e-04
-4.336333577557607800e-04
-3.045594173550920914e-04
-2.279643004330947310e-04
-2.765331850626992450e-04
-2.923927304837062270e-04
-3.405229621806668506e-04
-2.910155192235144893e-04
-3.061676074524896608e-04
-2.565770148517224113e-04
-2.314653984773433872e-04
-3.803940228404137413e-04
-3.548202958460426994e-04
-3.534058412234368789e-04
-3.547349925189740129e-04
-3.536786605301383006e-04
-4.362321025528358457e-04
-3.937554208724829423e-04
-4.767837792005734680e-04
-3.782158569822789197e-04
-5.319677849602298973e-04
-4.329606859403432374e-04
-4.717200909521368436e-04
-3.750639121438146596e-04
-4.139677303623345785e-04
-3.620391159453949215e-04
-4.790495414066997461e-04
-4.262325616688987496e-04
-4.270855405769885624e-04
9.601792617858776130e-05
9.380119634497751345e-05
9.664050947298603910e-05
-2.137948278632174383e-05
-1.823571084992651982e-05
-6.059497262519805596e-05
-3.137878240545903486e-05
-7.414174341299592421e-05
-4.151482230138882844e-05
-8.695794067408984390e-04
-8.348939862530018645e-04
-8.374077406896292871e-04
-4.601660279643639772e-05
-5.017248265892416026e-05
1.589174739855556216e-05
-3.663311036488055891e-04
-3.005308889893141535e-04
-2.889167888111622865e-04
-2.075407164280560759e-04
-1.955751292894782631e-04
-1.310905667644999628e-04
-2.371966406844027309e-05
2.102495831883777156e-05
6.202246988774423033e-05
7.948807810413915887e-05
1.205588876700509015e-04
1.253323916582006346e-04
-8.433172949938889116e-05
-7.957830715425430424e-05
-1.470889073385466613e-04
-4.600668271767359842e-04
-5.251983638441730471e-04
-5.499178987977894773e-04
-4.803911354938342941e-05
-7.502508019598754007e-05
-7.571992381780336774e-05
-3.520399700420530397e-05
-3.638708648576329625e-05
3.111427798282892206e-05
1.081232704383392655e-05
7.984982078776300648e-05
1.284614709850376074e-04
1.149072925907165506e-05
5.882752981893472118e-05
1.189164899093042571e-04
1.187731841757868950e-04
1.787318755210320909e-04
3.981771836037926440e-04
1.143403491274397332e-04
3.347708800788216357e-04
4.740760960023260220e-04
2.961781531552963023e-04
4.350172712340360983e-04
2.255822569675816494e-04
6.049418625527402862e-04
3.946624443013293940e-04
4.398480987227067749e-05
3.509110197736023265e-04
2.382456842298845499e-07
-4.611467826410101112e-05
-2.855359524999519141e-07
-4.656140750969664510e-05
6.342413181935336024e-05
-9.407215926560477670e-05
1.589443346981789500e-05
4.046378690756766670e-06
1.497417855871179286e-04
1.378121673232018040e-04
4.308960284016635648e-05
5.972270484641930329e-05
-3.498405625667813787e-05
-2.905581298127813523e-05
-8.008444332607481250e-05
-7.413722435321701948e-05
-1.319066546216486569e-05
-8.248039032641841357e-05
-2.083050826854883309e-05
-1.724291268848533037e-05
1.340557336754922700e-04
1.370045074529880821e-04
1.077503361464686145e-04
1.451086727704787790e-04
1.156976900254584302e-04
1.148975908734022435e-04
7.267113277504438657e-05
7.195389222829852069e-05
1.011482868159647921e-04
1.823402741934422220e-05
4.738069172506145029e-05
1.410109215242685214e-04
-4.828231841768213721e-05
4.562250602188421640e-05
1.397849386532865014e-04
1.128744150804252759e-04
2.075522328934706296e-04
1.763349885380606497e-04
1.435946591639033999e-04
1.130557086811180556e-04
5.065456301897873536e-05
-1.586866689819131648e-04
-2.215910489764798675e-04
-1.990861971094136005e-04
2.770334076915599163e-04
2.984423111670321906e-04
3.961297170707243605e-04
1.939844035846318240e-04
2.918260852555963321e-04
4.761251034416216820e-04
2.375200693012434168e-04
4.215365038454491108e-04
6.584166926950771803e-04
4.353720719428691476e-04
6.722804769561250204e-04
8.416773243190163976e-04
7.320253003309105033e-04
9.018527679692397124e-04
7.988206942482057975e-04
7.004692496813277013e-04
5.977650160584736631e-04
5.298236425298049820e-04
6.283203709554065035e-04
5.599509964960410965e-04
4.935883652787643669e-04
6.934862827912688030e-04
6.271935007670882342e-04
7.731128241214174374e-04
6.224834678132075069e-04
7.681072417692485794e-04
6.554921964800471080e-04
8.251402357056941434e-04
7.127593452844323231e-04
4.038170504908918492e-04
6.124973114731276048e-04
3.032128793246953837e-04
6.304956111369356677e-05
1.154759870668782941e-04
-1.210733629971586151e-04
-2.145096624006674819e-04
-1.168302573472104950e-04
-2.117553049900726609e-04
-1.815080721111191704e-04
6.155099909084922822e-06
3.470735480606869914e-05
1.500646773605957191e-05
-1.017990491289331458e-05
-2.937600059554562409e-05
1.939715066645109412e-05
-1.105654284695966585e-04
-6.246416823752409461e-05
4.186598496033993970e-05
-1.106953941099530700e-05
9.320994401804355393e-05
1.086945343150386655e-04
1.425539023986756564e-04
1.581545733234474504e-04
-3.540546903247281758e-06
2.169380244186708772e-04
5.486909459358985737e-05
1.700769030579017487e-04
6.872294317139044555e-06
1.218869552106248227e-04
2.197714893216049436e-04
1.065668443773524847e-04
2.046306580839460853e-04
3.069423305752634959e-04
2.015905010582661394e-04
3.042880466856941538e-04
3.115484795925769481e-04
2.855408142969891386e-04
2.923451465248692307e-04
2.670427496452979811e-04
1.978447034416350994e-04
1.725535115367896923e-04
2.021343692878595959e-04
1.486682016077615388e-04
1.781989425627849470e-04
1.674962082624366442e-04
2.523308807259760271e-04
2.422760558992555300e-04
2.476535438468751085e-04
1.801315780475666681e-04
1.849547253364768398e-04
1.988805787970042687e-04
1.460527411105182541e-04
1.601012381125903588e-04
1.606808485982638831e-04
1.462513072748399239e-04
1.476169540134889121e-04
1.425927196078580900e-04
2.031591988222372766e-04
1.971346948676389738e-04
7.414886510878089922e-05
6.386487916192236380e-05
-5.870476582140441877e-05
-1.130583692993749625e-04
2.270785656705800082e-04
1.721616866579498404e-04
3.882351451470390400e-05
1.773583647608976120e-04
4.403784409082368454e-05
-1.788455108013711032e-05
-1.215610158032657162e-04
-1.831964472059231168e-04
-2.592228441325460141e-04
-4.938190965746305046e-05
-1.255753334670771425e-04
-1.050922323218129810e-04
-2.550459205930565064e-04
-2.347942676594995197e-04
-1.156279081143915283e-04
-3.205351999229334530e-04
-2.011859810110658037e-04
-2.297221816809447777e-04
7.580282775307897454e-05
4.726394953079798107e-05
6.975521421055758879e-05
7.000838930592217331e-05
9.243821579958761618e-05
1.341261684930202729e-04
-2.128076911298978837e-04
-1.710285343077714377e-04
-1.544516362142318530e-04
5.141899098015314954e-06
2.171009514624833636e-05
-4.333887382382327434e-05
5.353443525875567965e-05
-1.162141752866828557e-05
-2.958076940568157994e-05
5.615035870140617971e-05
3.868488427532842792e-05
8.293295003717802115e-05
-1.811474939314461645e-04
-1.373733694966692512e-04
-2.886500080437868782e-05
-1.331169633962024038e-04
-2.451723778010815331e-05
3.985342691494909734e-05
6.691643629730642355e-06
7.085246970719484300e-05
1.949120544608996504e-04
1.245686819854268214e-04
2.485158677459077233e-04
4.358005906570888537e-04
2.245396083467022770e-04
4.119197627179510372e-04
7.284777914318355928e-04
4.268758428398705500e-04
7.434086676365795742e-04
7.302338614820250932e-04
6.957964017200383555e-04
6.826337027589538756e-04
6.126016108219211991e-04
8.510211461682552162e-04
7.811245762177443201e-04
1.032663490113867313e-03
7.513316980230322177e-04
1.002722298799147696e-03
1.319288463803715760e-03
9.496668453356901709e-04
1.266345089191347117e-03
1.114289383953440300e-03
1.249650506309009845e-03
1.097410326441753022e-03
9.073750770290170409e-04
1.079774714857342950e-03
8.899786407233004071e-04
5.676066955854829977e-04
9.185888847674031354e-04
5.961486620433342288e-04
2.113819000804754446e-04
5.705789242708769271e-04
1.855999226244124125e-04
7.836099103018594973e-06
1.200376364430370281e-04
-5.750255324512724758e-05
-1.377420531118667623e-04
2.995872098851944327e-05
-5.009794861529087034e-05
-9.281057984773349563e-06
-9.808642519623105732e-05
-5.658512888869298677e-05
-4.828123440646055805e-05
9.226722638848889073e-06
1.662126793846067322e-05
-6.710357401037530785e-05
-2.753823594801548588e-05
-1.109790827192546595e-04
-8.293881546592437128e-05
-3.232541035585868687e-03
-3.177709411828574630e-03
-3.074826768730843859e-03
-1.143997651513489376e-04
-3.687080754067960766e-05
-2.634478522830737465e-06
7.545100232485469792e-05
1.077089111559157244e-04
1.732260453211644760e-04
9.801783037894116557e-05
1.632991071021685473e-04
2.297224996584426257e-04
1.350899283936748377e-04
2.014964261763687822e-04
2.907805130288723455e-04
2.171806404805700871e-04
3.066270248436156259e-04
4.285111058396550918e-04
3.436356157234657155e-04
4.654663639501932168e-04
5.883271773711293198e-04
3.830466735069903636e-04
5.058049832370578505e-04
6.348189266072208495e-04
4.463861664191334701e-04
5.755629457207018943e-04
7.665908325453589783e-04
6.355009457701439471e-04
8.276684803878258095e-04
9.764163986221801022e-04
9.328690194980542288e-04
1.080517918886701343e-03
1.040474012247265918e-03
8.260851171473886350e-04
7.864559109881312082e-04
3.802930197635609856e-04
6.211458629555792043e-04
2.161923523018080941e-04
1.802298173574708347e-04
4.606037884442080012e-04
4.230583543689899091e-04
6.611208131753525336e-04
4.009347866089992170e-04
6.390814136930427153e-04
7.023328390107930891e-04
5.801370766230544646e-04
6.435896676169217817e-04
8.192789538611989011e-04
8.477347610653818838e-04
1.023026459881789564e-03
1.021292117875684941e-03
7.302265877683978071e-04
7.294104134055422184e-04
1.740021266385410490e-04
9.479514255511210796e-04
3.924820789478216830e-04
-1.467069339955072113e-04
3.791890208020303908e-04
-1.595162719271923609e-04
-3.732664856100615758e-05
-1.197890485886330775e-04
1.260228492597372353e-06
-5.202325003193612740e-05
-7.064072644310232896e-05
-1.237714244096532051e-04
-2.729005015906527673e-04
-1.782982074699356739e-04
-3.277680614017531311e-04
-3.133438441002162631e-04
-2.655285595436230337e-04
-2.512610081614347632e-04
-9.391460362599313876e-05
-2.504107979623022015e-04
-9.312111679242075107e-05
-1.593973811792147169e-04
-1.702663782496106686e-04
-2.365421478712868700e-04
-1.634342304689975994e-04
6.252644193992644450e-05
1.359504269409758431e-04
2.219589704206639293e-04
-3.454251853080266888e-05
5.131888689603259293e-05
3.770902232763580783e-05
-1.587442159988383325e-05
-2.889702907732464568e-05
5.321739205951250221e-06
5.506402933069728120e-05
8.866605834276453319e-05
1.069832030105327572e-04
4.202201865785793128e-05
6.041695786443700448e-05
7.657490273471807569e-05
-8.291227669651458606e-05
-6.670514635276163489e-05
-9.071152763135673005e-06
1.720926702115673336e-04
2.297128103778958903e-04
3.511362860309721759e-04
2.246128734073863016e-04
3.457046672566624216e-04
4.908758647684023863e-04
3.019003901728259257e-04
4.472886295001969820e-04
6.004485875175639585e-04
5.566192349828795677e-04
7.095201761851392284e-04
7.445365142635861034e-04
6.828176154678992525e-04
7.180868440051423008e-04
8.335705866733042870e-04
6.074550208146543796e-04
7.228546461368387912e-04
8.223641346235355341e-04
6.791817873994296763e-04
7.785205673685824477e-04
7.697586608930294828e-04
8.432556644807165467e-04
8.347052118853469805e-04
6.960295440445780782e-04
9.259429700552289800e-04
7.870175040376499323e-04
4.865202490538415121e-04
8.053951177795544295e-04
5.048211523746196734e-04
4.155522055685520032e-04
4.796973143885899888e-04
3.906884757912717620e-04
3.550587738545416460e-04
2.242806676536798337e-04
1.887941201830087767e-04
7.371822766730277672e-05
3.045775250911517606e-04
1.892782170209446444e-04
1.084621001595308760e-04
1.689505011192867054e-04
8.803937480334692988e-05
4.212829607438579329e-05
4.718803056531154904e-05
1.342246279980094511e-06
-2.951051805650574140e-05
-3.850827543630912773e-05
-6.943024868162107639e-05
-9.229193862849899613e-05
1.803089328451990990e-04
1.573071934471739731e-04
2.036913654659663669e-04
7.020998266668937123e-05
1.166760292175247676e-04
1.782075777043599322e-04
-6.666416192510878969e-05
-4.908695842697130204e-06
5.789155211879010469e-05
-1.470182761806983814e-04
-8.309950980709795683e-05
-1.759434741956968345e-05
2.486593827639899698e-04
3.127504264094136234e-04
4.593424589021846520e-04
8.883545017765979730e-05
2.358423432216763364e-04
3.898744758313020010e-04
3.555830832685127722e-04
5.091636262928565283e-04
6.913250482339966703e-04
5.531010388491173525e-04
7.351389586857143450e-04
9.278582010595209668e-04
6.947510638438719917e-04
8.874673376269720266e-04
1.310937143133672099e-03
8.782591039491899083e-04
1.301727585231604199e-03
1.775751863890590899e-03
1.324345728934461395e-03
1.798777650394740336e-03
1.776642430975132253e-03
1.826225545658062034e-03
1.803823691495724585e-03
1.521712805477108991e-03
1.766987046046212878e-03
1.484840245900813675e-03
1.352793226738911204e-03
1.026261885051753557e-03
8.956077461116799046e-04
1.012700065576944324e-03
1.373634639800045722e-03
1.489428710148211392e-03
1.468474610836261341e-03
1.426047756059568199e-03
1.405314147367158362e-03
1.002020984736880747e-03
1.286206444736586341e-03
8.828136742465705553e-04
6.126590178789523234e-04
7.654743349064649025e-04
4.955613858507898440e-04
3.251895016272415145e-05
5.400391401233103862e-04
7.668494420339216217e-05
-3.191449686238808032e-04
2.757244545382340692e-04
-1.202699967945260672e-04
-9.110922943853891234e-05
-1.146258909540517001e-04
-8.551986790315366130e-05
-6.342417075457776245e-06
-1.276436607125878964e-04
-4.846396888994684285e-05
-7.331395376642004360e-05
-1.185247067284842795e-05
-3.631547646765366901e-05
-1.814851636960208240e-05
-2.342869198804791342e-04
-2.162294047368600947e-04
-1.715749187720441704e-04
-1.454370729109182936e-04
-1.011418737330907469e-04
-9.869025720924350618e-05
-9.620848343236981684e-05
-9.364365300804588198e-05
-5.369252380579191348e-05
1.477541906299234629e-04
1.876648800597577999e-04
2.861950086978186630e-04
9.878685318735015491e-05
1.974749210373420976e-04
3.364443201026329645e-04
-1.977740259944305197e-05
1.199220806047702082e-04
2.631228605661438099e-04
6.933290028613152585e-05
2.128693347241626373e-04
3.571621252223073023e-04
1.707610688082770696e-04
3.175129874608634490e-04
7.474121224192741865e-04
2.453780377282916087e-04
6.738598743511203283e-04
1.062162449079717599e-03
9.292806783748630041e-04
1.315267490417848430e-03
1.828889480757573717e-03
1.147685888418148361e-03
1.661698714097077124e-03
2.099378194090234170e-03
1.567507251829886906e-03
2.006480688125150333e-03
2.077570491706566026e-03
2.351054499287413488e-03
2.420113684962117186e-03
2.141616018434282578e-03
2.465554979749568811e-03
2.187228152706515230e-03
1.675072847505274182e-03
2.099755033213872649e-03
1.587551677588547533e-03
1.220670455183810654e-03
1.754399775749246543e-03
1.387712297543860140e-03
1.290307977124633895e-03
1.369986616880144092e-03
1.272239860791763919e-03
1.166056610187752923e-03
1.266896717662042635e-03
1.160795183337996533e-03
6.819245576266752887e-04
1.047439488999317219e-03
5.686398184266494918e-04
1.104789449457284985e-04
5.500935625391634512e-04
9.213781285530151704e-05
-9.340872128749843533e-05
1.941035776255858121e-04
8.818090290067532710e-06
-8.964889184087231760e-05
-1.865790902150293797e-04
-2.852885800132499636e-04
-3.176327892887497936e-04
-1.263578733380855620e-04
-1.590376206749211021e-04
-4.280557478038759991e-05
-3.079944446525628363e-04
-1.916996654514798717e-04
-2.000251309305277011e-04
-1.373599036057123737e-04
-1.458660165604051492e-04
-1.241280434334740633e-04
-7.622487196869791033e-06
1.438290647621297898e-05
7.585636913126777518e-05
-4.994194924512968328e-04
-4.363432527491592277e-04
-3.508657656975461216e-04
-1.649949466899945736e-03
-1.557209060750193658e-03
-1.438202257305399396e-03
-7.322441062324119235e-04
-6.201113947108545087e-04
-5.615166116467181596e-04
-3.645809856616118280e-04
-3.063437722584668550e-04
-1.637923249464381991e-04
-1.419611468872491273e-04
-4.229203287411985659e-07
2.579893485847160233e-04
5.078265405071999373e-04
7.654115475918397320e-04
9.990042497031110039e-04
5.821894888970300568e-04
8.156154042319114020e-04
1.201334193202239446e-03
7.804841995914186051e-04
1.166352902392429284e-03
1.419609751965053221e-03
8.704374943324746407e-04
1.124126477579720160e-03
1.492104723728643161e-03
1.272519283875025650e-03
1.639857507688374620e-03
1.634816185961937562e-03
1.702934908825354081e-03
1.697981917224353210e-03
1.403066288510098963e-03
1.755693765282159702e-03
1.460768357680871992e-03
1.193811584041334960e-03
1.320316677044838577e-03
1.053327569049664113e-03
1.087951798635118086e-03
1.128119727606766197e-03
1.162880919818349559e-03
1.006120933524329774e-03
1.126219319357119877e-03
9.693905898155612873e-04
6.572461429348792124e-04
1.093900792838071101e-03
7.819660390558297921e-04
4.643674424307223016e-04
8.303547660651262093e-04
5.130343729553546363e-04
1.424388918183158584e-04
4.834659289492096359e-04
1.124634307432334371e-04
-1.125388653218413340e-04
1.603106518830518671e-04
-6.479411876906106347e-05
-6.312986487606137790e-05
-2.107342788629630679e-05
-1.920113981319188871e-05
2.911111961014089676e-05
-1.596546830943745355e-04
-1.114255733146566382e-04
-9.590298593675598837e-05
-4.772444798715891746e-05
-3.226038841230675913e-05
2.180829657169407448e-05
-3.454965919226209853e-04
-2.913389947365748302e-04
-2.480801910719313040e-04
-3.459091425042378322e-04
-3.023829910530187503e-04
-2.489247628759550380e-04
-2.235564304141737834e-04
-1.703890659186946678e-04
-8.597569434092217685e-05
-1.617231675695585537e-04
-7.697661534071737529e-05
7.633595785970525606e-06
3.547819400101078153e-04
4.390253846653799580e-04
5.293189538982560416e-04
3.276539312795798348e-04
4.185676449318280002e-04
5.188721359235568898e-04
3.339337932751377603e-04
4.332973283243699925e-04
5.292736230670092544e-04
5.765873745776115911e-04
6.729145305483220062e-04
8.686512073285627532e-04
5.962446074020666918e-04
7.919746194051328469e-04
1.222741730085777270e-03
-7.558914913067467140e-05
1.883581078498350889e-05
5.558456484968217958e-05
-1.726293840177477667e-04
-1.346287577897831524e-04
-2.510652169343652968e-04
7.879615020746740450e-05
-3.872195279603927510e-05
-8.029084044263438318e-05
-3.902077199649634605e-04
-4.299337530670382175e-04
-3.849821427195302802e-04
-2.985942780201949272e-04
-2.544689836270145732e-04
-1.963216324473369121e-04
-4.783127718894712287e-04
-4.172218010897386074e-04
-3.537561614914651038e-04
-5.718415465342449600e-04
-5.079225274651165672e-04
-5.196191492766293876e-04
4.076481711972224520e-06
-1.285306702332228348e-05
-1.333787794090984281e-06
1.387826481325399883e-04
1.500249607592297812e-04
1.645842301205804772e-04
1.391088269987551590e-04
1.537992818758895821e-04
1.971284653031721052e-04
6.171733799977956484e-05
1.050233984337642129e-04
1.584181839591600389e-04
5.314407441480898222e-05
1.067261139853634328e-04
1.627036859936091843e-04
-8.774373116989057355e-05
-3.042080549495184989e-05
-5.800173237162126356e-05
3.461119655475962701e-04
3.167505972908209438e-04
3.263844817423907545e-04
2.383028812130312795e-04
2.487341669633699086e-04
2.332009959052718006e-04
3.479837439967033890e-04
3.314967385511315189e-04
3.155845325958211165e-04
3.649556807493260823e-04
3.489632428094040792e-04
3.350692889933873397e-04
4.110382570937503319e-04
3.970939754789162856e-04
4.195490905441504287e-04
2.347642397206675690e-04
2.576620422370426672e-04
2.988526375717567331e-04
-4.764388471686063515e-06
3.717382605980057778e-05
8.715762748674250361e-05
1.516350876060398346e-04
2.008816307998517823e-04
3.304201826083145348e-04
2.480772171757439446e-04
3.778373655493042675e-04
-1.132369640953401397e-04
6.058063889483592717e-04
1.140765610062954654e-04
3.138817450590837771e-04
3.557530115642302529e-05
2.355398577847924108e-04
2.135048797768393731e-04
3.159898955701325113e-04
2.939714267100060558e-04
2.514243776171823526e-04
-4.928020757522018499e-05
3.348669305749482779e-05
8.347226726153827514e-05
6.450300897311664491e-05
1.147554216467026552e-04
1.183494108001068371e-04
-6.245515355577730332e-05
-5.935738471166043112e-05
-6.012733192823754283e-05
-1.330150468537285788e-04
-1.328741023846708390e-04
-1.783552945722359300e-04
3.172208689443840055e-05
-1.456586347338734871e-05
-3.080019929641773747e-05
-5.370952590745865112e-05
-7.006045167529871510e-05
-4.507995563580118438e-05
-2.596459786603143262e-05
-9.056087957920910987e-07
3.877041705623447384e-05
-3.229295489399157783e-05
7.417064232008452069e-06
5.095155355650438003e-05
2.724759939797400917e-05
7.208160385619355372e-05
-2.418153360484985863e-05
4.343732288237167529e-05
-5.375920352524964367e-05
-2.469098657560561639e-05
-2.672817257698520584e-04
-2.380662725419274424e-04
-2.087850944942541242e-04
6.347970807733918685e-05
9.224598115657197230e-05
1.778125309859207711e-05
9.728795784872697585e-05
2.319223725710800729e-05
8.808876202009757652e-05
2.149838913176881929e-04
2.791289444917221521e-04
1.891463654382999902e-04
2.325076730971797337e-04
1.427544558746188794e-04
1.249830596257066133e-04
-1.201692416454591705e-05
-2.972442295369042429e-05
-2.470632701223802498e-05
9.997462196541668502e-05
1.049752628845526583e-04
9.690513026049192200e-05
-2.300847098282174461e-04
-2.380854007128084158e-04
-2.658276094616735669e-04
-1.880453223633969282e-04
-2.156159640317196070e-04
-2.208852398737895159e-04
-1.267947405604058920e-04
-1.317693692229318289e-04
-1.361593877380096499e-04
-3.883241457927602471e-04
-3.916044643563532145e-04
-4.018053528673387349e-04
-1.972122682207578007e-04
-2.091461152124590456e-04
-2.007007715435588048e-04
-2.530072175252623141e-04
-2.440071839516871855e-04
-2.126512534774233033e-04
-2.266876981736981557e-04
-1.954004527393121650e-04
-1.528534869761703752e-04
-3.098503346878428389e-04
-2.668428299115536951e-04
-2.731274721130889276e-04
-2.760323352744369053e-04
-2.826659324031483749e-04
-2.865037796045137759e-04
-3.229215066798191884e-04
-3.272438453467978355e-04
-2.936728106961720075e-04
-3.806815048637284156e-04
-3.466622130164079751e-04
-3.021232259724956058e-04
-2.979159163461201276e-04
-2.535307721500020526e-04
-1.833569139730926545e-04
-3.092008118782859348e-04
-2.381272378866370709e-04
-2.376554139586167617e-04
2.856574984011430352e-04
2.847721488693261312e-04
2.305018810019862424e-04
1.615663831658659295e-04
1.075771637132891040e-04
6.564199395494272910e-05
1.030392508127294998e-04
6.072113285323342286e-05
1.813619314159766274e-05
-7.418107637714807133e-04
-7.824111278361870576e-04
-7.553377786053924216e-04
1.230967904373571711e-05
3.781543775846973529e-05
1.003006832540864995e-04
-2.792979489414600981e-04
-2.170828743039731929e-04
-1.941814440555040947e-04
-1.149574750236337134e-04
-9.174090849897910275e-05
-1.157614979457417467e-04
1.070102404140781246e-05
-1.350961341823730261e-05
-7.870906957095459631e-05
-2.881930508020612985e-05
-9.420645183553889922e-05
-1.923007002604376744e-04
-2.312557200681974047e-04
-3.290999374856424077e-04
-3.229509575055929506e-04
-6.947908477430414899e-04
-6.861128322077932442e-04
-5.684869083467106654e-04
-2.249233193459006903e-04
-1.096782343353311850e-04
-1.044234950819820831e-04
-6.478237443446920648e-05
-6.003145159015662170e-05
-1.101756166145069938e-04
-3.350872344130880333e-05
-8.208215473590925741e-05
-7.950569074926166829e-05
-1.205616677589578967e-04
-1.191985133602210790e-04
-1.759534955927158058e-04
-1.917171970973649531e-04
-2.473975785979057014e-04
-1.815907373886805265e-04
-1.705044727277929247e-04
-1.052876243695866553e-04
-5.381769739937794202e-05
-1.839418612282973020e-04
-1.322635799358488321e-04
-1.525946160920020503e-04
5.965314624450343854e-05
3.807023792508427680e-05
4.520687516779354131e-05
-8.824080149835006586e-06
-1.689960388460249544e-06
-5.439722529283527838e-05
3.355174069299309610e-06
-4.924137986401830422e-05
-6.430053251721718909e-05
-1.005919600431508254e-04
-1.157052894767449200e-04
-1.302680289296532221e-04
1.070108630768200754e-05
-3.949313882561976494e-06
8.528007953697674644e-05
-7.494626018852984387e-05
1.430867184223466289e-05
1.540286849172509630e-04
-3.251204264545954096e-05
1.072249961703739484e-04
1.135070856916407366e-04
9.804486224089780646e-05
1.050175274512419720e-04
1.218821308692629325e-04
2.614859554823177178e-04
2.777278315160135614e-04
3.247997072051517177e-04
2.827412791783633517e-04
3.296612910801782715e-04
3.200334581666911134e-04
2.876493515671468782e-04
2.780987020120309779e-04
2.298240763237119452e-04
2.378140384568186590e-04
1.896188225699008243e-04
1.471039555517464435e-04
8.295487010473169250e-05
4.058856358914370889e-05
1.926555351389170299e-05
1.158092178420602834e-04
9.491628962138265978e-05
9.463320091938366967e-05
4.567198275623441349e-05
4.564611370781203586e-05
5.872141646083930706e-05
-2.596041733481572024e-04
-2.466216536066259983e-04
-2.602927372699974070e-04
2.629812262950234321e-04
2.483157847982460668e-04
2.468392085790674286e-04
1.474308417036758771e-04
1.461236679676494645e-04
1.492555665393970944e-04
8.646723292596108189e-05
8.930119558532312882e-05
1.071782083222075029e-04
9.974136530250832808e-05
1.176372227696134373e-04
1.455806361945323024e-04
1.912866048719166442e-04
2.196902662716782961e-04
1.934094743862118629e-04
2.340454582273730376e-05
-2.514616417388984820e-06
-1.674501892569453792e-05
6.853470049176743368e-06
-7.836976707158399384e-06
2.577510015802165003e-05
1.217227991072556250e-04
1.553453387994848701e-04
2.272749662126973273e-04
3.499915563517589506e-04
4.053060341729369668e-04
4.088261103720575683e-04
4.574329226497147885e-04
4.611984605549074821e-04
4.454571966895669918e-04
3.568804005158305280e-04
3.407954422406688551e-04
3.108514661338374844e-04
1.429454636642545681e-04
1.165283770436615577e-04
1.063626360621606603e-04
1.403400251778037181e-04
1.287958976820414558e-04
1.192834707020080541e-04
3.504760926364292994e-04
3.392217868516451572e-04
2.827576114873549089e-04
2.856619057987115238e-04
2.297240295524856195e-04
1.851524723002174414e-04
1.607981991333102927e-04
1.157252847456791914e-04
8.852055337078807524e-05
1.517743368872859992e-04
1.243224848879867571e-04
6.112108276838711454e-05
1.914643523635709064e-04
1.283024877976467366e-04
8.182946893785399394e-05
1.689758184566935058e-04
1.222340111707175990e-04
9.610106651979544341e-05
7.883069755908352332e-05
5.250940746936061561e-05
8.482605863792348679e-05
3.539507459226110160e-05
6.789612763059783753e-05
1.228595105111258967e-04
6.944929719866711672e-05
1.247795775178479893e-04
8.969952449234652302e-05
1.034297205386343343e-04
6.790416062841641686e-05
4.862184246280816784e-05
-2.974959517331344106e-05
-4.901870019989433298e-05
-4.480019915566012126e-05
-7.654847909020605096e-05
-7.240899494566187125e-05
-4.760458118530699325e-05
-1.252143183440133792e-05
1.295263196093252587e-05
1.723769747330645714e-05
1.457891478897710771e-05
8.632137546852231046e-05
1.117498064461152534e-04
4.378379894956946393e-05
6.932320283269393247e-05
8.453398855147616336e-05
7.001107186553883355e-05
8.598475629208342502e-05
1.463620361410654337e-04
1.214396246310855574e-04
1.809142782822824270e-04
1.581624209040418121e-04
4.641613541213937110e-05
2.410744206026344027e-05
6.340210696378391353e-05
3.185719223085433098e-04
3.572080402884040412e-04
4.124209602932032851e-04
1.366608498313765852e-04
1.402322748690361777e-04
1.357586436278632289e-04
-3.441278312676747646e-05
-3.854297461663573924e-05
-1.996579308115379843e-05
1.038843758942073589e-04
1.222404701816247222e-04
2.045710958651963864e-04
-6.407482624579835268e-06
7.569729733464757547e-05
6.130395325861957498e-05
-1.165805350805183306e-05
-2.588320654787036948e-05
-2.447445268908995898e-05
2.467617827610307617e-04
2.481693288108472177e-04
2.777768607118977825e-04
2.781218633434873471e-04
3.076791329293391327e-04
4.214362394943918424e-04
-2.144842910778649650e-06
1.116922118765387075e-04
7.214599513827779295e-05
2.933482662140476840e-04
2.537821715595848203e-04
2.238390487573955101e-04
2.712200371679566145e-04
2.414278613824311537e-04
2.126867675297280501e-04
3.234570657323960108e-04
2.949697427293603968e-04
3.390979999423653015e-04
7.148909751142763606e-05
1.151364575818807014e-04
1.472458647973560715e-04
1.309244415935754903e-04
1.630730807725065375e-04
2.039322211941746151e-04
1.833568498901748086e-04
2.240613034529653465e-04
8.123565110143560197e-05
2.791021183667746460e-04
1.361675885855062607e-04
6.404378953812970947e-05
1.155810523195965889e-04
4.358044978654339145e-05
4.120062107986648993e-06
5.285208615897550415e-05
1.333354902716620775e-05
3.701143334959339400e-05
-3.494339016934589533e-05
-1.126431258986998300e-05
-2.781422483716410651e-05
1.603907342801306774e-04
1.439910123499085282e-04
1.369290197360660153e-04
1.113298643521939491e-04
1.041217559575434047e-04
1.127035234617065115e-04
5.638022537802860317e-05
6.506416187901007363e-05
5.794037265509051956e-05
4.615553419850724169e-05
3.884744496822042144e-05
-1.282316083565221941e-05
2.050538155521882452e-05
-3.092487026482688105e-05
-5.725987331224721352e-05
-4.163869056029783841e-06
-3.055802563885342757e-05
-2.365229168704516011e-05
-5.464966717390459458e-05
-4.795697326103961784e-05
2.299248701032638020e-05
-1.060349184021613629e-04
-3.476028103310227924e-05
1.888757534517350543e-05
3.540857398488014406e-05
8.908329319866749394e-05
-2.878761276510052240e-05
5.638055582723024237e-05
-6.074788231775604046e-05
-6.418284793882622630e-05
-9.186284815896971585e-06
-1.357783513641908080e-05
7.389772381413445713e-05
-4.759640033855094821e-05
4.020187643602208139e-05
9.212980998343409632e-05
-3.138506640789437245e-03
-3.060219484412683016e-03
-2.982208621464572159e-03
8.891555384396196936e-05
1.415824228805533428e-04
2.231440095541876718e-04
2.248613748141608019e-04
3.048772425003227755e-04
2.574458686629726881e-04
2.927564720934134885e-04
2.450879456935867065e-04
2.772417047039998634e-04
2.175120226800858372e-04
2.496467768892107471e-04
2.773326802960843652e-04
2.626985642805157169e-04
2.905420212735668629e-04
2.944157150974443865e-04
3.325955719881937712e-04
3.364243731535917830e-04
3.150728305696831881e-04
2.506888687545380306e-04
2.292336728784577786e-04
1.748203972174577751e-04
1.761159808735685288e-04
1.218446154898755588e-04
9.532341998879327724e-05
1.919953533733986654e-04
1.659314954641134972e-04
1.533026814208337304e-04
2.466040247573377127e-04
2.337394842392736313e-04
2.060788670675806587e-04
-2.293844518913242848e-05
-5.034972984530256337e-05
-7.430149401107681616e-05
-2.372239409126363809e-04
-2.597130920788074814e-04
-2.654929514478198750e-04
2.076424732303368227e-05
1.315559055961151294e-05
-2.807935760390902272e-06
-1.443440415591518708e-05
-3.032240603588237833e-05
-4.693082905542520855e-05
-8.325173805005564760e-05
-9.966074162330893849e-05
-1.066219695989745089e-04
9.937223490159543182e-05
9.201426350914366755e-05
1.103695299053883134e-04
-1.837364683073716590e-04
-1.643775563178265513e-04
-1.597440128141625667e-04
3.511301973334904304e-05
3.959469944968979117e-05
4.427294854507867698e-05
7.679775465688082076e-04
6.590662944596706579e-04
5.526400667022822281e-04
6.820726250531597683e-04
5.745690025960935136e-04
5.070260411209354806e-04
5.087002967357544085e-04
4.411879670421520877e-04
3.635849564799981982e-04
3.985655819612483192e-04
3.206942049784528882e-04
2.649311664455377335e-04
3.871015790848004491e-04
3.310802149527513260e-04
2.987167036552478699e-04
3.256416985706233258e-04
2.933048754856486945e-04
2.578671646223466276e-04
2.137698694058259158e-04
1.783639981330435156e-04
1.024560983777529481e-04
4.763172091078541606e-04
4.006836129546183082e-04
1.225076459033661632e-04
2.365842442512995484e-04
-4.172707016349163668e-05
-1.156820990885843375e-04
-1.157641152874785365e-04
-1.891677866964836321e-04
-2.321676748575049768e-04
-1.038763048867930510e-04
-1.474741021407175194e-04
-8.161557142311734393e-05
-1.918201615804213415e-04
-1.258688624032403274e-04
-9.934391053529429902e-05
-2.546894300278837453e-04
-2.281363929635469960e-04
-2.960816885202207228e-04
-5.504487328787492639e-07
-6.849701030617735755e-05
-5.908765504988064236e-06
-7.315825068829737079e-05
-1.087536327626012749e-05
-4.953843380404960662e-06
-5.253358210987799353e-05
-4.640210718110794976e-05
-1.475526441438107321e-05
5.392907005540435359e-05
8.527698010355250408e-05
1.082488247425732240e-04
5.254037314942122867e-05
7.583497199224951122e-05
6.619113666213658062e-05
-2.087254552175579216e-05
-3.067974065222236904e-05
-2.273354654403359626e-05
-8.759424561892095598e-05
-7.974800861643583511e-05
-6.818613073054723790e-05
-1.537838002834031326e-06
1.021880271647102783e-05
1.984041433795931441e-05
9.985962643323443482e-05
1.092340228428656111e-04
1.147730608735754475e-04
1.261984637171553324e-04
1.316379229919574544e-04
1.427721728035080153e-04
1.106463705454542622e-04
1.220672930870036501e-04
1.171927446397828983e-04
-4.895337031457397165e-05
-5.370141896271453039e-05
-4.908100834545965846e-05
7.315415989289685353e-05
7.759326819832150285e-05
7.455351457543796722e-05
3.718578647858176772e-05
3.393583044022447292e-05
1.287632910388847242e-05
-4.206738892557578859e-07
-2.134865501575777878e-05
-3.355133134127507330e-05
-5.933408686105767836e-05
-7.160506987665692688e-05
-8.158891747458310128e-05
1.771511279574976641e-04
1.670272072615620375e-04
1.690994834145758134e-04
7.143179804101182817e-05
7.365285115633102330e-05
6.671955349104837299e-05
-1.093883563360205087e-04
-1.160535349632204997e-04
-1.166365394346570309e-04
-2.532064128323049772e-04
-2.527916797880237635e-04
-3.028229346640975376e-04
7.933159274038246913e-05
2.791606510033748279e-05
-6.798293303824477036e-06
-2.075033206169129240e-04
-2.418352401369581745e-04
-2.590566832647703049e-04
-1.042558601844454931e-04
-1.219051296199716224e-04
-1.006048146643207317e-04
-8.053330702996324439e-05
-5.937274866816558887e-05
-3.611254743258531538e-05
-1.001778905753509050e-04
-7.691736919763560740e-05
-7.206432066415945743e-05
-8.851620606104906050e-05
-8.366221165308306668e-05
-8.548403123816836657e-05
-4.672776278132150624e-05
-4.819180897860217872e-05
-3.893226372538339543e-05
-3.399564442182321134e-05
-2.495411596255582023e-05
-1.562478816051921524e-06
-2.879961963271927285e-05
-5.097997588020703472e-06
-4.456363844174962216e-06
-4.806625325967640817e-04
-4.788944787508361747e-04
-4.637153440921219978e-04
-1.291795330350480574e-05
8.540111526262965901e-07
-2.830018134960382830e-06
-5.933599896474061339e-05
-6.277396991773083771e-05
-9.935911267210441615e-05
-1.865028806116296347e-04
-2.231754949284409399e-04
-2.384577613800634046e-04
-3.404758933433954830e-04
-3.555176457401235004e-04
-3.658957018086419957e-04
-3.174992829106618067e-04
-3.282451531884925024e-04
-2.172605634719519761e-04
-1.244431065896258934e-04
-1.357356431488086247e-05
-7.673880539291053548e-05
-1.065810444085460559e-04
-1.159597782671443935e-04
-7.766965154810435978e-05
-1.577155094847075458e-04
-1.194010228595752260e-04
-1.852976026017137657e-04
-8.279442863790877072e-05
-1.483120328517549525e-04
-9.324002258538474283e-05
-3.467756947971799265e-04
-2.917991741985382736e-04
-3.523015259278289161e-04
-2.218754461925776899e-04
-2.827506179900190911e-04
-3.429517673794180155e-04
-2.696318917886636338e-04
-3.297310322523117065e-04
-1.807742791841262576e-04
-8.667491056257858872e-05
6.228109308197259933e-05
1.393087750561801126e-04
-4.335900117964386910e-05
3.378911972095122239e-05
-3.880759092913754174e-05
-1.794058825676063667e-04
-2.512771656916457878e-04
-2.295594998168599943e-04
-2.902926548563856349e-04
-2.682128500192267040e-04
-2.555456807016018902e-04
-2.802394549826932291e-04
-2.651255557424012695e-04
-1.684725116286154190e-04
-1.250391863862607481e-04
-3.191125642505542427e-05
-4.142268833008417184e-05
-2.958414324556545407e-05
-3.930363843452939088e-05
-1.394421000333542781e-04
-2.034646090329886347e-04
-3.032064727341795846e-04
-1.825316284755818430e-04
-3.749029150532598182e-04
-2.530572527992181364e-04
-2.378150728221516282e-04
7.448520050657765233e-05
8.785504375887111120e-05
1.296160004789873336e-04
1.366767630057875841e-04
1.785897290323793267e-04
2.341370463339177525e-04
9.795125122078948959e-05
1.535791424769473827e-04
1.268564234607575682e-04
3.130978993224477029e-04
2.864430067831373063e-04
2.907056788237192299e-04
2.640714671116976288e-04
2.680056587698296275e-04
3.520965063087002451e-04
2.616068032941207852e-04
3.457851514992595727e-04
4.087398836749147951e-04
2.301793818203092630e-04
2.931983970814857959e-04
3.577494083128632089e-04
2.825369218375075936e-04
3.472936389425532004e-04
4.570758352824608574e-04
4.419003692146153232e-04
5.519441944384137879e-04
4.001384171779583804e-04
3.542300579906563053e-04
2.021876956924181096e-04
2.026830257125047680e-04
-1.124096927224348753e-04
-1.121855729629716615e-04
-1.093275985860246111e-04
-2.539216929485521058e-04
-2.509971144556048068e-04
-2.124825042109941401e-04
-2.011314553621205243e-04
-1.628269165657465615e-04
-2.042191283339920920e-04
-2.775135369934192246e-05
-6.890712594895694835e-05
-9.724671587996362265e-05
-5.553283501444671380e-04
-5.818314301659929886e-04
-5.917753759749300136e-04
-1.788941785774158253e-03
-1.791538469584292746e-03
-1.753680942134017802e-03
-9.977637409210270408e-04
-9.670779793719005242e-04
-9.477172460030593333e-04
-6.727665416160773888e-04
-6.541432993110098300e-04
-6.341159850833776989e-04
-5.540110467556693015e-04
-5.343443289873961010e-04
-5.145939808075524011e-04
-4.200493056311078001e-06
1.452685548297843218e-05
1.767894365866565611e-05
-1.616962704078502369e-04
-1.587584519079430871e-04
-1.357043228950793542e-04
-1.993093136484279208e-04
-1.761248285789484777e-04
-1.529914596203215652e-04
-4.816295122169399982e-04
-4.582039990081884198e-04
-4.707530433409130768e-04
-2.941639257214464479e-04
-3.072140507031446890e-04
-3.092589504374982073e-04
-2.467147541795140699e-04
-2.486746125212730123e-04
-2.399284166705029889e-04
-1.941638656715722038e-04
-1.853985486041921063e-04
-1.775644337421435569e-04
-3.249615728810596152e-04
-3.172144784720766996e-04
-3.121630180758567423e-04
-2.365771939175355886e-04
-2.314115591944338379e-04
-2.265309951006747816e-04
-2.697975034025641055e-04
-2.649461013469226692e-04
-2.692172197791959623e-04
-1.400321117806561325e-04
-1.440954579672988037e-04
-1.035717730641902738e-04
-9.731154527321713961e-05
-5.649912126814735460e-05
-1.519523812902124141e-05
-9.214514356558931398e-05
-5.124750624389351819e-05
-6.342036034401806496e-05
6.084434963046000261e-06
-6.138477725464128480e-06
-3.547892273873066776e-05
3.184152625545559026e-05
2.673725164458395313e-06
-1.459291045668195501e-05
-1.415001607640085208e-04
-1.588403563166282655e-04
-1.750610842276216592e-04
-9.444926648049275890e-05
-1.107296572439224567e-04
-1.048830639962161550e-04
-4.281801536120326095e-04
-4.223315522000248203e-04
-4.839628243976457425e-04
-4.679930756725425491e-04
-5.292947178864105054e-04
-4.801364500542962786e-04
-4.459064228617770978e-04
-3.970361083282017943e-04
-4.143492865309018696e-04
-3.983886215371871230e-04
-4.154034854777056778e-04
-4.087161735066649221e-04
1.462756108465678448e-05
2.104556076056618191e-05
7.264713381308215371e-05
-8.689509671120610140e-05
-3.474431982605633625e-05
-1.257764430766302051e-05
-1.185735524340244878e-04
-9.735848486007499399e-05
-1.444704400537097843e-04
3.450664902056259213e-05
-1.221252087722812015e-05
-2.080621790053157933e-05
-7.812172471764777023e-05
-8.678921450307427771e-05
-3.926071261067489620e-05
-1.831493923524936927e-04
-1.350517213997671985e-04
-1.582309518265428571e-04
-3.143165031635443353e-04
-3.363359168427886990e-04
-3.667063067837844203e-04
-1.359347110404523639e-04
-1.668721891178975684e-04
-1.075426035524144485e-04
-5.217518412678728412e-04
-4.611826653555765464e-04
-4.948359638078112313e-04
-3.080772504173949077e-04
-3.424326496755678365e-04
-3.800574388367435248e-04
-6.069814044607777306e-04
-6.408548262914022173e-04
-6.550441565431659339e-04
-7.761133067322274412e-04
-7.908489740893249629e-04
-7.960947921864843912e-04
-2.671200152926151870e-04
-2.774087123006737233e-04
-2.714284313106375321e-04
-1.148067902440360190e-04
-1.091164998206707224e-04
-8.992899392814797995e-05
-1.281915723075556144e-04
-1.087791083575175488e-04
-1.056432260200439941e-04
-2.041502507365257823e-04
-2.011826904024987335e-04
-1.919669222677306214e-04
-2.393234057352005358e-04
-2.298538230950192491e-04
-2.093693147182334286e-04
-4.253148574041382352e-04
-4.034554840765762875e-04
-4.133528536760743520e-04
-2.740131097397395196e-05
-3.911750990595036091e-05
-3.866801277918163315e-05
1.159894632189795757e-04
1.162052192978979591e-04
1.166214989733780987e-04
-2.222399932516160980e-05
-2.172497518595622188e-05
-1.192000531518081202e-05
1.362537402191816563e-05
2.336152788557862865e-05
3.360321364511724613e-05
8.532070528672827409e-05
9.551076812699426017e-05
1.026053850467495822e-04
-7.000028914858598210e-05
-6.246852541941290567e-05
-7.458769274270741828e-05
-3.167606683461282472e-04
-3.281468265955394376e-04
-3.285994199473172119e-04
-2.263809469328319896e-04
-2.275049656532466104e-04
-2.532658242620272528e-04
-1.856235058881103685e-04
-2.113086072262121331e-04
-2.109681121491667607e-04
2.725839413472208107e-05
2.703566460881115573e-05
2.537124191211518871e-05
-5.605564037792651279e-05
-5.757614463301393164e-05
-5.036944619658921681e-05
3.371587762875464785e-05
4.094789639767672099e-05
2.100998976055843922e-05
-9.560916785429750405e-05
-1.154500350447154215e-04
-1.333884538766840844e-04
-9.173096619525613097e-05
-1.093165010829368842e-04
-9.326594970600153968e-05
-2.830464036819437890e-04
-2.675179313676565485e-04
-2.724790964766617336e-04
-3.547240086639433698e-04
-3.587542877557899274e-04
-4.088264185100980424e-04
-1.823678166165228405e-04
-2.333026722170599126e-04
-2.501481084724282013e-04
-2.666247536525316857e-04
-2.836068905995552526e-04
-2.592996436967766522e-04
-2.432281780162219987e-04
-2.188272749870336293e-04
-2.044677554253360337e-04
-2.496869395352220773e-04
-2.353024197831621474e-04
-2.520796628119829214e-04
-2.000594855375459498e-04
-2.155047335578534195e-04
-2.176829997862737289e-04
-2.748464543288978851e-04
-2.779824694099883873e-04
-2.649978573812006473e-04
-4.675343492946635324e-04
-4.544590788340030670e-04
-4.477467380159970618e-04
-1.727186477422548889e-04
-1.664063681777071453e-04
-1.759572910688049865e-04
-1.623841751528408623e-04
-1.715920220905147267e-04
-1.546950033432232900e-04
3.330094703222385077e-05
4.940939340056393648e-05
4.863878376717898331e-05
7.372143104729553481e-06
6.656458083758342898e-06
-1.563867054065913240e-06
-1.602231631633041302e-04
-1.684428989485616240e-04
-1.636230158230095170e-04
-3.215352445317082135e-05
-2.726300633110021490e-05
-3.409218834868127450e-05
-3.599769556505410932e-04
-3.667541582269264128e-04
-3.477063234791962637e-04
-3.057614353617323305e-04
-2.865279472795186771e-04
-2.819620819453995441e-04
-2.012351557974575566e-04
-1.963875653845171870e-04
-2.070222932736414669e-04
-4.542548956041138385e-04
-4.637285552809971298e-04
-4.608823024081913394e-04
-2.790701643454867329e-04
-2.779803276407448215e-04
-2.693384347614099128e-04
-3.024420971396294994e-04
-2.931691750083316905e-04
-2.914178827019243902e-04
-2.931615498047520263e-04
-2.915881110062658256e-04
-3.044215289050953709e-04
-3.965685960544108814e-04
-4.089430756507681929e-04
-3.998394204319454751e-04
-4.331789703214781605e-04
-4.244417032242752633e-04
-4.344373953512969217e-04
-4.595385071371682010e-04
-4.700193601179036102e-04
-4.718434862692116936e-04
-5.302118440608593426e-04
-5.315846862171052590e-04
-5.077076120053859677e-04
-4.851225163687228402e-04
-4.614212292929621663e-04
-4.694945136529456316e-04
-5.063039342624577012e-04
-5.134428110417973284e-04
-5.179119110549027655e-04
-3.310717596691730010e-05
-3.880641485789511477e-05
-3.609342285106474538e-05
-1.233282895269030718e-04
-1.204788078311882355e-04
-1.206797942415843131e-04
-1.188477709647319653e-04
-1.194062979322890164e-04
-1.215934918005389591e-04
-9.179843373260493074e-04
-9.181461083213237001e-04
-9.126736381201427939e-04
-1.268125798529384156e-04
-1.229496678913366559e-04
-1.193140973025186931e-04
-4.487232485896330836e-04
-4.452868937202914901e-04
-4.470913305054339398e-04
-3.273733358052744813e-04
-3.290174104846003283e-04
-3.289550582890668484e-04
-2.317067451882096757e-04
-2.317819085915842896e-04
-2.326789604925860711e-04
-4.474912053452143046e-04
-4.459530815442402907e-04
-4.392856181088152499e-04
-3.889204877854635068e-04
-3.846241716250094742e-04
-3.889237545279576949e-04
-7.363961458626451517e-04
-7.380372684763535432e-04
-7.478390076489592996e-04
-2.925454304402485065e-04
-3.048558615905638488e-04
-2.985647022078538452e-04
-2.573173738842304500e-04
-2.515295652492696558e-04
-2.524339712681728095e-04
-2.468746112945282970e-04
-2.461894534053760261e-04
-2.408569793780214571e-04
-2.521354823830085487e-04
-2.480084890131718897e-04
-2.411983308914741094e-04
-3.500148827307737851e-04
-3.422509338773479549e-04
-3.393840800959571310e-04
-2.302133811238845403e-04
-2.281215332437261053e-04
-2.268256941241191286e-04
-3.583971177682234951e-04
-3.557577294194118637e-04
-3.400601267414150993e-04
-1.266169858061687607e-04
-1.130299492571486259e-04
-1.074390129954202501e-04
-1.619389799954353134e-04
-1.563504302478043763e-04
-1.706967038825327383e-04
-1.456455320887847273e-04
-1.598573896825486646e-04
-1.590006820589815210e-04
-2.126632923517549263e-04
-2.118794752715666722e-04
-2.022834836802949409e-04
-9.749654668500171411e-05
-8.798673153571237126e-05
-7.645281060748209062e-05
-1.510161695600991348e-04
-1.394748417070176155e-04
-1.234861424934200749e-04
-1.861658549742813856e-04
-1.701494198102585778e-04
-1.622652727702329745e-04
-1.812624264318577752e-04
-1.727004511804948439e-04
-1.718986408667344090e-04
-1.816122148294699095e-05
-1.795232895516636336e-05
-6.054484710331950546e-06
-1.004932931379260981e-05
1.674415817249621987e-06
-1.766912382985486789e-05
-4.431638839305559194e-05
-6.355249852598666353e-05
-1.364984405469941010e-04
-9.542061079950093431e-05
-1.683260693923430552e-04
-1.590604325024231561e-04
-2.809755592849897256e-04
-2.715629626031785767e-04
-2.575221544140883869e-04
-1.171577062710326008e-04
-3.511518758814277837e-05
-1.141791235518768922e-04
-7.543738053272905537e-05
-1.544984934249088795e-04
-6.756659906006603545e-05
-4.809706533656582864e-04
-3.938364291714802025e-04
-3.142845617255564925e-04
1.233360296138729989e-04
2.019514303831480297e-04
1.732931400442707585e-04
1.029601607590544823e-04
7.447468168947168161e-05
8.212097766129998651e-05
1.113121333445676138e-05
1.847154073669342485e-05
2.523663391936764176e-05
2.489685159428743806e-05
3.167827202584788259e-05
8.104722912079156526e-05
1.149425410769899195e-04
1.647614724946251620e-04
2.377412976618343892e-04
-3.062181093142866007e-05
4.272940821623894599e-05
-2.443921784110244123e-04
3.394278717836830047e-05
-2.535798502325888482e-04
-2.243632950984002987e-04
-1.216024774297948415e-04
-9.247212784141916426e-05
-1.025317851426385107e-04
-7.180052107908445986e-05
-8.209210680521351715e-05
-9.254468551599585684e-05
-3.678348182889891287e-05
-4.699890797720455797e-05
1.114184901273403616e-04
-1.496111561334242924e-04
8.486972951010272014e-06
-8.940826257971602221e-05
-1.875830299065854101e-04
-2.819858930939950301e-04
-2.921231622062389816e-04
-2.532045039748914792e-04
-2.646938497386639084e-04
-1.757364435835465349e-04
-4.953567767047780410e-05
3.772577552434955468e-05
6.865156933677325963e-05
-1.018385877988334069e-05
2.122840555862466811e-05
1.481164992743412741e-05
-2.957793299096693278e-05
-3.637433353855033628e-05
-1.533536397421047300e-05
-1.994105939796884767e-05
7.176104137928763019e-07
1.189194864898845548e-04
8.134009567054673821e-05
1.994924952348619694e-04
2.457993318519141623e-05
2.204565372856259341e-04
4.537195704604085633e-05
-6.596249304168633849e-06
1.182593618711974570e-05
-4.030427663532715264e-05
-8.046961986336619358e-05
-6.283443945871364299e-05
-1.028297144534787605e-04
1.603180896320223502e-05
-9.289631518412143688e-05
2.629731204190134696e-05
-2.597500928576502240e-05
3.155149959691881190e-04
5.373721404142296591e-04
8.374604693052959542e-04
4.368617999974257031e-04
7.369664270335477690e-04
6.081779235337633543e-05
7.071172183749866585e-04
3.085304148790199213e-05
3.120167132327129368e-05
7.151650594842392855e-05
7.261665489384700779e-05
9.955686853045056951e-06
5.887117770360579018e-05
-4.393782130664755214e-06
-5.111104273414852819e-05
-5.298536283824460636e-05
-9.961353661670031747e-05
-5.274149190149412169e-05
-7.317599537959935865e-05
-2.571811966112957015e-05
5.667051751323765128e-05
-2.148263921476111426e-05
6.029269294039135783e-05
1.407239095094026202e-04
-7.776624537847215326e-05
3.124404258129107395e-06
1.285123079920100480e-04
3.096766802734107846e-04
4.343004483867349535e-04
2.840546908501215230e-04
4.381505359101953417e-04
2.879162016270361791e-04
3.048903566580465105e-04
1.103435602217592250e-04
1.276787919253310230e-04
1.640284577581748804e-04
2.780988400830155280e-04
3.141849998349041185e-04
3.399527517986008314e-04
1.856576969578579506e-04
2.112535325950467375e-04
2.221239345341455588e-04
1.212386737252110032e-04
1.322565738770645509e-04
6.883065781044758226e-05
4.020591230324935565e-04
3.386340364250446048e-04
3.508285040697143773e-04
3.740881407884972479e-04
3.862317131096558074e-04
3.261875950618576712e-04
7.518302625604582822e-05
1.522530292895850606e-05
-6.848478285646005404e-06
1.972901933248084492e-04
1.751808035736401241e-04
1.904913238909235109e-04
1.846934487660844486e-04
2.002018169228127111e-04
3.406390720967180296e-04
2.926867324354266633e-04
4.333418006764701768e-04
4.381722857688303847e-04
2.058358919795579478e-04
2.101842430165719051e-04
6.020018532549957502e-05
2.384989522143017310e-04
8.848977791754523980e-05
2.040225183776937356e-05
9.603136619230727422e-05
2.785321078448913922e-05
2.270546328418128869e-05
8.548519793152235379e-05
8.022572082609110257e-05
1.537495483812602228e-04
5.697158566817813298e-05
1.306217529513599342e-04
3.633010325909913308e-05
1.393893982917727894e-04
4.503939541944623716e-05
-5.993762650313380104e-06
-2.598161725761883190e-06
-5.363137800318241392e-05
-9.047386755850342962e-05
1.208822907500243160e-04
8.419555034339251069e-05
1.122383007932317039e-04
4.858870180174531487e-05
7.648110186344502176e-05
1.380889223175279308e-04
3.511738469021884407e-05
9.681547067446331272e-05
2.004234043149173499e-04
7.447398798392782697e-05
1.778956134537130833e-04
1.622656860379689792e-04
1.564437184449181200e-04
1.410666596600973466e-04
6.953310408920187081e-05
1.668047485398316244e-04
9.522545629937339152e-05
6.793796479367557100e-05
7.333438448898631657e-05
4.582487441264930300e-05
6.260643649610460456e-05
-1.581132657445044002e-06
1.562584011579633411e-05
1.430654935828537880e-05
7.329014706655175146e-05
7.189755831203551231e-05
7.847030152019436383e-05
4.902686612039000927e-05
5.633653286762858653e-05
1.160686596008442544e-04
9.761312772438253188e-05
1.563803169588051938e-04
2.138801844801597237e-04
1.239576894035987757e-04
1.817898208053626060e-04
2.288517886462960223e-04
-3.039883779104628203e-03
-2.966812212749629640e-03
-2.905361686612654287e-03
2.500065044422972779e-04
2.859141119865812094e-04
2.565890560954504343e-04
3.449014499660692842e-04
3.145930338514663907e-04
3.301503236631511597e-04
3.006181311657347413e-04
3.159347031957118659e-04
3.270479450593834127e-04
2.890324465457930116e-04
3.001198587599342073e-04
2.438993724938936982e-04
3.120660934955944623e-04
2.560012690667517934e-04
2.151491550432375627e-04
3.003964121165208969e-04
2.595130987867570477e-04
2.330650550037018077e-04
1.722275098256624299e-04
1.456667614591634886e-04
2.081267369242989192e-04
9.376150592727130811e-05
1.563755425189294586e-04
1.756827550349897467e-04
2.469399544673644671e-04
2.667248044969654404e-04
2.977744177261546638e-04
3.216217882806575619e-04
3.523862421790317084e-04
3.937497209469962081e-04
9.794302126841548939e-05
1.396567791878420076e-04
4.006604843314763489e-05
-6.616705230519295128e-05
-1.643964222864431482e-04
-2.179669998420391791e-04
1.416472060839461941e-04
8.626488597858803344e-05
4.364280225182778136e-05
5.118499139119045806e-05
8.639450738531415618e-06
1.078905854077139752e-04
-3.850025628288381799e-05
6.094337112093957832e-05
8.974995287106798990e-05
2.562521923967698472e-04
2.846623654241623174e-04
3.516181248999684537e-04
2.580630532437430723e-05
9.381310598137969619e-05
1.148097914216993391e-04
2.754566893275379623e-04
2.962547120211599409e-04
2.043160641574168603e-04
3.666721865108190119e-04
2.741948412972370188e-04
2.309834103204682298e-04
2.085672315684014956e-04
1.653628728224336929e-04
1.330955433050415391e-04
1.090308373665809460e-04
7.673440401873205842e-05
3.991534887840951940e-05
4.212008340715085210e-05
5.091276960726633279e-06
3.596450210609561642e-05
7.110010321279968282e-05
1.016819699114663049e-04
1.778044411160131766e-04
9.380903452695435723e-05
1.699773733683010413e-04
1.264135084272594110e-04
8.672307237909043570e-05
4.325033153120883857e-05
-2.650415448834139275e-05
3.401080706896492199e-04
2.705619935620208515e-04
2.326467841735577213e-04
1.132165106861950142e-04
7.516976289800386896e-05
1.577937424876654652e-04
-1.849464421393163301e-06
8.132409735069816379e-05
2.481835500226884381e-04
1.633896814887339380e-04
3.296457972034408943e-04
2.414952827499462773e-04
2.888024565187811152e-04
2.007525831110058834e-04
2.901720929462413062e-04
8.388082591101811425e-05
1.732862203884820212e-04
1.747372243915092842e-04
3.953617326719636787e-04
3.968279579783198134e-04
4.464236930066124275e-04
3.338992836084353163e-04
3.199537561556889441e-04
3.285386192002329349e-04
2.820033071145980385e-04
2.907833404461848854e-04
2.800763887341523777e-04
3.858243362484495460e-04
3.748275176610255848e-04
2.517315087073166064e-04
3.312188474216887961e-04
2.084771193961296371e-04
1.323993163487165951e-04
1.271124864627290658e-04
5.079389287403223742e-05
-7.569562320072689005e-06
-9.908978624024989378e-05
-1.576208503939551496e-04
-1.915331135897716734e-04
1.786992125917550092e-05
-1.568728975698410006e-05
-8.300986609616655060e-05
7.149340899914444951e-05
3.905041928315878424e-06
5.445855368393803949e-05
1.697408789108169130e-05
6.739557739579449410e-05
7.966527205311867057e-05
4.693241954314853067e-05
5.950834470453845917e-05
9.532516103977480373e-05
-1.116493177029566223e-04
-7.571798507083064476e-05
-2.681855749900931849e-05
5.801546920597696146e-05
1.067127270195305871e-04
3.359245354489536536e-05
5.266601164263194071e-05
-2.068384739856122482e-05
-2.806394843923360914e-05
-5.312262757967113006e-05
-6.033804459570408672e-05
-6.657696693785893158e-05
-9.508988080619335979e-05
-1.013872872956510110e-04
-3.064046199470512439e-05
1.427456633880554290e-04
2.133600444325503347e-04
2.064473474569118315e-04
1.200275871782588227e-04
1.132465013619244763e-04
1.345941915733122056e-04
-8.062804676920988468e-05
-5.891739541223861521e-05
-3.263635092422934947e-05
-1.872696241971723015e-04
-1.600946555566844600e-04
-1.285380820887647491e-04
1.733727482775355619e-04
2.035691178492717523e-04
1.976643459561101780e-04
-4.279386109248920498e-05
-4.833042587462741280e-05
-4.491384084026112848e-05
1.107526684568084464e-04
1.138191198588649959e-04
8.195474988360076625e-05
1.467907620718072385e-04
1.147122024562966772e-04
9.980534784401954955e-05
7.337310712363689620e-05
5.846764949522169179e-05
4.388397461833692210e-05
5.359448957163097209e-05
3.898163810471332686e-05
6.793491431235051167e-05
-8.012960430990744465e-05
-7.628321728329200038e-05
-6.765859884164368066e-05
-6.881638219705808648e-05
-6.039294398344193849e-05
-5.525670368811260932e-05
-7.750330418768410835e-05
-7.205623498307686323e-05
-5.161691558555149605e-05
-5.232760124432868885e-04
-5.016478743311800778e-04
-4.838967108224021766e-04
-4.498755777262532284e-05
-2.873540160343673292e-05
-4.161545479175984862e-05
-8.716464453008648220e-05
-9.975427059428185227e-05
-1.119749520536168736e-04
-2.307179860860982673e-04
-2.430319453220470931e-04
-2.396562438495244323e-04
-3.558413898668839719e-04
-3.522284921761389314e-04
-3.508428923253624444e-04
-3.180177834853317080e-04
-3.170173437268196349e-04
-3.234187706815168264e-04
-1.097638884260042315e-04
-1.162588696437046070e-04
-1.220875696300058419e-04
-1.165251987962141771e-04
-1.224358260652511174e-04
-1.272537840884769764e-04
-1.669923935106484944e-04
-1.717963962471703496e-04
-1.680399494776590476e-04
-1.291844303375700917e-04
-1.250487315533770928e-04
-1.330004827271116005e-04
-3.266885672761215848e-04
-3.347231042955902715e-04
-3.323165246838704961e-04
-2.694236839109001060e-04
-2.674095403490589279e-04
-2.654325740577632552e-04
-2.432133433030919450e-04
-2.411476685365641481e-04
-2.411305800514566995e-04
-2.679387368539174635e-06
-2.635268700895021131e-06
3.753487379125908523e-05
-1.176549454421076276e-04
-7.736592835445299239e-05
-1.359325925156455825e-04
-2.934517704665322822e-04
-3.513868815068136968e-04
-3.557342006518450397e-04
-3.700597827125322141e-04
-3.739828844248262066e-04
-3.780068198250108422e-04
-3.544523515432086605e-04
-3.561154424244039715e-04
-3.325574615914611066e-04
-2.679385195517414273e-04
-2.477978231795368636e-04
-2.035602637892195083e-04
-2.308713555280355657e-04
-1.868542576534279681e-04
-1.671090896550167027e-04
-3.572382092801460124e-04
-3.370926889899719453e-04
-3.805291982465060729e-04
-3.802545426722217297e-04
-4.228451199927004355e-04
-4.174682347122010044e-04
-1.192712281229543005e-04
-1.154136792076181686e-04
-1.113658747786970050e-04
-6.446382967004441378e-05
-6.027247059739541122e-05
-4.639200939100499466e-05
-1.288740697933674962e-04
-1.147929522278931291e-04
-1.039908863510534783e-04
3.389787001533170030e-05
4.463215307103761832e-05
7.875682784166181485e-05
1.560134412491985957e-05
4.942898520190263192e-05
8.166099382898815424e-05
4.381286269441241423e-05
7.612973809110977204e-05
6.351376107565734363e-05
-4.242323097904167621e-05
-5.497572526431035423e-05
-3.081486741010190959e-05
-5.643989531884294176e-05
-3.207726060807796235e-05
-1.903302296561192107e-05
5.498753214325664525e-05
6.829318039088506866e-05
5.411890763421390704e-05
-1.339488426878396733e-04
-1.483357043740820462e-04
-1.531564591732036324e-04
1.804766382188383988e-05
1.291063769718892853e-05
1.707894291987414014e-05
-1.222473181132387372e-04
-1.179945826783985411e-04
-5.125658910352736504e-05
-7.556466122830515254e-05
-9.095936292819676704e-06
-5.987305530639311954e-05
1.229554621027410051e-04
7.237610361712106780e-05
6.848548451389148374e-05
-3.847499760921480657e-04
-3.866116507589168892e-04
-3.891941750033117969e-04
-1.580555142430151204e-03
-1.575608563943050070e-03
-1.534955818889446226e-03
-8.175598349033214290e-04
-7.843953890109132314e-04
-7.956370741167478671e-04
-4.649434222222934747e-04
-4.772400047668628803e-04
-4.706089414214018984e-04
-4.255872249641828647e-04
-4.189578496408883734e-04
-4.090405533741407274e-04
1.281334086996268229e-04
1.370527782757587824e-04
1.542502720613972910e-04
-2.847132842980249780e-05
-1.152181383157058875e-05
3.294697982475893253e-07
-5.973993418672963302e-05
-4.779717721778594091e-05
-3.514322535413776094e-05
-3.593861912357404096e-04
-3.465532217109528607e-04
-3.671203974349907017e-04
-1.706713527841446226e-04
-1.916478738835564232e-04
-2.214919125519063386e-04
-3.306768014069802909e-04
-2.609995130968550286e-04
-1.451088958756915773e-04
-2.142014268373409352e-04
-9.824966246838788640e-05
-2.971929817651467148e-04
-2.301601546687922920e-04
-4.292144759749131028e-04
-4.246382182768180299e-04
-3.499570913338171069e-04
-3.452787665023102689e-04
-2.319014392813530069e-04
-3.834400000354840684e-04
-2.700873237589236598e-04
-2.158476663310954387e-04
-1.403491123599794011e-04
-8.594568767817113947e-05
-1.528764678978207807e-04
-4.323436129139159273e-05
-1.098344928932222823e-04
-1.150053287910880251e-04
-1.532555452895197371e-04
-1.588034067590372367e-04
-2.246151467674801171e-04
-9.052548581348971563e-05
-1.563727615989202679e-04
-1.902857531940761444e-04
-1.264986837172338784e-04
-1.602369213624122975e-04
-1.217555607164239371e-04
-3.043533126738119090e-04
-2.659754161450972776e-04
-2.725496763499915521e-04
-2.023042386591395359e-04
-2.089476495651990367e-04
-1.635384280110874201e-04
-5.285712416420221792e-04
-4.832064325331875110e-04
-4.491953465494958036e-04
-5.209187685853967041e-04
-4.865442921746221654e-04
-5.329442247530293778e-04
-3.985620157200542562e-04
-4.452589819921028928e-04
-4.831864100219560357e-04
-4.597159605255198792e-04
-4.973692886801315584e-04
-4.796346541599385616e-04
-5.885859373164080866e-05
-4.133995328918250176e-05
1.452172593664288898e-05
-1.540727456205539581e-04
-9.767936124015688519e-05
-4.769902056241478614e-05
-1.799579708652207218e-04
-1.309318574766635507e-04
-2.810185252950272148e-04
-1.089612100431766204e-05
-1.605391591350293073e-04
-1.431205559227362290e-04
-2.210233944263985666e-04
-2.037590706193566337e-04
-1.972613205127925564e-04
-2.947089482502758518e-04
-2.876213508118451254e-04
-3.267001593485474586e-04
-4.651956074797124283e-04
-5.030983593314886093e-04
-4.904946317386766263e-04
-3.205118991900235415e-04
-3.081175154496867898e-04
-2.611975342596585536e-04
-6.373630958099802324e-04
-5.894791084437335515e-04
-5.771410637928292911e-04
-4.452563571839297796e-04
-4.337107516287014644e-04
-4.476345365777070480e-04
-7.355411057753608386e-04
-7.449922140597756409e-04
-7.196833561272927360e-04
-8.439782413564081692e-04
-8.199542593309291439e-04
-7.615733747342723478e-04
-3.061926930775501566e-04
-2.528299200320737882e-04
-2.455173563291704894e-04
-7.621277193260664340e-05
-6.919636880843105329e-05
3.952241544142066367e-05
-9.676500131240251077e-05
1.225461468096523412e-05
1.161204103197313641e-04
-8.974802464250774257e-05
1.381085655217690212e-05
-3.193101572384334863e-04
-8.970777918270995792e-06
-3.417750838258512081e-04
-2.603899765737426931e-04
-5.295676662632472576e-04
-4.467007956910950595e-04
-3.388399250212983959e-04
-7.788620041460520569e-05
2.804296171628667183e-05
-4.912862147244812362e-05
1.775852365284066848e-04
1.001965460404222701e-04
8.500265694474248520e-05
-3.944576252757759206e-05
-5.457751221674814516e-05
-4.649105604652261964e-05
-1.534020820818230205e-05
-7.314222521688254985e-06
8.597311543303713709e-05
5.463383721622691819e-05
1.478697632544504902e-04
3.111093725273210626e-04
-1.827413498653858394e-05
1.454033923472568463e-04
-5.672294384751535245e-05
-1.079718198490038444e-04
-3.093665730575851551e-04
-2.756450770203633751e-04
-2.134141544247797806e-04
-1.803528496776385750e-04
-1.887829755281416342e-04
-1.406223376062376942e-04
-1.490711772197244331e-04
-9.139939760898171972e-05
9.595435702127016932e-05
1.531437479181501358e-04
1.784205163445265322e-04
6.644128330408663441e-05
9.186175916930076771e-05
1.100558668699661252e-04
1.948400753050052851e-04
2.130073856537776050e-04
1.956983523669940449e-04
6.397310910733286114e-05
4.677908688255669840e-05
5.115515641785408621e-05
5.349766248774798878e-05
5.870953582610185508e-05
5.985558727087390059e-05
-9.788812048815940256e-05
-9.764767838379431134e-05
-9.793280120636932646e-05
-1.919542754042713678e-04
-1.913849388684671382e-04
-1.944197705883680548e-04
-6.463827655423806055e-06
-1.036918404811608451e-05
-9.981444409121588510e-06
-4.115923223385202544e-05
-4.088968325034232501e-05
-5.904201686433421044e-05
-1.384707409933364809e-07
-1.820256154104040532e-05
-2.980640689424790156e-05
-5.144536414234803586e-05
-6.301114168531812441e-05
-8.983790343642682522e-05
-2.274526465266562712e-05
-4.825362288408429116e-05
-1.156621694859222770e-04
-1.324819126633599469e-04
-2.008034173227952123e-04
-2.306112697379662888e-04
-3.664925136432156888e-04
-3.962529850224032028e-04
-3.887476137654386973e-04
-1.298610555505379336e-04
-1.227170665563546363e-04
-1.189838292188526766e-05
-1.193569856743790451e-04
-8.207929908480063839e-06
2.653052939735091320e-06
2.116082022218104342e-04
2.216545386148427790e-04
2.373066000522447167e-04
1.782650238568240023e-04
1.939616341637081815e-04
2.187364254931058378e-04
2.465176667595350875e-05
4.945965633653808544e-05
-3.479053347082907300e-06
1.833072412844817729e-04
1.304256042123864349e-04
1.201736928837273657e-04
-1.953448914798815790e-04
-2.055553225741821885e-04
-1.102699966748873941e-04
-1.318790339806217313e-04
-3.640275784970030707e-05
2.108677128684794148e-05
4.989746272362067777e-05
1.076507744275135322e-04
1.456753842379413812e-04
-1.586502783337506131e-04
-1.193953477465100319e-04
-3.146727934721000350e-04
5.542137919324266601e-05
-1.416680710165835774e-04
-1.222700770538601254e-04
-1.483699264711774743e-04
-1.282713159978690718e-04
-1.663105933930439828e-04
-1.423360622082206581e-04
-1.806231878235651134e-04
-2.045116483574233263e-04
-2.757116010416014074e-04
-2.991714785681537326e-04
-2.560501249998828029e-04
-3.412424624772242244e-04
-2.984797554116716241e-04
-2.293083390049343207e-04
-3.260734463136663293e-04
-2.573694956317250826e-04
-3.125840867143447714e-04
-3.304723805576269724e-04
-3.851750934701736288e-04
-3.911919991946674786e-04
-3.368120360393400507e-04
-3.431522853202082120e-04
-3.574341531612216681e-04
-3.793192079751647912e-04
-3.925868655324219912e-04
-4.159744953729422093e-04
9.209462626583357430e-05
6.750183590993049732e-05
3.814955743025563359e-04
-2.335488763565433034e-05
2.907476554271340072e-04
2.156457892473493190e-05
2.968933948893606365e-04
2.736773719865534873e-05
-1.894589928072860766e-05
-7.688739776532753888e-04
-8.131499094432311078e-04
-6.825429083116769154e-04
-2.491091850773414899e-05
1.040826535747901784e-04
5.733083942567338887e-05
-2.291348574951707138e-04
-2.760222518384702244e-04
-4.169582980703363589e-04
-1.478140288066364294e-04
-2.886726588494876794e-04
-3.459329563238849035e-04
-1.908561107720980544e-04
-2.482637027324368349e-04
-2.772501029539853334e-04
-5.247316402428973958e-04
-5.510136834345757961e-04
-4.876557142227753560e-04
-4.427061940077692270e-04
-3.820540370173617761e-04
-3.131204473821803036e-04
-7.122236057869955460e-04
-6.404195635615273418e-04
-5.419818830545640150e-04
-2.094855197275414171e-04
-1.136831910684353542e-04
7.155769700219855815e-06
-6.619112397168044567e-05
5.414582482542656472e-05
1.049961606260705997e-04
3.729179660793207696e-05
8.967296478676984803e-05
4.479795713105724601e-04
1.137154354002643634e-04
4.709149322134928255e-04
4.710898619389165647e-04
3.525002354418413190e-04
3.535316035861153609e-04
4.947186607465062311e-04
4.860142479894686944e-04
6.262671303998593262e-04
6.174384531700817481e-04
4.208123354770157507e-04
4.150863011969087258e-04
2.010150814723217537e-04
7.079617414060813919e-04
4.902208633549505522e-04
3.304285599340134501e-04
4.408425770062947323e-04
2.810482654210561156e-04
8.672521928733336206e-05
2.963315890126311421e-04
1.021535090584133791e-04
-2.018522500293329358e-04
1.387722506087222022e-04
1.371745205203314254e-04
1.499007231481006030e-04
2.428146438857783506e-04
2.554158310098206285e-04
2.532001815292414288e-04
1.955217922962834720e-04
1.933003948091890673e-04
1.689162714623399322e-04
3.104552376920718709e-04
2.861413855438605194e-04
2.904845089542897160e-04
1.132448201982788985e-04
1.182570697747388597e-04
7.369418891889725244e-05
2.684827116209299977e-04
2.233040082645391337e-04
1.942274759262540770e-04
2.290498610962902418e-04
1.997970686848015917e-04
2.141465601496022318e-04
1.591090915230774713e-04
1.735787527038339649e-04
1.810399952211314977e-04
1.442077781873379026e-04
1.517367162142777980e-04
1.359951085873511620e-04
2.689886226848607663e-05
1.124664705680729826e-05
1.009959132579904897e-05
1.074561543759522029e-04
1.065920315327290903e-04
1.111552116421526308e-04
6.126002162864250047e-05
6.590373203693982319e-05
6.625470004472435717e-05
-2.679027386980587606e-04
-2.674042579256042718e-04
-2.385369518644879137e-04
2.591809507921293497e-04
2.871782524114237603e-04
3.293455776673360970e-04
1.891917998098065581e-04
2.315342719174075183e-04
2.425534979286631519e-04
1.644315054380419906e-04
1.751372977471938306e-04
1.764581509843138069e-04
1.798924561901977235e-04
1.812246890250262827e-04
1.595451903877770816e-04
2.694162584003661782e-04
2.481513220001003062e-04
2.339334392170742483e-04
5.895020148008971563e-05
4.516317180314514349e-05
5.523999463818670460e-05
1.665509675586077879e-05
2.629355769656301686e-05
3.930551230610281749e-05
1.616738667716801281e-04
1.746053929457527451e-04
1.903054660699233657e-04
1.991984643757429771e-04
2.146851773188352829e-04
2.458976646048700735e-04
2.564996255143448954e-04
2.879050711963078305e-04
3.180736901841748829e-04
1.864108903428292200e-04
2.162856042988289471e-04
2.468485929811286422e-04
2.282689897321801137e-05
5.687415458205218044e-05
8.716379185912549038e-05
1.046092095592903587e-04
1.335966541502380325e-04
1.669528889684583585e-04
3.286821617349737837e-04
3.603448883146624605e-04
5.030884634370911710e-04
3.094896262260730902e-04
4.526575934042218917e-04
6.340729800335324733e-04
5.046366708020675771e-04
6.856136809851236073e-04
2.770284159518633573e-04
6.065629771960161058e-04
1.976932513238717406e-04
2.653533690812877408e-04
2.876242911619920819e-04
3.551554789504847518e-04
3.571623634282982589e-04
3.620036830165303341e-04
3.639365564534923674e-04
3.156853255031716278e-04
3.433802008597663285e-04
2.949755636191081455e-04
3.239500975540691389e-04
2.619033822238531163e-04
2.910403300846779121e-04
2.155457456833098965e-04
3.086526877085530533e-04
2.334374564238239961e-04
1.397329562079902259e-04
2.006386182042186098e-04
1.065279740343611208e-04
1.057662461495219113e-04
8.448934151600567127e-07
1.120510820491553948e-07
1.967604248361595580e-07
-2.973683743437693103e-05
-2.980410829423499027e-05
-7.559848313748484313e-06
-5.181249093772291332e-06
1.780705031234061176e-05
5.090670836985103451e-06
2.883964305038785392e-05
1.558763667930661853e-05
-8.157943484278832279e-06
-4.024273605096340958e-05
-6.395871761897436222e-05
-6.968676679390203854e-05
-1.432836299473277172e-05
-1.969567019114923379e-05
-2.243787787953939634e-05
-4.338380166883301636e-05
-4.637854329409625727e-05
-1.367551915133866525e-05
-1.904013803424927254e-04
-1.572522817903247759e-04
-1.092414812412675863e-04
1.645162771430748417e-04
2.116843180735963935e-04
1.863056534911001539e-04
2.129680007235515470e-04
1.875802557459528065e-04
1.810891800594626204e-04
3.720648541157922738e-06
-2.399033164873884579e-06
3.924185052299689275e-05
1.552824497955961362e-04
1.966494809907842777e-04
2.309018760271499540e-04
6.903075604485165101e-05
1.031175066301728274e-04
1.790632045294955838e-04
1.265212046486685529e-05
8.874668445697580458e-05
1.568045392189445315e-04
3.617487050060049164e-04
4.298358964290740309e-04
4.937175712264320034e-04
4.634176858956264673e-04
5.271958310920922238e-04
5.674511308854478372e-04
2.175896101114517230e-04
2.579753459969568027e-04
3.005721242746317448e-04
4.377413684807750357e-04
4.802676427291685405e-04
4.948545537590377319e-04
4.885465037889757814e-04
5.033413907912887919e-04
4.981069160333246107e-04
5.995542232230633784e-04
5.945318280776374156e-04
5.987673690084063458e-04
3.634621626172557587e-04
3.672213611549393283e-04
2.318591655250059778e-04
4.060565229861692535e-04
2.706406016852127725e-04
1.487324770569113338e-04
2.687302844616936857e-04
1.467619149043468082e-04
9.226787182210982813e-05
2.043873245856968010e-04
1.497795146302044488e-04
7.259878606097363478e-05
1.271142081700921155e-04
5.006523264133893496e-05
2.298742223674304875e-05
5.481707324767076022e-05
2.767223672153301629e-05
-9.246682085429071361e-06
-1.746914309306196776e-05
-5.438293962586367028e-05
-7.095869901703550568e-05
1.227279695092172037e-04
1.063034045172680999e-04
1.160458586001443830e-04
6.581387909947083244e-05
7.539925980937212373e-05
1.882334702022043192e-04
3.771815216724306013e-05
1.506546188683849895e-04
-3.740262217408730724e-05
1.269941505815503323e-04
-6.125210528782322147e-05
-9.885342642872006367e-06
-8.658629120847894886e-05
-3.497120013015565343e-05
-5.990304198946782340e-05
-7.501113196110696267e-06
-3.245737316917606582e-05
-3.368731074292221597e-05
-5.080765841428169002e-05
-5.227375902026900581e-05
-2.980738069487259292e-05
-9.164207392163583568e-05
-6.870077929084644221e-05
-9.079359986641341498e-05
-2.347118576613709830e-05
-4.566231908098691752e-05
-3.538417298517434703e-05
-4.966101076275938799e-05
-3.862654342486767874e-05
-1.759151331271569885e-05
-1.003683213315217601e-05
1.002061486587334715e-05
3.341026150464654386e-05
-2.687068757723610557e-05
-3.177124188918467162e-06
-3.108489765920956736e-05
-3.254859770994338822e-03
-3.257021597550672706e-03
-3.227640590605622070e-03
1.755352566349039668e-05
2.101716413319327549e-05
5.373051684424832346e-05
5.485292817622639851e-05
8.722126952913209679e-05
5.755966488784944432e-05
7.271798680145844700e-05
4.282177618286406415e-05
9.552921012764880107e-05
1.545139897196387666e-05
6.813262491742232488e-05
5.696854556898388409e-05
7.823989046992817567e-05
6.722202876570436501e-05
7.059895398532612353e-05
1.159911137352398350e-04
1.193528176515327218e-04
1.787599094702865300e-04
2.728829241795105963e-05
8.656543563371555186e-05
8.788517449602321115e-05
3.236350952899114466e-05
3.389032214499846426e-05
4.236936682706416747e-05
1.350326958959160778e-04
1.439691800331854930e-04
1.605292138309802330e-04
1.833119708752417674e-04
1.995460854276667750e-04
2.126981942258450312e-04
-5.991946708954615231e-05
-4.620093954301894481e-05
-4.651237327094558376e-05
-2.513900164937925416e-04
-2.506136654545683016e-04
-2.552006456183736186e-04
7.082967272539254528e-05
6.450330213434053847e-05
-1.424133528410501939e-05
2.385875516361547896e-05
-5.480733101642735463e-05
-9.992028056862858410e-05
-9.869081417485185128e-05
-1.436039950347980606e-04
-1.635482416641174149e-04
4.905390384388061886e-05
2.868264581410006763e-05
6.901596886832862647e-05
-2.121968367755620074e-04
-1.707944718209967062e-04
-1.325047947140648233e-04
-6.116733608947698755e-06
3.197314570189870725e-05
6.907281010088870635e-05
9.542962423057712446e-05
1.319165365831310522e-04
1.548404125379758411e-04
6.006878344950626007e-05
8.311010791215919791e-05
1.090353410522749652e-04
3.693795773427807627e-05
6.276412143551912204e-05
3.084959707713377667e-05
3.271657017239537136e-05
6.355136961365957272e-07
-2.126725693185935835e-05
6.627774809977662754e-05
4.409435833851684710e-05
3.448486216402001743e-05
3.762588650035549780e-05
2.805093657261081104e-05
2.566111735500826302e-05
-3.849577088371073448e-04
-3.785004874648110682e-04
-3.750280413100483333e-04
2.328078489095388240e-04
2.276248086105113412e-04
1.928407559419610499e-04
7.967531913668043269e-05
4.475260854387664786e-05
4.289367214196470983e-05
-3.954525394210582981e-05
-4.084334497920128100e-05
-3.165903145152824732e-05
3.964046052542624481e-05
4.828150740187865881e-05
4.780316607840202382e-05
1.272780245464545873e-05
1.228894047718338302e-05
2.398991771946246566e-05
-9.277027043234713742e-05
-8.111792569076125680e-05
-1.254877731717429648e-04
1.353904603838040942e-04
9.100687589484680786e-05
9.164045846677117634e-05
7.628119624673802748e-05
7.670776327262364912e-05
1.180094140261995833e-04
4.684685487421893168e-05
8.832762515234083341e-05
1.606270359905759629e-04
1.773228968057434301e-04
2.493567424670184787e-04
2.681961745879150394e-04
1.936694587191889819e-04
2.128823802963368062e-04
2.141446348154113803e-04
1.486462392535529498e-04
1.495162032419012103e-04
1.585124615863252903e-04
-2.301614581128844268e-06
6.645851191534521678e-06
-1.237166099153527666e-05
1.854519420353983069e-04
1.667981840772919948e-04
1.564895650270780756e-04
2.525709704831608231e-04
2.419789601598320737e-04
2.359175310492647140e-04
2.500057238402230873e-04
2.438308916542810648e-04
2.308444089552536818e-04
2.248085916879718452e-04
2.121369251229949507e-04
2.182771883229928989e-04
3.439852285135166967e-05
4.062282336179343653e-05
1.890455118343925675e-05
1.872689632722380538e-04
1.654061760237509628e-04
1.712463847479059049e-04
1.006806249680066725e-04
1.062346702791957804e-04
1.282039496893011771e-04
7.481359284149693934e-05
9.696610996815793141e-05
1.326459800930578472e-04
6.397013695295385941e-05
9.959514635744283213e-05
1.395522303326877456e-04
3.388382515277598263e-04
3.786709657405160990e-04
4.210444136956925328e-04
2.907072593487689894e-04
3.332094080802039068e-04
2.602912017783707102e-04
1.269960072645903390e-04
5.444784889105689718e-05
6.099150423090522483e-05
-6.449572268765437410e-05
-5.708483140785629555e-05
-2.753215159597869688e-05
2.748619918724483748e-04
3.030712825261888308e-04
3.530838197599533534e-04
4.731003644567851251e-05
9.769323278818238141e-05
1.089952606980344719e-04
2.746371004883568323e-04
2.855956304392433232e-04
2.948911148873089552e-04
3.127425629918119377e-04
3.218085928405566812e-04
3.320675093980500719e-04
2.789605803140370846e-04
2.892217815222213289e-04
2.970649905458970291e-04
2.916865849236021063e-04
2.995466159612817985e-04
3.007894043825299398e-04
3.369240542364253027e-04
3.384648949853808538e-04
3.412045239060287026e-04
3.428660053308785812e-04
3.454193697366033343e-04
3.324616922012579964e-04
3.172097835744832305e-04
3.046310524635997938e-04
2.933983492974422602e-04
-1.276277104212852789e-04
-1.376897265592359277e-04
-1.471573126718694348e-04
3.129300317803628472e-04
3.018763305635830383e-04
2.739091358808236516e-04
2.410872035443490367e-04
2.134547611195030010e-04
1.734562748276171533e-04
8.036313361575774319e-05
4.027743769590829293e-05
1.287285604260001402e-05
-7.215074666994537433e-05
-9.932168277234699506e-05
-9.282099205128679052e-05
-6.599954312921430845e-05
-5.989486822917887941e-05
-2.773173641633781784e-05
1.478985940938459896e-04
1.799753166340610088e-04
1.751119306720688544e-04
1.794029752562141121e-04
1.744724758611887298e-04
2.281534157617917300e-04
1.275753492666303716e-04
1.812531750573745013e-04
2.741937790429521595e-04
8.654238934182500098e-06
1.594627849287575967e-05
7.740547758505831460e-05
-1.036853845372352322e-05
-3.275918081697592652e-04
-1.540439526816516410e-04
-2.685334422920415318e-04
-9.537476322480135070e-05
-4.875719353936917681e-05
-6.099903581530444728e-05
-1.431883468672938246e-05
-7.005732311733410111e-05
2.159031162279813777e-04
1.602485414165410365e-04
1.731024678949780898e-04
4.135777146223589430e-05
5.431030171826036141e-05
7.113769783682286638e-05
-1.636524609718888862e-04
-1.463036115230330835e-04
-9.266387483154183390e-05
-1.310034368136236082e-04
-7.770686338704770567e-05
-1.603062761250495624e-04
-3.078252471101230146e-05
-1.105748730014621925e-04
-1.385565957887588428e-04
-8.460081026438471792e-05
-1.155178871838866161e-04
-1.318578444229961618e-04
-9.036071076006874309e-05
-1.069647852605731472e-04
-9.218280797094766739e-05
-2.778808422195316267e-04
-2.627103578971392087e-04
-2.519527313991803182e-04
-2.817763354370063714e-04
-2.708661466597932829e-04
-2.398042462051265273e-04
1.601565070511961719e-05
4.625603733748417760e-05
1.832592806937431663e-04
9.578826839734089042e-05
2.329508406734352678e-04
1.325107424207021896e-04
1.797814020579939455e-04
7.958710020538321177e-05
3.761053377467291352e-05
2.163904119668518607e-04
1.742714041139286935e-04
1.393444032710431453e-04
1.390167555765536606e-04
1.038298793555623230e-04
1.663851482562042020e-04
9.816991192748903599e-05
1.608109207126564525e-04
1.731096982032349864e-04
3.833909176767535433e-05
5.070986485884623318e-05
1.244218152334530575e-04
6.379769734417186765e-05
1.376784062796820624e-04
6.322605205555224556e-05
2.129751670492429955e-04
1.388035920294445171e-04
1.076447599885464886e-04
-7.182155658169871431e-05
-1.031373892359955927e-04
-1.262647279255626098e-04
7.200170628181111606e-05
4.852809021746988137e-05
2.552543685893961527e-04
-7.815883194064473074e-05
1.286829886381947734e-04
5.152186017635235725e-06
1.633488521335148551e-04
3.949269779227949136e-05
5.765293827076625396e-06
1.793185296581713056e-04
1.457669564846727963e-04
1.237975674245533962e-04
-2.944133888373326544e-04
-3.142498163709389549e-04
-2.480343755547356971e-04
-1.493390750625913027e-03
-1.419426123912299800e-03
-1.509495959494560214e-03
-7.078906710472357639e-04
-8.058032904456548413e-04
-6.446406382608258455e-04
-4.534616087268285474e-04
-2.934852868790768766e-04
-3.327505656098394930e-04
-2.890604569117569112e-04
-3.281583886173933089e-04
-3.154747430920983747e-04
2.364157807850830913e-04
2.480884174479720101e-04
2.415704036842920822e-04
9.147125429134712665e-05
8.473793766590589699e-05
-2.398441541318616956e-06
2.920075692365700420e-05
-5.785189056334348687e-05
-1.039275418675698805e-04
-3.699437314600989438e-04
-4.158861163246639538e-04
-4.291697560894853700e-04
-2.352812777913369704e-04
-2.489388726736969579e-04
-1.369411739289645626e-04
-1.870777206115043715e-04
-7.500353700033170722e-05
-4.858223616435134330e-05
-3.508513059950215361e-05
-8.594009674256085536e-06
9.910666687310627949e-06
-1.368012431758543245e-04
-1.183875162844649038e-04
-1.058112764527078197e-04
-4.101434273096830462e-05
-2.830026715816812968e-05
-1.255573202805061002e-04
-6.555532382624106860e-05
-1.628689256911564727e-04
-2.017202479817475631e-04
-2.757092224857100437e-05
-6.630996196126001619e-05
-8.336717991309878584e-05
-2.531510673524248146e-05
-4.199975200148937460e-05
-4.324086154113023872e-05
-8.953410696389791723e-05
-9.114482059842407102e-05
-9.666662067559642145e-05
-1.652569886530249710e-05
-2.206803169486207315e-05
-8.846654217317093160e-05
-2.834532506885951248e-06
-6.900306451692569997e-05
-4.286843513261830206e-05
-2.091878193719251826e-04
-1.832233891881287634e-04
-7.630591865255369460e-05
-1.211933767016262352e-04
-1.435076121798588549e-05
3.573053518622090014e-05
-3.335209447201235465e-04
-2.835047244808180174e-04
-2.513587412442516082e-04
-3.063289067013209290e-04
-2.993116055012707264e-04
-2.838296243647414228e-04
-2.075462385409538300e-04
-1.923760176362770578e-04
-6.159383721086311367e-05
-2.209507404553073427e-04
-8.990534498724269893e-05
2.809517816234100799e-05
3.525698446422338185e-04
4.703859149903403614e-04
5.992666752551078970e-04
3.529407541226940248e-04
4.823611212320022459e-04
3.505583865246580380e-04
4.068855756319455976e-04
2.741278714877398151e-04
2.693462873443366445e-04
3.814201611005545991e-04
3.771478212305681265e-04
3.361973292750657571e-04
3.279310174852014936e-04
2.867418304642082227e-04
1.876883607659124605e-04
2.015737343437389506e-04
1.031570419039212934e-04
-1.575762173859985085e-04
-6.502552509087987029e-05
-3.245278669754625769e-04
-4.139732963462209345e-04
-1.711396792205633136e-04
-2.606402603500371814e-04
-2.988570453213208896e-04
-5.769185417388414438e-04
-6.144461189010792411e-04
-4.607950739564970768e-04
-4.703530543097907287e-04
-3.174720967190936840e-04
-2.717356064989869912e-04
-6.451025891120211464e-04
-5.944616377986675169e-04
-6.453566608361268470e-04
-6.664759230501657392e-04
-7.190970942720139453e-04
-7.120588275089010342e-04
-2.180298621642702973e-04
-2.159774890120222911e-04
-2.111022420845525308e-04
-2.255420304807720031e-05
-1.798966861456352908e-05
-1.413809724211935134e-05
-5.481260615993011434e-05
-5.061755138043556542e-05
-1.766659978905920747e-04
-1.602450450376072916e-04
-2.867333813932021296e-04
-3.268338785412429077e-04
-2.844983818371077215e-04
-3.241540269366173250e-04
-3.323279379401355982e-04
-5.074372618830470544e-04
-5.140168359503149986e-04
-4.384450115504737741e-04
-1.563139085192233324e-04
-8.282747543501367635e-05
1.403257136535330878e-04
6.075556362690936931e-05
2.837103537222219834e-04
2.670770403656323364e-04
1.430930659244268404e-04
1.265165868917509837e-04
-9.672901515327158358e-05
1.724261768631666822e-04
-5.085402236031132047e-05
1.329475446475030550e-04
7.734880542245262819e-06
1.914537017220923373e-04
-1.934474421903090066e-05
2.722804058448538870e-05
-1.831480942247954216e-04
1.445664094382559752e-04
-4.415912582818937236e-04
-1.131257884815672541e-04
-2.794196373377170963e-04
-1.389377560991441251e-05
-1.808502022702422542e-04
-2.453060708695143440e-04
-1.437962530706253452e-04
-2.083089032431185224e-04
-1.997134125613649980e-04
3.771883595156893349e-05
4.586276615187100613e-05
1.295997899641900810e-04
-4.326073697852395928e-05
4.062951122519220439e-05
-3.505865032069475809e-05
1.510313413954957875e-04
7.529726855706332764e-05
6.376782980207639125e-05
-7.823237836577088991e-05
-8.963206860660290036e-05
-6.914792500027655033e-05
-1.069955302724120549e-04
-8.537531864420710472e-05
-9.809935226389769549e-05
-2.255428003758305159e-04
-2.393986674100682520e-04
-1.989782581935451214e-04
-3.317014074959382525e-04
-2.905342230937258460e-04
-3.082614706621316595e-04
-1.004982883008942787e-04
-1.190785109323260979e-04
-1.195135458712757179e-04
-1.513252931439129309e-04
-1.518536349633068392e-04
-1.640268063044891366e-04
-1.067731403620273420e-04
-1.188651120162353525e-04
-1.209589465999123901e-04
-1.486593144352332363e-04
-1.507280615170565694e-04
-8.811454969614041649e-05
-1.067520863854405731e-04
-4.285131214342308842e-05
-5.509231691265328574e-05
-1.562320648801256498e-04
-1.691901152722336237e-04
-1.775861374709559277e-04
-3.126430411126263596e-04
-3.211525973539603547e-04
-3.203351208297375882e-04
-6.647935431932934080e-05
-6.600242171528081540e-05
-4.299212011335060558e-05
-6.368798325395475272e-05
-4.035643357144311628e-05
-9.113165418325730720e-07
1.875726880213083550e-04
2.262121855580248597e-04
2.850936365333431137e-04
1.832862407042470953e-04
2.421902762519997747e-04
3.022363401971719173e-04
7.087735218497563314e-05
1.309883576898331699e-04
2.250403339391201444e-04
2.346702105433584378e-04
2.336141361473881664e-04
2.671866036119673613e-04
-8.694296129133468254e-05
-5.333590392425765960e-05
3.045743773417568549e-05
3.134000276744256051e-05
1.153012444237808023e-04
1.186731530114717862e-04
2.102430470958913003e-04
2.137123807560362002e-04
2.906972429132896607e-04
-6.421042813512607608e-05
1.423826938260971953e-05
1.017999245671632460e-04
1.817378567880827134e-04
2.674460345299991540e-04
3.563057522278566215e-04
2.723119621517213753e-04
3.619090253942001912e-04
3.931850298576742729e-04
3.355993081804652068e-04
3.665912301548511108e-04
2.327371744065756662e-04
2.837694120862275680e-04
1.502601785212035043e-04
-2.228693703584653553e-06
8.702835245982061454e-05
-6.578406704815505188e-05
-1.960872998295292140e-04
-8.049878910409687203e-05
-2.112177409997150184e-04
-1.679662731190940971e-04
-2.816903963519200565e-04
-2.378991688316485519e-04
-1.604390794763634379e-04
-2.049902453733405704e-04
-1.279753864163825686e-04
-8.143482096519721099e-05
-1.582741619440088446e-04
-1.106436580422188098e-04
-1.268271082257134766e-04
3.772978338410292809e-04
3.599099725657859891e-04
1.759949608574886901e-04
2.666715952624352723e-04
8.287729896691489045e-05
1.459430705704919907e-04
9.139583007053333347e-05
1.541194570432610723e-04
1.917269874150100812e-04
-6.491452012727774766e-04
-6.095340031413193534e-04
-5.177068791927385161e-04
1.902793192323464617e-04
2.804990968324628099e-04
2.590121781871400439e-04
-6.333688857197646059e-05
-8.484968052257526282e-05
6.335355962483772349e-06
4.209133262734186288e-05
1.332706647616313782e-04
2.455539891175335639e-04
2.400487770017670480e-04
3.521822457346475118e-04
3.422393633213506939e-04
2.020177842633485727e-05
1.312061745418775099e-05
-1.501642126999715621e-04
1.697068796188251974e-04
3.528197394691938698e-06
5.629622021488599019e-05
-3.061415354199627692e-04
-2.503587050104165868e-04
-2.277033512187993762e-04
4.840672325246190514e-06
-1.261180392628100588e-05
3.961108859750698662e-05
2.926593054855677412e-05
8.092802136327396489e-05
1.845492693723672917e-04
3.874487129162322140e-05
1.438726790843093684e-04
2.083082655406121074e-04
1.991672793997013857e-04
2.625436319465313017e-04
2.764909791264915859e-04
1.284743340181682169e-04
1.432051563140237724e-04
1.758329194900172272e-04
2.922695917047793066e-04
3.238687090971099653e-04
3.605926973206883537e-04
2.885223104847245597e-05
7.028632498550771348e-05
1.074262601823146963e-04
4.451428900167307126e-04
4.771333535235907459e-04
5.548197236301358626e-04
4.285616798360433006e-04
5.062471622757594870e-04
5.011471105558980592e-04
5.254146539762597368e-04
5.204580404848043211e-04
4.812543845552813603e-04
4.722951300960217006e-04
4.331158922802519394e-04
3.063507869308598232e-04
5.284617434305932714e-04
4.014892878411121559e-04
3.684142968347336186e-04
3.433625792320601534e-04
3.102791335629339351e-04
2.914534831149918079e-04
4.212065643593709005e-04
4.024220448998217523e-04
5.356634701912432782e-04
2.426197294341814756e-04
3.766050413561195008e-04
3.133116853453777077e-04
5.151627975011385851e-04
4.511758535548671427e-04
4.168885394856824966e-04
4.580764517916924598e-04
4.236617357046834620e-04
3.723915507932192676e-04
3.911303034793145450e-04
3.400017450828104310e-04
3.098299031116022841e-04
3.005141044765709929e-04
2.703704786689906494e-04
2.541102221952523687e-04
1.410035011794372574e-04
1.248091648816834786e-04
1.421518753095129964e-04
2.349293427327420213e-04
2.525155794619182584e-04
2.564814205984729603e-04
2.088687977565983770e-04
2.128803173550549224e-04
1.954773131820674095e-04
4.225921477486989722e-04
4.045776921066989232e-04
4.404920368970400668e-04
3.827534736138603691e-04
4.186759147260366953e-04
4.655566402894706400e-04
3.244952645318611539e-04
3.715507185794209065e-04
3.678568270823573102e-04
-6.170949235481871424e-05
-3.800124442705109977e-05
-6.539908042704588439e-05
-3.316600679454550409e-05
-6.055255050832307603e-05
-5.081696572886313930e-05
3.050213729202845428e-05
4.058339554178063140e-05
6.868169520130864517e-05
-1.408417781087150766e-04
-1.122090011547643767e-04
-9.369005248468787990e-05
-1.589999860796470271e-04
-1.410058958880272659e-04
-1.656978776266359655e-04
-2.061706358161285741e-06
-2.679997773911142029e-05
-2.735940570817684534e-05
-6.140900175788339748e-06
-6.903967646559530527e-06
7.099391737311908177e-06
4.029901110226864216e-05
5.449493598035705941e-05
6.393061781838195001e-05
-4.619755075936036450e-05
-3.704158583585514153e-05
-4.889437216155852499e-05
-2.325346925661374482e-04
-2.409374817256691617e-04
-2.355271217025316753e-04
-1.650251458381178540e-04
-1.609118562269456186e-04
-1.036369633154140592e-04
4.893044234862228446e-06
6.052733967163248063e-05
1.014648626462102726e-04
1.526868597221208812e-05
5.660475680106439146e-05
3.954449645010902183e-05
9.758070908920027766e-05
8.001491520321144359e-05
9.321757962511899136e-05
1.143335399450881975e-05
2.441887473737867735e-05
3.685392404766981008e-05
1.201841411884319987e-04
1.323908709487900555e-04
1.583020204467669228e-04
1.323539381879404605e-04
1.582864935532182554e-04
2.048178147547675466e-04
1.409618418453231553e-04
1.873473965120298957e-04
2.458798404025929027e-04
1.506799898366240954e-04
2.093834623868660980e-04
2.047885699652436946e-04
2.363103117735208922e-04
2.319059912337291811e-04
1.917895064035861005e-04
1.917453827558386896e-04
1.512954116844071259e-04
1.256622418118785354e-04
3.868308738325370449e-05
1.308954237589195690e-05
-6.527963552061953785e-05
-1.318129212035283127e-05
-9.173236895721891167e-05
-1.509339579703276434e-04
-8.011941673603394272e-05
-1.386128804502998867e-04
-1.791662446767608116e-04
-1.037290292648588696e-04
-1.447235784572134206e-04
-8.840451706502040069e-06
-2.061607750211427400e-04
-7.025323015667815987e-05
-1.555004620272907602e-04
-1.007742270857413594e-05
-9.501536817292302725e-05
-1.381055741467674216e-04
-1.393043550011011946e-04
-1.825036421314974269e-04
-2.025796195046500119e-04
-3.271784340859551867e-04
-3.469040013404086709e-04
-4.060244101401621762e-04
-1.448541952031560270e-05
-7.445825041031634082e-05
-7.166822522565728963e-05
-7.541819660218601693e-05
-7.265584916029131949e-05
-2.384780232261108973e-05
-2.654662375586480552e-04
-2.162800592037587128e-04
-2.042191675759336838e-04
-4.993264879032212116e-05
-3.815415162941877933e-05
-5.949066433205306079e-05
-1.647719812940291056e-04
-1.862776600111931517e-04
-1.767984466478775480e-04
-2.766698500429004386e-04
-2.670337670334230673e-04
-2.825194591115162300e-04
5.858808561173524604e-06
-9.597561407734492441e-06
-3.835740602932577426e-05
2.018159433091726003e-05
-8.711218416073223899e-06
-3.688213674025883583e-06
-3.163368218707263840e-04
-3.111625208660497542e-04
-3.031735835338422377e-04
-1.303491970432459318e-04
-1.224276350785458080e-04
-7.839307065222788978e-05
-1.103400284864419691e-04
-6.607176030155647922e-05
-4.115016052408268466e-05
2.958667326384778690e-05
5.468377641493329987e-05
8.588049260774282970e-05
-1.792715411111911179e-04
-1.485405589652654692e-04
-1.043295409672870353e-04
-9.949370703785093270e-05
-5.533007007585606131e-05
-5.893778449660635674e-05
-6.500802502529463324e-05
-6.868244542545176232e-05
-3.043691191059879567e-05
-1.275748524619734967e-05
2.537410677241750453e-05
6.686537914233286290e-05
3.247890563855249622e-06
4.487935608508069425e-05
7.404134745479389089e-05
4.519693708302457242e-05
7.427595343210562128e-05
1.122280648186491699e-04
3.309307290942235845e-05
7.106858377565312100e-05
1.065413401336051278e-04
2.469037556064935298e-04
2.825194554277337842e-04
2.897360903678993264e-04
2.383755366424672060e-04
2.454140415883223096e-04
2.388715994143581932e-04
2.121258661153326312e-04
2.057082502701974456e-04
2.005955932031479251e-04
1.800328219374365156e-04
1.747296803000476730e-04
1.352639545641837692e-04
1.505342254017573368e-04
1.113173374162985062e-04
4.179076584600406380e-05
1.386257380202410793e-04
6.907463192087161035e-05
2.765916412628230837e-05
5.362365571395056934e-05
1.196684440529880312e-05
7.183047051678487140e-06
-2.194950814426901552e-05
-2.622809210499089114e-05
8.678796835383131934e-06
1.065234005744297155e-05
4.543972866996164603e-05
5.303150830616456222e-05
5.342545594940866513e-05
6.176565513772171688e-05
5.245678481891887868e-05
8.249075474043589783e-05
7.221885322373496974e-05
7.447787555321015935e-05
4.092820460222798074e-05
4.343161179604836325e-05
3.429500970127016520e-05
-3.239882212999138211e-03
-3.223402482088897660e-03
-3.206120739095648202e-03
8.600438190227329945e-05
7.731465239935631124e-05
9.254164692010778161e-05
1.012912610445272383e-04
1.163866480439533588e-04
1.585556841322017380e-04
1.023594021191452739e-04
1.443141758075711795e-04
1.831311839409002231e-04
1.149772091169638105e-04
1.537725494485178159e-04
2.050309967307051132e-04
1.604792943466284440e-04
2.118601086839710782e-04
1.025633291693331351e-04
2.652371594739755104e-04
1.559595593836085549e-04
1.566472883850851734e-04
6.095009030568615104e-05
6.149426466343493056e-05
1.073429879144963735e-04
-2.164281760104588750e-06
4.398287216846020163e-05
5.706915936798287285e-05
1.770084194251534456e-04
1.906962828002168025e-04
2.114416136338328578e-04
1.985907113635210480e-04
2.187674697653343536e-04
2.389759851362421080e-04
-4.922749868808783515e-05
-2.819675645103166851e-05
-1.092315383382749978e-04
-2.126879749843985871e-04
-2.928662893489611570e-04
-3.291094277514660933e-04
-2.911781484726816416e-04
-2.904940338339656591e-04
-2.898013335652649403e-04
-3.360883856657892466e-04
-3.353225765749812126e-04
-3.302366682465473179e-04
-3.793561772909015417e-04
-3.740445396534452203e-04
-3.707411767999884474e-04
-1.854188746211403698e-04
-1.825913739475664755e-04
-1.737249316641545620e-04
-4.006770566656497109e-04
-3.907541598885736194e-04
-3.893798837536007634e-04
-2.425713668338439193e-04
-2.413530581262886992e-04
-2.498652283933130449e-04
-1.848181253164068332e-04
-1.940284819241729921e-04
-1.764285075879575449e-04
-2.738333969276515192e-04
-2.559184463863180986e-04
-2.744009650908151542e-04
-2.915228502062069287e-04
-3.102393928114065801e-04
-2.629138788831388279e-04
-3.388077418915668403e-04
-2.915893591632103248e-04
-3.324701812885504353e-04
-2.257964251254653259e-04
-2.669576044495951522e-04
-2.053143007809576557e-04
-2.662005265079241383e-04
-2.045692427212652729e-04
-2.289788238044815696e-04
-6.380294990388957373e-04
-6.536570574894534982e-04
-6.517008901610362023e-04
-3.292605769047389481e-05
-3.954328218608593748e-05
-3.728086385249229439e-05
-1.755106082455577397e-04
-1.734103564552690372e-04
-1.224906770340720898e-04
-2.684358326399426445e-04
-2.169237738536293394e-04
-2.318879475339371741e-04
-1.222500756676862723e-04
-1.377137001824621141e-04
-1.528544385158910090e-04
-1.877750388800222456e-04
-2.028404273963986570e-04
-1.425603801630057478e-04
-2.954406959410278461e-04
-2.353035485151775265e-04
-2.045863790604302978e-04
-1.792533625975176171e-05
1.266051671197467097e-05
-4.338028119615136005e-05
-8.852074335237810525e-06
-6.497779722063659049e-05
-1.523202226962894201e-04
-8.823641436843989707e-05
-1.754130062181502581e-04
-1.525281172716862047e-04
-9.027295891428366303e-05
-6.762324346982523284e-05
-7.009405429496730897e-05
-1.362698299117258275e-04
-1.383756787029404359e-04
-9.999374927556328241e-05
-1.898626394315932112e-04
-1.519191010023858510e-04
-1.611258398673758680e-04
-3.059393657471444570e-04
-3.151590849205181772e-04
-2.878113656197794196e-04
-1.350956503932625825e-04
-1.073883241634004368e-04
-1.099392947484427810e-04
-1.668350806088453070e-05
-1.950462767618389129e-05
-3.935445233202544929e-05
-1.391212292710931300e-05
-3.385200211034161927e-05
-1.411036431091857585e-06
-5.169538594038231255e-05
-1.896287263953222099e-05
-2.860035256707895638e-05
-2.002361825027046925e-04
-2.097986036515035117e-04
-2.214104025795240885e-04
-5.995673218967247846e-05
-7.170537732850061716e-05
-5.044367610723080736e-05
-1.420737100004334933e-04
-1.211079074234172950e-04
-1.625066025501388316e-04
-1.514892796218797813e-04
-1.927032963924381142e-04
-2.272024916975897866e-04
-2.290984512858363991e-04
-2.636484327751350719e-04
-2.474653240219203956e-04
-2.386670301455531717e-05
-7.812142242489243530e-06
2.158956482534675806e-05
-9.044067813507081070e-05
-6.089489437354815246e-05
-2.723726267324261025e-05
-2.791916962777645341e-04
-2.451988830380464040e-04
-2.795021463433093730e-04
-3.573636486344361745e-04
-3.907987446771747772e-04
-4.062081926699216542e-04
-5.944106296084814624e-05
-7.617047880417211628e-05
-1.743404743691909426e-05
-3.398062900836999593e-04
-2.806779101557284632e-04
-3.300468262288794394e-04
-8.875155060749504083e-05
-1.384917151419521122e-04
-1.427201721952269247e-04
-1.158042752187774329e-04
-1.202581850946853330e-04
-7.588222347859483125e-05
-1.660803326074937751e-04
-1.216906485353429234e-04
-1.461645717352632776e-04
-1.081585606300104773e-04
-1.325657924024392263e-04
-1.302902722400929646e-04
-9.338401850238483106e-05
-9.102508676194957056e-05
-7.587310237866317459e-05
-9.499604249329677381e-05
-7.988052520957266518e-05
-6.392158478315454462e-05
-1.184167907020119352e-04
-1.020396427838457797e-04
-8.730390180042860377e-05
-5.181848807614622280e-04
-5.022941106106238764e-04
-4.848626834267760755e-04
-5.677498773346570599e-05
-4.096416369285538206e-05
-2.721819321904828744e-05
-1.002297197395946027e-04
-8.614544634055843549e-05
-1.263467093639437510e-04
-2.255627477383290787e-04
-2.658217527613405268e-04
-2.734608344222960166e-04
-3.779740328144643585e-04
-3.853823502037284068e-04
-2.612597630621540587e-04
-9.439487547628406963e-05
2.995930539614972336e-05
3.739098412662206542e-05
-1.917459608816090362e-05
-1.248039386954696525e-05
-3.020302217039444893e-05
-1.214612182483615029e-05
-2.992432388994076698e-05
-1.990300378546471481e-05
-8.443477970133700817e-05
-7.435325832356120233e-05
-5.110903355189864690e-05
-2.119044082954878692e-05
2.368134414876949239e-06
2.078628951984422941e-05
-2.025855944109082704e-04
-1.842692590567938731e-04
-1.652943510468825555e-04
-1.205011367115847514e-04
-1.019000383000597215e-04
-1.382695793591976342e-04
-6.221393867393581632e-05
-9.856808380676211688e-05
-1.122553549570991292e-04
1.280512203510314050e-04
1.144789748146170184e-04
1.025650160200429224e-04
-7.916653026270736729e-06
-1.970710971630168333e-05
8.365426861749078154e-06
-2.479395955405662693e-04
-2.194308216477995263e-04
-2.095698894718069983e-04
-1.909398014451628076e-04
-1.813550064125437689e-04
-1.765155409629633892e-04
-7.529418717784475807e-05
-6.895785352021365053e-05
-1.072189038075414651e-04
-1.119443566239616144e-04
-1.517162449579593890e-04
-1.676369398333983130e-04
-1.195795625369903796e-04
-1.358888517566876120e-04
-1.419024659673986293e-04
-3.025215233643458791e-04
-3.081329226381448365e-04
-2.640327495510773293e-04
5.104358993663217058e-05
9.532473064147964793e-05
1.185804735806965696e-04
5.630494119870520404e-06
2.802883821383206722e-05
5.580502553572709579e-05
7.479719491053460714e-05
1.027434359137883307e-04
9.680736449747552033e-05
6.200724098095501680e-05
5.638380291140843983e-05
6.853743580299739282e-05
1.877651729221941983e-04
1.996589959192958895e-04
2.246069634196326157e-04
1.582073560742599193e-04
1.829422835356533548e-04
2.020272151257647723e-04
1.771991664639651796e-04
1.963699616298815757e-04
2.096098283430395380e-04
6.979882906123907865e-05
8.311130983138659148e-05
1.058207974006700842e-04
1.130228006871251121e-04
1.358429992274660198e-04
1.208976692416151061e-04
1.899461469316202729e-04
1.753089974064757123e-04
1.747436472504833435e-04
-3.429200196281028843e-05
-3.493674736828862679e-05
-3.999331010636695801e-05
1.459540362992757653e-04
1.405309835761710149e-04
8.636096626889053695e-05
2.081981302107862057e-05
-3.324416447993274815e-05
-1.089734114039603795e-04
-4.908704251087271046e-06
-8.097925179488101857e-05
-1.237301212512422648e-04
6.262708033584913356e-05
2.006430893572975723e-05
8.283111962230929820e-05
-3.973954180963803649e-04
-3.324237885258900216e-04
-2.936600155544937321e-04
-1.498510025006513560e-03
-1.451807367370790310e-03
-1.415282469775569485e-03
-7.870175556627572247e-04
-7.586581451557994349e-04
-8.509840577977245560e-04
-3.910531923845828582e-04
-4.845454119282310715e-04
-5.129870971888372865e-04
-5.244882655466442814e-04
-5.524039863832364049e-04
-5.760973057852057742e-04
4.067895655845532154e-05
1.563556866925894858e-05
2.853044342839702809e-05
-1.324378740184872024e-04
-1.197635044308045522e-04
-1.107921080139660634e-04
-1.803263055124917642e-04
-1.712802577705317534e-04
-1.770173487262109019e-04
-4.782388523628198899e-04
-4.838269608103910185e-04
-4.871913303336576628e-04
-3.058795930360683896e-04
-3.095899197919742274e-04
-3.847986790348406150e-04
-2.471353406267688679e-04
-3.222851646129603698e-04
-3.438317445791788662e-04
-2.820967910808141544e-04
-3.036035861107982958e-04
-3.201475065566130175e-04
-4.293690664447374905e-04
-4.459752399838991656e-04
-3.981238296319656754e-04
-3.333275614642354175e-04
-3.205404178944676373e-04
-2.901728431308494248e-04
-3.593672269263564799e-04
-3.291032326953337826e-04
-3.270600398272426350e-04
-1.924783856222258519e-04
-1.902927586078793953e-04
-1.582044198156858550e-04
-1.430917298156918237e-04
-1.106375267708266841e-04
-1.226389371076239219e-04
-1.567121791166777478e-04
-1.690468137602893581e-04
-1.554698457576293887e-04
-9.379532399900386075e-05
-8.029456437639486202e-05
-7.568730106706356825e-05
-7.663670765310119995e-05
-7.167677867821043553e-05
-6.868737083083647143e-05
-2.036760812172535640e-04
-2.009668268418561186e-04
-1.880023188389191272e-04
-1.412792943573247160e-04
-1.283850721049407365e-04
-1.120624239532989387e-04
-4.403854687664011361e-04
-4.241180014773052783e-04
-4.129148995643830639e-04
-4.561044499254566283e-04
-4.445846401295042378e-04
-4.424516816092991770e-04
-3.517295093415654045e-04
-3.499392775288188398e-04
-3.274939863431915741e-04
-3.875856060935521066e-04
-3.648418260227605800e-04
-3.282169506128151796e-04
7.604914025154935046e-05
1.125249531178529479e-04
1.478965701103902202e-04
-6.741438148284413599e-06
2.914416704203400422e-05
4.350850154064976778e-05
-4.132025192615177821e-05
-2.789234772439664993e-05
1.032317632079153384e-05
6.886952119298660364e-05
1.075877848054844054e-04
1.478035899798597875e-04
7.452528043385624017e-05
1.145502954476725044e-04
1.448452713669754941e-04
2.562226091858257676e-05
5.651153705581206865e-05
8.368451495910036618e-05
-1.069823737485788386e-04
-7.855624311348450130e-05
-4.244214674231411213e-05
3.752540329726386124e-05
7.398892025689779526e-05
5.796034950861982072e-05
-2.093993551633954167e-04
-2.251646817651922349e-04
-2.233772171241935425e-04
-8.984939064731546675e-05
-8.885494717860185432e-05
-1.143270358163692439e-04
-4.352918691513832741e-04
-4.556557116750456775e-04
-4.695114764964326815e-04
-5.046171438600696463e-04
-5.204242623059198401e-04
-4.565998206642397136e-04
-3.097411516328599018e-05
2.803931778474371729e-05
6.687304438683628303e-05
2.381643461733184367e-04
2.765331245319494532e-04
1.863260282020129410e-04
2.274750967336395310e-04
1.376023015522442904e-04
1.123657297999758353e-04
2.804980846615956697e-05
2.378585557935022302e-06
-3.096456823266721540e-05
3.015682384885587592e-05
-2.753817917328842211e-06
-1.649168177785226112e-07
-1.878969040452656823e-04
-1.835795264548899480e-04
-1.515890752106585442e-04
1.640781411344839386e-04
1.938664219433761300e-04
2.534492359660069256e-04
3.318071787017018632e-04
3.912137917682846806e-04
4.161760696854538942e-04
2.530274195992822557e-04
2.780370730954668211e-04
2.836405176537757896e-04
3.291816199828385102e-04
3.347931772338872932e-04
3.642906841069563288e-04
3.884239297519618802e-04
4.177958827004405666e-04
4.274629188648297455e-04
2.535088088425911028e-04
2.636007863975002434e-04
2.636764620407981057e-04
4.055591248242464229e-06
4.877911109992601364e-06
-6.849981875923681022e-06
1.017967224331137914e-04
8.939818988198299432e-05
6.233155862645569116e-05
1.318489496746834042e-04
1.047581331360465553e-04
9.875159297464768636e-05
3.489525783945186701e-04
3.424717185562511836e-04
3.480174382933430241e-04
2.458557689688203787e-04
2.515368360694512592e-04
2.720812387406202357e-04
3.698365145031377540e-04
3.903489538925076227e-04
3.898158368844892329e-04
2.413814706369610827e-04
2.409218444388247526e-04
2.557251640955092030e-04
1.892267040109149611e-04
2.055955332597823458e-04
1.779944141842196401e-04
7.878772834186569029e-05
4.987568543104032833e-05
1.651257998573933336e-05
-2.984145241978068989e-05
-6.267245253284122256e-05
-4.870348367894198867e-05
1.308936022714093754e-04
1.440302306780764821e-04
1.543963367317781527e-04
1.046163682820448640e-04
1.149067461688981135e-04
1.166958178098893547e-04
1.717236805439905007e-04
1.735770134426302099e-04
1.794786590673617260e-04
1.418277030050403261e-04
1.477648844067595141e-04
1.688413594784924157e-04
2.127292760471469896e-04
2.350026606983282931e-04
2.694137002119810931e-04
7.720215762320545988e-05
1.111240927141176216e-04
8.560273938048706390e-05
-1.672565843798055722e-05
-4.249279361981823109e-05
-6.382723735137268420e-05
2.087485548311852012e-04
1.870559593620301831e-04
1.076223782874720196e-04
1.897380810654313910e-04
1.106058119475917915e-04
6.126501519732269283e-05
3.440795147398446711e-04
2.939516394556718768e-04
3.256004744203127134e-04
2.514730045598568284e-04
2.831332509545208100e-04
3.017964735449824238e-04
1.073208892508008662e-04
1.260829848292816186e-04
1.946517503691812907e-04
2.593194984769981110e-04
3.279173387435240601e-04
4.165310999587680833e-04
1.064419384225960118e-05
9.927725089709643885e-05
-3.937603996749452096e-06
1.932149859703648524e-04
9.014372937599248554e-05
8.104773117987700568e-05
1.892060378122521129e-04
1.801279821276132093e-04
1.205965678921011239e-04
-9.730962225408963098e-05
-1.551812013829085082e-04
-2.070117846228001091e-04
-3.264648815053984576e-06
-5.702458318358337615e-05
-6.010390502220620129e-05
-3.897415470367347930e-05
-4.132384351274599049e-05
-4.297328095764042311e-05
-7.845916702231992695e-05
-8.040028305605174475e-05
-7.123340364339277204e-05
-1.529738275136065619e-04
-1.435766494905434554e-04
-9.277307469528390822e-05
-2.277581985181055969e-04
-1.772359413480408376e-04
-1.456690989662146898e-04
-1.799993500499077028e-04
-1.487793671194649072e-04
-2.011243884621003852e-04
-2.091253446642494531e-04
-2.609307227825561747e-04
-2.762890324179710145e-04
-2.450448043813744769e-04
-2.608930478986979718e-04
-3.123433069321078503e-04
-2.894200986434401269e-04
-3.397342605511409486e-04
-3.719004468678656144e-04
1.506405880446794459e-04
1.172659160999421852e-04
1.589831605203901308e-04
2.242144391283661890e-05
6.427868503373906786e-05
7.927751542696737617e-05
7.499880449608758862e-05
8.964738484168433517e-05
1.332142134726851013e-04
7.934963471883916229e-05
1.231910288863687542e-04
1.441640584691450096e-04
1.414081350033043649e-04
1.623748053991258241e-04
1.948720620957487500e-04
-1.924808942983835839e-04
-1.598263459500572406e-04
-1.011400131957293372e-04
-3.760579947723958127e-05
2.103225002236060095e-05
8.855177361080380756e-05
1.321638296375363250e-04
1.995480204143557199e-04
-1.168094399702781453e-05
-1.807429428069856517e-04
-3.890462155578755738e-04
-3.223136840727078918e-04
-1.838659570677303673e-04
-1.200960209000754360e-04
-1.128205070788885025e-04
-4.107447998005795482e-04
-4.003424868504429726e-04
-3.088964551840435793e-04
1.163271064358702622e-05
1.003112008641946981e-04
2.374822866791225125e-04
1.331090641054797838e-04
2.697456289702392269e-04
1.474551170678149725e-04
2.151496078973001887e-04
9.434196526047697318e-05
-4.081294027530281074e-05
1.677147009023736979e-04
3.143309877812238209e-05
-9.549333924421170381e-05
-1.143705434482607079e-04
-2.405503809078882041e-04
-2.953942976804868528e-04
-7.818968594999113706e-05
-1.340829995373682328e-04
-9.788188879413322837e-05
-5.379882578185246535e-04
-4.954219647314192206e-04
-4.505348998895017214e-04
-1.553802838118539483e-05
2.258338540977710145e-05
2.820709603142484653e-05
-2.777115982771939380e-05
-2.215156739808127654e-05
-1.928710705465129711e-05
3.848077605967666981e-06
6.856863844632588847e-06
2.895941309252991454e-05
-3.878673166832379200e-05
-1.657386435108021720e-05
5.262489276911110981e-05
6.617893398361518161e-05
1.350426041518429051e-04
1.210159639320202828e-04
8.031114840387345655e-05
6.632427856836996087e-05
8.223426161351165544e-05
1.742584458859503926e-04
1.901700369177248217e-04
2.504662107543692215e-04
4.671433166152349483e-05
1.078236446932561918e-04
1.585206368269462588e-04
2.325830710919246300e-04
2.825417790824611189e-04
1.554441137319864186e-04
2.878257322969910207e-04
1.606189057544307264e-04
1.185389313996676062e-04
1.340801486709588619e-04
9.212854403638277997e-05
6.756569325758071697e-05
4.623859915052537669e-05
2.169954075312169350e-05
1.217467766563169458e-05
-1.140559894561588570e-04
-1.235105667930958440e-04
-1.151640469180714623e-04
-1.386208479937689518e-06
7.167094110481785118e-06
-6.702532003824448440e-05
-4.301863435845042628e-05
-1.171165047139379964e-04
-1.051361944949936284e-04
9.501053615398855653e-05
1.063697160613041209e-04
1.350469851684259442e-04
8.622140708451790972e-05
1.149115928353943122e-04
1.283364023587494805e-04
2.479982548609526881e-05
3.839738807108399412e-05
4.252198213058842598e-05
-3.794914786305132368e-05
-3.414172734786437573e-05
-1.008020311987035478e-05
-2.795337987784908833e-05
-3.875921302680005679e-06
-1.777003367894292268e-05
8.734115131970487033e-05
7.377906999320759979e-05
9.239692201341536521e-05
-1.018341778544426003e-04
-8.263980805671739698e-05
-3.821075849284860920e-05
-1.394640765970848811e-04
-9.560968216558430027e-05
-1.916741001957775322e-05
3.968576013992097546e-05
1.160114277892026189e-04
7.497197246725739381e-05
1.386616439132231358e-04
9.750232446554185292e-05
1.096135884926641006e-04
1.453863328470575943e-04
1.576530549845644850e-04
2.417699192863789217e-04
5.738916580406814997e-05
1.412626784275186078e-04
1.607090683605624185e-04
-5.568281130596130927e-05
-3.282019920199086803e-05
-6.451233875733974714e-07
6.764604891167113644e-05
9.852702290482994287e-05
1.323531863665737421e-04
2.372209922523441550e-04
2.694632816048868210e-04
2.985948740743154303e-04
2.236700050918914587e-04
2.531242280738481894e-04
3.052606306298397045e-04
2.921022897126206771e-04
3.437174281132168632e-04
3.850064986382222042e-04
2.850757126723177295e-04
3.262159171045368776e-04
3.352119865154944839e-04
4.286267958578264580e-04
4.373076416811071815e-04
4.640931072167895407e-04
4.326750249162413658e-04
4.595809803100146026e-04
5.146824413780202090e-04
4.412207997625536889e-04
4.961765525033776580e-04
6.067593630898036753e-04
4.600553956218142925e-04
5.708052039874010478e-04
6.837364164146775888e-04
6.070201770664416943e-04
7.200081565150240944e-04
8.468416852705359325e-04
6.696671154548595236e-04
7.963082969948828086e-04
7.822078956205241827e-04
6.776722364887773856e-04
6.635934010527871994e-04
4.653938957468036972e-04
6.425570650871687082e-04
4.441810450494651161e-04
1.503457346181579423e-04
4.443562210049841962e-04
1.511347103580095363e-04
-3.335915939016925258e-05
2.080394509895898891e-04
2.315634661288274365e-05
-8.039958846969394077e-05
-4.523972133240388794e-05
-1.487125649790265976e-04
-1.818488696152569992e-04
-8.400208970745889534e-05
-1.168167679133119328e-04
-1.140630544410690798e-04
-1.888017456075402243e-04
-1.861498664380654825e-04
-1.824760595700425489e-04
-3.116852809922441973e-04
-3.076727637453658239e-04
-2.414879026507544624e-04
2.938833014194840360e-05
9.471430809595106966e-05
1.222217427584152598e-06
9.246707037914960511e-05
-1.052014091965932470e-06
7.114651372467942713e-05
-2.030712327966291495e-04
-1.305001322943919134e-04
-6.885971379213900144e-05
4.430879481879837988e-05
1.056618857548671884e-04
1.727308026643222774e-04
-1.949213765309125955e-05
4.739236283467473639e-05
1.756876425185486743e-05
-4.216262641011414873e-05
-7.180103731973782114e-05
-9.524366634744066808e-05
1.967683970911546058e-04
1.733359107483659306e-04
1.566374019887594436e-04
2.011535992814708867e-04
1.843292528349270974e-04
1.915163814482977265e-04
-1.236870986474381830e-04
-1.163511767008575028e-04
-9.009325637342001760e-05
6.869345116864420710e-05
9.488460730901394522e-05
6.961531917056793537e-05
1.100737800090614382e-04
8.506009626160169210e-05
1.568817356695195969e-04
1.807631168952656743e-04
2.527232759842424031e-04
2.324916160655537490e-04
1.578026836279391608e-05
-4.899976170681988839e-06
-2.141977946923552794e-05
4.961854140175076758e-05
3.310141565559924798e-05
2.225545147308937832e-05
1.872997327989460187e-05
7.773589164631884534e-06
2.161626041040170219e-06
6.329610157633058353e-05
5.756452170956169370e-05
7.800825685663238807e-05
4.010449353429709676e-05
6.066141347801402850e-05
1.103481212352969425e-04
5.329814437246040149e-05
1.029218423368044870e-04
7.189912156875869192e-05
6.579635592192492654e-05
3.481289622116526521e-05
-5.051996517012194779e-06
2.089776973586871282e-04
1.692502474598415931e-04
1.435117247850518289e-04
1.180704340059139570e-04
9.212648194384533791e-05
7.354029231499195889e-05
6.492967997778911022e-05
4.649322955663562611e-05
7.988021259345266280e-05
1.948937143459231452e-05
5.268317779675278124e-05
7.557920049699237003e-05
3.013946714028868136e-05
5.329217107324143304e-05
6.039448744611956507e-05
8.161660095034380807e-05
8.869106495747484595e-05
1.151829546280708433e-04
7.473039404483653933e-05
1.009728638884183289e-04
9.301290694447932571e-05
7.036154232551718960e-05
6.291122255670605033e-05
7.493710637826022248e-05
8.472844339730916351e-05
9.673273217666443925e-05
1.154337045670400367e-04
1.303882998534246955e-04
1.497220622775058256e-04
1.924928020124903817e-04
1.568500851214776740e-04
1.986719817759117980e-04
2.067742943213306630e-04
1.702365935451931257e-04
1.785855610537328089e-04
1.397752451336130297e-04
-3.113569570876752613e-03
-3.126788903228181621e-03
-3.097463735403175808e-03
1.860365112403526699e-04
1.894214931869325920e-04
2.209668716047962162e-04
2.144930752453772112e-04
2.458990899710987660e-04
2.381081774217512861e-04
2.317592704300840351e-04
2.237606438427668467e-04
2.095770274129830869e-04
1.963936281242844120e-04
1.821895662536047967e-04
1.712554952959434592e-04
1.836953693376057418e-04
1.728622159120531284e-04
1.627887002975544027e-04
2.303537625252173745e-04
2.203260708917727760e-04
1.833431337892934285e-04
1.261053738268887690e-04
8.898752591832723245e-05
1.207141567130308002e-04
2.447166796102370843e-05
5.649885401285396512e-05
1.066643729258811690e-04
1.946006913778107017e-04
2.452476313023379661e-04
2.524197037727108814e-04
2.368606204085535027e-04
2.436145144910088398e-04
2.467278534960589548e-04
-2.481680769245115737e-05
-2.074915408672474426e-05
-4.144142304650491647e-05
-1.935391484811314206e-04
-2.135383679262453931e-04
-1.849707715166580275e-04
1.084847767640745027e-04
1.352321614092368289e-04
1.865145463507574789e-04
8.285070900341157162e-05
1.342346372093957655e-04
1.402957120586951806e-04
8.812805796153366485e-05
9.443319753304324883e-05
-2.442627128464624955e-05
2.827434643546884491e-04
1.633559647410224311e-04
2.611180416808974651e-04
-3.186090298247978760e-05
6.678690538160025154e-05
8.017853683066274465e-05
1.979319377371621040e-04
2.113786045296182805e-04
2.145859282200269840e-04
2.611353279857030088e-04
2.635681114361666582e-04
2.627376898333918815e-04
1.752823984452568434e-04
1.749046869252365594e-04
1.493260216643678634e-04
1.480664150465768342e-04
1.221481080842780559e-04
2.440705259052140027e-05
9.948879701323980976e-05
1.687496590437715348e-06
2.506142848614673372e-05
6.414024221432430058e-05
8.725555747259478327e-05
1.607660853694855814e-04
9.677966957423906084e-05
1.702107440139829760e-04
1.354653502268724375e-04
-2.628695617970347757e-04
-2.887584853531785078e-04
-2.572181765735485101e-04
3.184558079148650401e-04
3.413899757852442121e-04
1.748087355223004930e-04
2.176346097094602442e-04
5.087609073924694589e-05
-1.391035040054200401e-05
-4.932085963119890162e-05
-1.134982885667654704e-04
-1.574805299978371655e-04
-1.165192226092992534e-05
-5.611011318337581506e-05
-8.162231307991263396e-05
-1.197421751211997067e-04
-1.450858056317311240e-04
-1.406275733940153677e-04
-2.277551196287613822e-04
-2.235575995042770464e-04
-2.008390318957821235e-04
-3.770303130879934517e-06
1.872692984699152858e-05
5.116787856499090646e-05
-1.084771327504075616e-05
2.161018842419966911e-05
5.619554517287408892e-05
3.657868956759421572e-06
3.838237111884748522e-05
7.916962331413546824e-05
1.247857211153919059e-04
1.653798621196418467e-04
2.256335412787290723e-04
8.251814997541973614e-05
1.431082403107563467e-04
2.077010048259721100e-04
9.479211280653425170e-05
1.589368092999533712e-04
2.228198431696998814e-04
9.586676157519310668e-06
7.346048411301103623e-05
-8.450184598643407322e-06
2.586777268009516338e-04
1.771313652870393543e-04
1.431024762028781688e-04
2.701055525694190710e-04
2.358151000849856055e-04
2.058281241072724955e-04
2.378479226068546987e-04
2.077709357574965255e-04
2.545046191417568130e-04
1.924486421369399325e-04
2.394672229175411862e-04
2.664321546476423885e-04
5.797260752757571163e-05
8.501085908255504031e-05
1.176929767757079761e-04
2.357688754714183654e-04
2.683274474042824666e-04
3.165423923539388952e-04
1.926211666363648336e-04
2.405339556182194529e-04
2.977767188505055186e-04
2.120847867237795172e-04
2.695065530652897235e-04
3.501639548540932696e-04
2.282564863499970910e-04
3.088711346118596952e-04
3.700881726024608321e-04
5.491475931104158621e-04
6.102333018850703917e-04
3.257117166466802168e-04
5.315677127134922153e-04
2.471871846463788111e-04
2.692357232080105607e-04
2.286737413297181909e-05
4.523398118170759725e-05
-3.479443804260131615e-05
-6.679938062017002059e-05
-1.459725837865078141e-04
-1.430753669982578959e-04
1.890199480751364241e-04
1.906207711154792104e-04
2.220308383682884339e-04
-8.365014733763303416e-05
-5.186463339597433171e-05
-8.488933961996750427e-05
1.541097085562676255e-04
1.207310415462596576e-04
1.159886771482309081e-04
1.405198563712654869e-04
1.355663582351883628e-04
1.792365929495883447e-04
8.854190238238179465e-05
1.322526205249470932e-04
8.343813314216517660e-05
1.513983571121809346e-04
1.026150399318181798e-04
9.133492408520309594e-05
1.456621226586618349e-04
1.343727226901310530e-04
1.341719203730870288e-04
1.249727238734695163e-04
1.248273789053607982e-04
1.334953226982515517e-04
6.815936883071551733e-05
7.729279928793126968e-05
1.017456728355343402e-04
-3.164514532177809415e-04
-2.908718539778758824e-04
-2.677651880949709091e-04
1.460299593950937450e-04
1.675171862879794565e-04
2.277412001192920146e-04
1.114269454555612531e-04
1.719697771976121006e-04
1.600511240163100552e-04
2.960233692176418878e-05
1.765235346697546955e-05
7.434866957441518690e-05
-8.512130453295729642e-05
-2.820764101966669176e-05
5.372924224438153668e-06
2.432399293927530446e-04
2.769961217017490496e-04
3.226047289381383555e-04
2.405211932090688576e-04
2.854361106465219157e-04
3.381003781437287104e-04
2.848156024292691248e-04
3.374288800155157220e-04
3.738859814691192088e-04
2.692870049254382026e-04
3.060111922311431346e-04
3.516318617707291398e-04
3.778269893589264331e-04
4.235014864329421673e-04
4.179836163635705605e-04
2.078352487964728627e-04
2.022360189690594568e-04
1.840220066152297882e-04
2.671727765224282637e-04
2.486232261072629122e-04
2.228383188450087145e-04
2.969430061422073273e-04
2.711238436715055541e-04
2.436687647620924650e-04
4.966626244678471521e-04
4.693591546872408031e-04
5.376432036461173056e-04
3.321227706526183425e-04
4.004608872525258420e-04
4.677603408444098868e-04
1.737826041823117493e-04
2.415423639566994943e-04
2.683731102621992465e-04
2.663149623648620882e-04
2.928282731915702458e-04
3.191836715920735217e-04
4.478084986801137563e-04
4.749498460221011258e-04
4.834933606256357859e-04
3.954384140449483014e-04
4.032811666187457273e-04
2.721491075854631748e-04
4.338850084972194860e-04
3.023485517397406187e-04
2.324374703995651633e-04
1.455244239687802877e-04
7.599646545273727478e-05
1.592840592275158920e-05
4.324716696238844723e-04
3.726119207603928582e-04
2.244601116108316361e-04
2.818895550481115416e-04
1.328830100537817358e-04
6.928653762807021003e-05
1.759843423205967425e-04
1.125732612948946105e-04
2.227271562007152690e-04
8.180067540743270974e-05
1.922675092502393974e-04
1.623771034104120226e-04
3.231947721944087399e-04
2.929741251903888078e-04
2.543029795172523891e-04
2.457686580640565843e-04
2.069385690968383287e-04
2.181248887436380238e-04
2.008257387909006511e-04
2.120997118990784139e-04
2.325831487191554452e-04
8.247907269922174524e-05
1.030284369712408925e-04
7.384013285617417989e-05
1.491297920815360094e-04
1.199697914415884703e-04
1.670684207333780215e-04
1.490420005865309328e-04
1.964887116905830191e-04
3.263425208572888047e-04
8.229765673795205391e-08
1.299042381290936143e-04
7.869444979201887288e-05
3.049338886924677760e-04
2.534091823579359476e-04
2.371102582354963663e-04
1.442424168888095442e-04
1.279989937710509541e-04
1.119431319233456018e-04
1.508042896556601765e-04
1.344105323363521459e-04
1.481403615341071777e-04
2.825377589027823272e-04
2.964519972462688379e-04
3.257345675548117912e-04
-1.020327308199818440e-04
-7.047306226458881738e-05
-2.137777318301972013e-05
-1.197382283321437582e-03
-1.140129132355185114e-03
-1.145482493995690892e-03
-5.431143419543224202e-04
-5.569535656487590658e-04
-5.556814427242221183e-04
-1.810863846568412172e-04
-1.809392411947788543e-04
-1.125232942783526693e-04
-2.504764994361044711e-04
-1.814980918922714506e-04
-1.467965034031932983e-05
4.313367476654917385e-04
5.968449274943240937e-04
4.275830014281979891e-04
4.528912265951775965e-04
2.833294292119405361e-04
2.344152877340113382e-04
2.171969116804263683e-04
1.683037540642564754e-04
1.577215477097470122e-04
-1.308363293064738054e-04
-1.412303502932500286e-04
-2.404230940154999463e-04
3.505556711178904345e-05
-6.448412337333559678e-05
-6.450928008781549143e-05
-3.125827293774482464e-06
-3.094289746524659865e-06
-3.183298963800221910e-05
3.160367527378919912e-05
2.866110431699452499e-06
-1.537270878959644737e-05
-1.121954176177099370e-04
-1.304341495275144667e-04
-9.385660584029922393e-05
-6.280223175469983521e-05
-2.605751566534111408e-05
7.473378249683225406e-05
-6.468854322974750904e-05
3.592740435392403854e-05
1.301950381562763659e-04
1.745213874919041420e-04
2.689737724099958149e-04
1.943284743390421795e-04
3.236600735650116412e-04
2.493953080772797989e-04
2.354852932174693065e-04
2.070414058323393988e-04
1.928565780534411984e-04
1.888386792407586740e-04
2.633124404954727011e-04
2.591298431062355207e-04
2.849157001154140533e-04
2.472399097305938171e-04
2.734830315719933213e-04
3.370069194379140881e-04
1.528171680664286913e-04
2.159606543163647202e-04
2.649209365072053126e-04
2.711744623984088448e-04
3.200833472246628454e-04
3.923663972528705765e-04
1.966089087634796412e-05
9.186134423371948490e-05
2.466523350146736454e-04
5.681870254930652866e-05
2.119056210783447575e-04
-1.224107861999058390e-05
3.037055051815833401e-04
7.918010644134497976e-05
-5.897974051460820252e-05
3.307876588296509122e-05
-1.047453392848392111e-04
-1.520530497292551402e-04
3.388897107479142863e-04
2.914837748757068809e-04
2.959095744688159031e-04
1.615391227313753958e-04
1.663615274980759424e-04
1.989612874010855095e-04
1.119852985527461571e-04
1.437653781747722762e-04
2.051551475917836806e-04
2.298198896594622867e-04
2.916358264658516428e-04
3.188520386099069409e-04
2.777723477950235983e-04
3.049775004835053377e-04
3.158442153671155465e-04
2.029353818140178017e-04
2.142691113130519879e-04
2.254094330048316257e-04
4.831272541371684198e-05
6.069583887365992241e-05
6.293832353245723977e-05
1.321893983906262653e-04
1.354369838342468811e-04
9.305177564366488418e-05
-8.763057616609822974e-05
-1.302526022251066689e-04
-1.635518139238060728e-04
-1.723916893259854356e-05
-5.146004073420179037e-05
-4.977835718048153170e-05
-4.122452675374747529e-04
-4.054069090957695032e-04
-3.683607412752450475e-04
-4.320692774231487299e-04
-3.970546733838261136e-04
-3.529316980349125454e-04
1.028009953658341399e-04
1.422044353602228573e-04
9.528163896479737100e-05
3.434542943067623189e-04
2.959828616033969456e-04
2.667867975308487382e-04
2.369938356017423802e-04
2.080996946663523283e-04
1.815282430762581514e-04
1.022852102526391116e-04
7.539090987128838767e-05
1.044593684280127588e-04
1.175886118581674980e-04
1.469678702203393284e-04
2.110393378774675375e-04
-3.987892503870424593e-05
2.602384294225301795e-05
2.720355014981410899e-05
3.703808451195287352e-04
3.692807910797529618e-04
3.814809865770245161e-04
4.993544877893402005e-04
5.114278942682163979e-04
5.066066255262840308e-04
3.770402077106142606e-04
3.722350388438926778e-04
3.990947406566955997e-04
4.275611804355421803e-04
4.544509683330797507e-04
4.763394950011030351e-04
5.041333642441567882e-04
5.258756114223257219e-04
5.032546176155111052e-04
3.749286602420948957e-04
3.527417100487755842e-04
3.577288504203124863e-04
7.690251713958701565e-05
8.262126960114528958e-05
8.889484893367623815e-05
1.737123590174405796e-04
1.792956245953682614e-04
1.913859204420120764e-04
2.383903702611569119e-04
2.505771453057647992e-04
2.608653578934675647e-04
4.861887399953090895e-04
4.959047640002748562e-04
4.968951657288814836e-04
3.924381874529129458e-04
3.935479148863921814e-04
3.031045867377048664e-04
5.168432512660617881e-04
4.264001050163148277e-04
3.646486198083597158e-04
2.750257058781659537e-04
2.133287394206139181e-04
1.633285391643217693e-04
1.402492248705687855e-04
9.209930063556348188e-05
1.532266979963402644e-04
-3.021705564711774485e-05
2.967147896260725415e-05
1.954422800236524762e-04
-2.818862400754583919e-05
1.377556067791910590e-04
6.959780911537909870e-05
3.283874716044546784e-04
2.593773682657172716e-04
2.192838285162489013e-04
2.141397711876323259e-04
1.740310101348350839e-04
1.636617698955896132e-04
2.413855684033970432e-04
2.310431909996631377e-04
2.254842783763428898e-04
1.997535173564764493e-04
1.942425096380879851e-04
1.920904137203091090e-04
2.762449093602021904e-04
2.750108064626896089e-04
3.170728359849454966e-04
8.839803510434863024e-05
1.302822838782595602e-04
1.882092499342110769e-04
5.253305077858468584e-06
6.287599058638483444e-05
1.541971876086116033e-04
3.148490966465619222e-04
4.057907797196328836e-04
3.734326482408570824e-04
4.075983895254701572e-04
3.755410170306342421e-04
3.447106814952749509e-04
6.141149978539098752e-04
5.825299426966412675e-04
5.648438194316477388e-04
5.419434842430237431e-04
5.242666296385359824e-04
5.111270355379672094e-04
3.417003202616833955e-04
3.286984964185391857e-04
2.925050478328097402e-04
4.637129266890694691e-04
4.275398362327445089e-04
3.619815905517892083e-04
1.116376636449325620e-04
4.607380820065672599e-05
8.198277842975910338e-05
1.455791642479592105e-04
1.816233799771940294e-04
2.296815148234551598e-04
2.842368068385472480e-04
3.323013881832545448e-04
4.912225191646298322e-04
5.902270662190372240e-05
2.196739730124404582e-04
3.341127840215657842e-04
3.580254048273941430e-04
4.704898992898260248e-04
4.739915217144082156e-04
5.023320218427424324e-04
5.065258497709075776e-04
5.027339128567548127e-04
4.590547956397424308e-04
4.549980429722638459e-04
3.299109738970456814e-04
3.935823541390420528e-04
2.685642902458368038e-04
1.694600002053534959e-04
1.660781780908165669e-04
6.679914865227102976e-05
-4.027735895870696373e-06
6.986052237035393457e-05
-1.250764809010993309e-06
-5.603376099814995001e-06
-4.700413997045017368e-05
-5.091419841532908268e-05
-3.970118992747712506e-05
-5.393989083727203197e-05
-4.319824798749733342e-05
-9.426808366009859635e-06
-6.231055882545161618e-05
-2.732682825011935671e-05
-8.531253033501108064e-05
4.601734277355318085e-04
4.009759731176587485e-04
4.194366688674708776e-04
3.015126648294086300e-04
3.201343629693074100e-04
3.347926149048671392e-04
3.334740017957447044e-04
3.477698382825419572e-04
4.298565771433106265e-04
3.326926862259224323e-04
4.149779714180669389e-04
3.477125507724034004e-04
4.431072746638721428e-04
3.758546014959486536e-04
3.226651090422068247e-04
1.104114262298963589e-05
-4.190172397146183164e-05
-8.191778785974622879e-05
7.770748131362539618e-05
3.758958312257288780e-05
1.211646621941024973e-04
1.520824514286881575e-04
2.355479836823786213e-04
3.641036728105400896e-04
-1.901432088216399238e-04
-5.871470969292472836e-05
8.748053209492185744e-05
2.049341837583934164e-04
3.481611258779577318e-04
-3.641280284320683527e-06
6.578182205193856390e-05
-2.827348780670964432e-04
-2.419643699611767683e-04
1.074239717012441444e-04
1.452807498209879246e-04
1.876108315041124727e-04
1.746948271103904095e-04
2.166224610259592440e-04
1.488588332170801606e-04
1.268679359195589926e-04
6.064675291722588200e-05
1.254089522668657601e-05
1.856091421535419669e-04
1.362326694329225808e-04
1.129330765312772577e-04
-2.817262782222094237e-05
-5.078749490471069165e-05
3.813580469106238671e-07
1.201643015580486839e-04
1.703621343103115362e-04
2.525546061571128879e-04
-3.368604415237094361e-04
-2.474166921109519687e-04
-3.331027708305646308e-04
3.403264473655633841e-04
2.469204029943193666e-04
2.062507467111559059e-04
1.912377176517020337e-04
1.505749735282720472e-04
1.167945495894579075e-04
1.834112247219295646e-04
1.497606911784438275e-04
1.787021200427620646e-04
1.078629041644213579e-04
1.370036360597073075e-04
2.035994290754587570e-04
2.068380298580809471e-04
2.730295852207035938e-04
2.446890535010215668e-04
2.214176817479000608e-04
1.931299152728360919e-04
2.183661158367695954e-04
2.986095746690598158e-04
3.238168096457312551e-04
3.521747101660529372e-04
2.010067578110548404e-04
2.301786415375480649e-04
2.685475453932376815e-04
3.383128176539847848e-04
3.759576036559956385e-04
4.067336137096919492e-04
3.831459732924195243e-04
4.138202072510086373e-04
4.523913288016472717e-04
3.895891365401968733e-04
4.282791181344208081e-04
5.315491142619426564e-04
3.732047901598405798e-04
4.765222400829221324e-04
4.506639779016436862e-04
3.323551062431211785e-04
3.065210584487827348e-04
2.846307527454488900e-04
4.405832841463448333e-04
4.189589437976398495e-04
3.892316271298763234e-04
3.668964839255356219e-04
3.372260652463150103e-04
3.469024881127655453e-04
5.524317602316581536e-04
5.614876457770254410e-04
5.706073321787684264e-04
5.447064389813125081e-04
5.538445899444908874e-04
5.369274616109089796e-04
4.657768901095536576e-04
4.490269414540728424e-04
4.444620846275772587e-04
4.826434226865297054e-04
4.778186322742674188e-04
4.744277154922359099e-04
3.657892940769504444e-04
3.623536447075069358e-04
3.902797673011247593e-04
4.416929129755929519e-04
4.700245828947101313e-04
4.705869853058809900e-04
3.141221734343145567e-04
3.152187038939426207e-04
3.227142617040930622e-04
2.505423383116702103e-04
2.574063721047399871e-04
2.136300783096761529e-04
3.950554266273660891e-04
3.511851274599270050e-04
3.508351234352000744e-04
3.732930664629624312e-04
3.728275929908984095e-04
3.686076507881140074e-04
4.179917320009105593e-04
4.138805944682886562e-04
3.706242605014540203e-04
3.114105476276805362e-04
2.679583885376177676e-04
2.209043255589789295e-04
7.018825632006152945e-05
2.649655887408913606e-05
-6.361325279402455304e-06
1.529968527193999433e-04
1.187875321986499224e-04
1.178530810932801602e-04
2.289674602136361394e-04
2.265847588489936231e-04
2.192720814839499693e-04
1.801452026768760322e-04
1.730501492040726046e-04
1.706022858353289885e-04
2.112200265748920541e-04
2.082785040339413208e-04
2.345536278159732831e-04
1.604953840807038469e-04
1.866769827035630954e-04
1.842506837306609078e-04
2.928488912591154588e-04
2.900914052475308700e-04
3.061233474026781812e-04
2.837432923002233430e-04
2.999218450012964502e-04
3.333997749665239068e-04
2.800139664058921233e-04
3.133422881306567403e-04
3.810710097856538116e-04
2.748333365831011148e-04
3.427532995080293833e-04
4.019093665792585835e-04
3.889372221853302537e-04
4.480155529254095182e-04
5.088871126894319724e-04
3.885618260628522858e-04
4.493576431081110906e-04
5.796266159340402856e-04
3.258486409571433734e-04
4.560982597358188406e-04
5.392984478527527254e-04
4.413987298793754354e-04
5.244555234236489933e-04
6.799999396330275604e-04
5.118659339638274115e-04
6.679254006607987949e-04
5.746984502861569996e-04
7.351808603866555759e-04
6.416563524494241352e-04
5.383463372287013290e-04
5.677480481194625969e-04
4.645311069485404251e-04
3.341459457441713380e-04
5.377603024986245392e-04
4.076964766863282489e-04
2.830760797820975391e-04
3.197391713182922172e-04
1.950849266592403260e-04
1.480546661470112527e-04
7.503651546873052990e-05
2.828646663613888865e-05
-5.205648180791987286e-05
3.790476793939274872e-04
2.978348902170930971e-04
2.815130227549587244e-04
2.911883320403669943e-04
2.748408095516850108e-04
2.093839786335094594e-04
6.585227119053051409e-05
7.675764004899882434e-07
-4.751662801849565725e-05
1.812344336736215972e-04
1.326720693950457193e-04
1.592759985897541355e-04
1.014111601849176664e-05
3.655092266405376902e-05
1.423890612345297436e-04
-4.866849806142595301e-05
5.736780849062992141e-05
3.804151220068951967e-05
3.219099130505804519e-04
3.025845626351298940e-04
3.241163790013375820e-04
3.268348418740431023e-04
3.482606548137697519e-04
4.086515228509404957e-04
3.796699408178358685e-05
9.850590602853012082e-05
1.614780241632208504e-04
2.890770311596305370e-04
3.519512876644104995e-04
4.279964319373289350e-04
3.689201159411415734e-04
4.452391709144035582e-04
3.361358908340498575e-04
5.422288209608564381e-04
4.332267276230431863e-04
3.681408240018382069e-04
1.923877939451649555e-04
1.268817183236561116e-04
1.814992941635999507e-04
1.862113319012306031e-04
2.408578078448179787e-04
3.286468438967948217e-04
2.207980800140056437e-04
3.084488437674825449e-04
3.119773349886999312e-04
3.657899381291007061e-04
3.691979103883967581e-04
3.871924004208933444e-04
-2.116892797598414987e-04
-2.306954975912625997e-04
-2.297452053304391783e-04
-2.404569223264510839e-04
-2.395748203403877895e-04
-1.413690260180724295e-04
-3.453941359659930016e-06
9.475290433853068633e-05
5.776027095334366741e-05
-3.779168686595323848e-06
-4.059868157428926942e-05
-6.572584802609464372e-05
-9.609994818975455281e-05
-1.213951019509561940e-04
-1.235125092084030833e-04
-1.451881963931821867e-04
-1.471852302078600254e-04
-1.533805085612120484e-04
-1.730920485446672168e-04
-1.794797032173382496e-04
-1.742405717854062527e-04
-2.035754629443990444e-04
-1.980583171720290989e-04
-1.605182658923299741e-04
-1.656300580256293029e-04
-1.281318871579574178e-04
-1.200882568039061358e-04
-1.419256330510111283e-04
-1.341456834008978400e-04
-1.591039614019440691e-04
-1.634140960188643727e-04
-1.878657636431502382e-04
-1.983962081537442301e-04
-1.883993823745744507e-04
-1.988441743121342753e-04
-2.726653474383056164e-04
-1.358249371803225969e-04
-2.090985944960266352e-04
-2.075492811854928732e-04
-2.107708860421553254e-04
-2.101896243402734399e-04
-2.095970994560047984e-04
-2.340605278732255101e-04
-2.332235308131203055e-04
-2.323704684386029840e-04
-3.520671511068940163e-03
-3.494132077321410179e-03
-3.467418486252427101e-03
-1.971117453649640083e-04
-1.964234106708317995e-04
-1.957221102202311158e-04
-1.651926577324047685e-04
-1.646352757234126329e-04
-1.640714908717200160e-04
-1.798253360902890563e-04
-1.794642012100666761e-04
-1.125668379204494490e-04
-2.002078981604427099e-04
-1.333137799479214086e-04
-1.651904076778150181e-04
-1.406612602254522575e-04
-1.724692320192984323e-04
-1.870035771492501700e-04
-1.127528721906996350e-04
-1.272268414243688786e-04
-1.460252824472263455e-04
-2.167326597476011121e-04
-2.356374461669474840e-04
-2.352294395677745342e-04
-3.025251207873225212e-04
-3.018241550307720900e-04
-2.670168061467790167e-04
-1.712595694698393345e-04
-1.359587360366218845e-04
-3.136840355201967021e-05
-1.796872966224327683e-04
-1.551648708443589255e-04
-7.138401359852133607e-05
-4.455994746565319345e-04
-3.605645915639746303e-04
-3.764192150309989904e-04
-1.628116306063878379e-04
-1.795109345447580074e-04
-1.511333184447622769e-04
-1.935676480979035352e-04
-1.658483897466695779e-04
-1.574626399463095446e-04
-2.262021962218469851e-04
-2.176404555587150831e-04
-2.530307152375508347e-04
-2.684420356320269809e-04
-3.035625610101897517e-04
-3.028238878400922140e-04
-1.129556381676275530e-04
-1.128196616705432988e-04
-1.141693898342276538e-04
-2.905785093830824217e-04
-2.911735897749388865e-04
-2.928162400492005115e-04
-1.683416591357166493e-04
-1.697455706887416606e-04
-1.699705368513167929e-04
-1.300732808301694756e-04
-1.311382126435563992e-04
-1.134645652411958594e-04
-2.210854778671563696e-04
-2.029017858360415716e-04
-1.524901418445138350e-04
-2.280370470755255241e-04
-1.780066923668114558e-04
-1.416692455339765616e-04
-1.920048781169084921e-04
-1.556900740641689368e-04
-1.440980294265705570e-04
-9.467226369712115007e-05
-8.333097766273798784e-05
-5.187437676120408830e-05
-7.321696002156617483e-05
-4.184417815174766835e-05
2.414968819602512570e-05
-4.732009842269481069e-04
-3.983313227047852352e-04
-3.351451036133106572e-04
1.961717780238308832e-04
2.507446821118470507e-04
2.963865274569013348e-04
1.391613601162795203e-04
1.846188981790089240e-04
-2.198706512385263157e-05
8.353199632894184497e-05
-1.224632521956156106e-04
-1.848460083119477133e-04
-1.541112739172979308e-05
-7.824144221282553315e-05
-5.836275963104877243e-05
-1.594915952291245560e-04
-1.393223691078982092e-04
-1.348798458619191300e-04
-2.122296180854699350e-04
-2.081998744668587099e-04
-2.489170693739128936e-04
1.422277375439563881e-05
-2.673500796712914758e-05
-3.953631610144101136e-05
-6.138374385822544150e-05
-7.413521168288014882e-05
-6.468912316710759291e-05
-8.534580344800077431e-05
-7.579460644853372464e-05
-3.803048496075196283e-05
1.158191743082295766e-05
4.920018507227079852e-05
5.584961027112287507e-05
-5.053274837728811519e-05
-4.360872853807675614e-05
-3.177950749864966694e-05
-8.226660438607948794e-05
-7.082852427607567135e-05
-1.027195686088562109e-05
-2.210274415299499137e-04
-1.605071083836784969e-04
-1.597562240308141837e-04
2.979896816345244549e-05
3.091491641365079783e-05
1.588061873136989454e-05
1.252336060756826272e-04
1.099397822612614153e-04
1.191185785386300144e-04
1.098919937716514585e-04
1.189782907998709438e-04
1.416286525929327702e-04
1.047162133430650888e-04
1.276490714664552009e-04
1.734376686087234806e-04
-4.871812566109191421e-05
-2.859541082532804108e-06
1.552691379680848534e-05
1.488265964595957588e-04
1.671059201390258115e-04
1.980651188476580961e-04
8.278570591125256235e-05
1.134390160858269616e-04
9.603315449545460391e-05
8.893546803832164246e-05
7.170425853452014374e-05
2.386416300189677080e-05
2.465200852362739491e-05
-2.320837237882432142e-05
-4.806372877221105270e-05
2.154969849541224112e-04
1.904953672607753647e-04
1.902948782475656869e-04
1.140423076691895945e-04
1.139777953898525836e-04
1.077180704086335686e-04
-1.112585966080435512e-04
-1.172006605557849321e-04
-3.527812063511010648e-05
-2.290540733739485654e-04
-1.462993676290243530e-04
-1.531514447185388208e-04
1.901470606350012457e-04
1.820103259172113240e-04
9.272869577395942680e-05
-1.038578505165120959e-04
-1.928111457964663518e-04
-2.268766562911907322e-04
2.751451323271942011e-05
-6.852876743417430630e-06
9.269905642910966376e-05
9.097637609462987671e-06
1.084498020897350619e-04
1.959412213092451673e-04
6.147210154055723647e-05
1.490235183065538984e-04
7.468648135916018281e-05
1.701946777667632084e-04
9.586730329108112845e-05
7.982751904990768909e-05
1.472605933414089063e-04
1.311779100541422415e-04
1.043813459877836322e-04
9.194257446686472483e-05
2.509509144303160287e-05
4.728485457613249097e-06
-5.234950291040582084e-05
-7.219858458264253589e-05
-7.399192416804379929e-05
-4.391105751506843373e-04
-4.398149803676316538e-04
-4.155923357558399616e-04
-1.253947719695515145e-05
1.005800952213255781e-05
4.816373458486032655e-05
-4.699002381870152336e-05
-8.554275870509622792e-06
-3.598448321799851924e-05
-1.479904656542466862e-04
-1.754533420514232662e-04
-2.095092752851278122e-04
-2.685688648104584959e-04
-3.024200525968998932e-04
-3.090324296051662114e-04
-5.069495482795988877e-05
-5.719331758041192558e-05
-3.833494076349502140e-05
-8.249538742415864732e-05
-6.427800792113607460e-05
-3.610098183985969642e-05
-6.530822531164353424e-05
-3.718019552894106725e-05
-2.320148096796658213e-05
-1.182170611237379036e-04
-1.038668070631527560e-04
-1.550756071332240005e-04
-1.150516082443829948e-05
-6.290511485294937089e-05
-6.766632690433462861e-05
-2.935781751397394763e-04
-2.983388778740917683e-04
-3.039194258652694151e-04
-2.305472382797305823e-04
-2.364068920049883324e-04
-2.004938038562653992e-04
-1.802913308400727708e-04
-1.444379055437861417e-04
-1.206629824577284840e-04
8.160609592141151091e-05
1.055629470516542109e-04
1.344943440478405406e-04
-3.934712754417339837e-05
-1.035350655847057204e-05
-2.497233735423634712e-06
-2.423795020597876559e-04
-2.340599108077847464e-04
-2.102542570042651967e-04
-2.094864990152680380e-04
-1.860457199341845587e-04
-1.567144751284066883e-04
-5.416055833477981425e-06
2.444560628237386077e-05
1.673084292132920965e-05
-7.251249521186391980e-05
-8.064999171029262797e-05
-6.120244019722345446e-05
-4.901456456127994315e-05
-2.995013587234321211e-05
-1.598402657435060454e-05
-1.780109256697982845e-04
-1.638023814641010852e-04
-1.460607635812355073e-04
1.867906257055628209e-04
2.048672723327310888e-04
2.177433519836894336e-04
1.125724484887452928e-04
1.246004352442368034e-04
1.341282672726465744e-04
5.373453788160448838e-04
6.382650021318486818e-04
6.186394332415388192e-04
6.175041775772488603e-04
5.981684100787119235e-04
8.479449393852169642e-04
7.294697554696780856e-04
9.788543653192951360e-04
1.317339216450656063e-03
9.263873440139482746e-04
1.264770237151261649e-03
1.428333790179750788e-03
1.257110094423134110e-03
1.420758565152938383e-03
1.263199309423296236e-03
1.288867972696608770e-03
1.131351434114119493e-03
1.203576543973041563e-03
1.189784969855761610e-03
1.262086360854310779e-03
1.150485085308284011e-03
1.065645487885204939e-03
9.547156959154759308e-04
6.198582600147424168e-04
9.804712761973147055e-04
6.452304264341441817e-04
4.138067169587819095e-04
8.069692743985874481e-04
5.752758160706369396e-04
6.241327056717862034e-04
4.763207261457799192e-04
5.251942776898656630e-04
5.545811972646652772e-04
5.476162179196987891e-04
5.766769417627393320e-04
6.271474974940952811e-04
7.279888622528552129e-04
7.786149634060871754e-04
8.597807505512624010e-04
4.004924538325008903e-04
4.840386505466899797e-04
4.942199431601658043e-04
-5.784821291225948408e-04
-5.601035389341667715e-04
-5.083741457558041497e-04
-5.374450285362754494e-05
-1.063950596216973500e-05
2.310796632268340492e-05
3.680194890701407508e-04
4.006653231645456066e-04
3.584653873532580616e-04
3.192017226556769123e-04
2.775129083148705246e-04
-1.618597875476500154e-05
8.859569693869481267e-04
5.910372493892287636e-04
3.875835019416961529e-04
4.599722452914653146e-04
2.561680440694879450e-04
3.655024893894405101e-04
1.843646451734792151e-04
2.936806968725831244e-04
4.461574641288991363e-04
9.562439176774117748e-06
1.622837659204180629e-04
3.434191551432365548e-04
3.301153116160805614e-04
5.108761345409208905e-04
4.715761186384755891e-04
5.763824249524975192e-04
5.371056048029262345e-04
3.235189464499451783e-04
5.660258774009693187e-04
3.524637826808937457e-04
3.363434662853903058e-04
-3.020393690856247332e-04
-3.095721275523125537e-04
-2.659144088460196637e-04
-2.496641044482409365e-04
-2.057969545779813638e-04
-1.923691611093893529e-04
-2.346597180070419421e-04
-2.214438004241749526e-04
-2.471132419960272520e-04
-8.645557815297095789e-05
-1.119592152027112724e-04
-1.365970305711794789e-04
-5.240061268710320013e-05
-7.661098009765335867e-05
-8.836762548220815816e-05
-1.156018474218268091e-04
-1.276033578839293376e-04
-9.530650704148521278e-05
-6.390767497272702613e-05
-3.184369842968245599e-05
2.452433612376255564e-05
-5.676933933030178401e-05
1.160158095116691976e-07
8.348017922281446637e-05
-1.055519308178518934e-04
-2.261360009987679540e-05
9.050098195746366942e-05
2.210877186763259353e-05
1.352205308534187552e-04
3.302937802404653936e-05
-1.516611064404266599e-04
-2.540219346013616332e-04
-5.499947507204264088e-04
-2.923187337768028984e-04
-5.879905580812841339e-04
-5.132119389263371410e-04
-4.995708510549515171e-04
-4.251760532160679283e-04
-4.147270694776537077e-04
-4.774711545569280567e-04
-4.666811321332218305e-04
-4.848079046671410807e-04
-2.080910348390285368e-05
-3.901309575598144608e-05
1.140929286682434247e-04
-1.713043824740817555e-04
-1.782534880680815715e-05
-2.695096480238677724e-05
-5.991915011895672816e-05
-6.978979507039727434e-05
-1.626287324095957018e-04
5.336038902891261735e-06
-8.717025620610192784e-05
-1.083884184714058494e-04
-8.493626073215827712e-05
-1.061107672517770981e-04
-5.855380666822183715e-05
-2.165915124583641283e-04
-1.685508753164483963e-04
-1.103379808412778920e-04
-3.461120352606101690e-04
-2.867059128405440396e-04
-3.273760908507847311e-04
-2.583378854254174775e-04
-2.976565397569083692e-04
-2.979173228403126164e-04
-4.568369136416458609e-04
-4.575213320811783238e-04
-4.040758871149270322e-04
-3.687717622404490872e-04
-3.163154982637612607e-04
-2.532311872836924354e-04
-7.087130146708338048e-04
-6.405693520118273601e-04
-7.610273148365510930e-04
-6.249011302624620304e-04
-7.473658021971775521e-04
-7.747714001719628943e-04
-9.183156154716449007e-05
-1.244171611300458953e-04
-9.479577704231775424e-05
-8.245509830645972944e-05
-5.286933730721063039e-05
5.811121361158210364e-05
-1.118353421789739194e-04
-5.970622895715800224e-07
-2.198852174527336214e-05
-1.507003298046497670e-04
-1.719278764872192249e-04
-1.815687911230658819e-04
-7.741446764751661871e-05
-8.727316624667101402e-05
-7.657056312075643948e-05
-2.670305303409283688e-04
-2.543621089868137162e-04
-2.217916159337377608e-04
8.317230049521834442e-05
1.133460057986909091e-04
1.690228155402498161e-04
2.356951129855829790e-04
2.912640439225857919e-04
3.478942624476258198e-04
1.566743367638470446e-04
2.133185378604321295e-04
1.587943266892416017e-04
2.747868682469925398e-04
2.203024565639515953e-04
-1.539359272055507101e-05
2.671226762865280347e-04
3.127009932586744033e-05
1.146344378348579287e-04
-1.074815028819087187e-04
-2.373746124886445407e-05
1.024745776545087756e-04
-3.081260644257860330e-04
-1.811219356727023660e-04
-2.183572728621460961e-04
-1.061410387750883638e-04
-1.441300487580396699e-04
-1.352098174670930534e-04
-6.597776566321630941e-05
-5.684600773251015241e-05
-5.713306780240454304e-05
1.698525679834898979e-04
1.689267661465615727e-04
1.635135715770608600e-04
1.039844715894483723e-04
9.942290603081498698e-05
1.005611745327967860e-04
1.765436256829722638e-04
1.770314526780765213e-04
1.909937836842715898e-04
3.334870116452460067e-05
4.727951272233502653e-05
7.264483972195962804e-05
-4.571797945228291962e-05
-1.842334497976621252e-05
1.530609375813393909e-07
-1.257128115210266934e-04
-1.084658394751122803e-04
-9.372824137065182640e-05
-1.598345658925345750e-04
-1.449048825070596786e-04
-2.069442655442248766e-04
4.133256585371126220e-05
-2.158033955078234121e-05
-4.643009630444201534e-05
2.724068369203999466e-04
2.325928828470031837e-04
1.913219152575364743e-04
3.063023498072843173e-04
2.650666560603311692e-04
2.625199267711219881e-04
2.339980551132938300e-04
2.315080782934752796e-04
2.094508119315101119e-04
3.366501041525704358e-04
3.153591998541919799e-04
3.062307394609118825e-04
1.086593576163245650e-04
9.947069594974471390e-05
1.544524851628094678e-04
-3.686765301634715736e-05
1.780464606364069030e-05
1.050805779177416740e-04
2.742855571117698912e-04
3.611914919692744193e-04
2.702633182763190074e-04
3.594086204193253694e-04
2.687712522002936406e-04
2.101886634007988546e-04
5.116879174294251082e-04
4.523820111315891195e-04
4.837458281473377584e-04
4.126123525892345283e-04
4.439842095381468399e-04
4.464162490888931101e-04
2.574851322934850915e-04
2.600793201976422464e-04
2.692787454987035332e-04
3.935024694341201579e-04
4.027456596202307580e-04
3.862104246522009396e-04
9.014999503848116977e-05
7.355224504263028736e-05
8.208220308376608983e-05
1.750393682172231400e-04
1.837111492241746058e-04
2.479550152796220841e-04
2.871021867795860638e-04
3.513520191202771726e-04
4.359265365689057349e-04
8.668600500215709829e-05
1.730250149318012833e-04
2.441142242428240988e-05
2.995394532387140631e-04
1.489202284629303000e-04
9.077175356185762352e-05
1.917500365434992096e-04
1.342497330505284495e-04
1.647343227001266965e-04
8.032542838453082508e-05
1.105665644923584947e-04
1.637547938681505836e-04
5.903439096309118358e-05
1.120967171683274425e-04
2.456767740369772109e-05
-1.359647319901713045e-06
-8.884817455253566114e-05
-1.244974357238266458e-04
-9.112403588659132329e-05
-1.270009472197148790e-04
-9.227450590422019974e-05
-1.508681254623684873e-04
-1.158540800943003656e-04
-3.427813102534031653e-05
-1.372206572241114141e-04
-5.604832007592534804e-05
9.836455290242521448e-05
-6.358953000089144492e-05
9.207550617902962847e-05
1.106842622876093828e-04
5.702396244279989449e-04
5.876281587889344536e-04
6.149352001352824176e-04
4.840817504346297227e-04
5.115815682779654766e-04
5.023873114231342148e-04
5.276196269528597499e-04
5.180449539301285218e-04
4.946480449237124124e-04
5.040906422044450115e-04
4.808767817396865287e-04
4.723106445459894802e-04
4.971490680420965948e-04
4.885464346450068022e-04
4.610052456101331516e-04
1.267036619544275071e-04
9.947884610853378017e-05
8.430564031181172428e-05
2.215996537543762131e-04
2.063180943968637377e-04
2.183767454771902298e-04
3.208228661696358114e-04
3.327692928797211383e-04
2.760693293418211647e-04
-1.306905224846098687e-04
-1.846866237577574543e-04
-2.019779494180356117e-04
1.276451200134528586e-04
1.075292676073486952e-04
1.449805976733363434e-04
-1.591228501087998005e-04
-1.182567676153235868e-04
-2.236413315778616392e-04
2.452955640762842461e-04
1.368518673906084573e-04
-3.796570151662635772e-05
1.646068226171639240e-04
-1.057425313247549502e-05
9.705678450559176908e-06
-1.472602473533730504e-04
-1.251118498550160747e-04
-1.423167214794562809e-04
6.258282729672352265e-05
4.379866541637911876e-05
1.097268325317656262e-04
-1.457298731962697260e-04
-7.915691071711428335e-05
-2.520471754973048744e-05
1.002780702471738321e-04
1.533109607219207806e-04
1.835191307337458665e-04
-4.270144127265107113e-04
-3.893820592919860547e-04
-5.197374501595677584e-04
2.815995195861409838e-04
1.432861228376223540e-04
1.977618912281341721e-04
8.585937590297002550e-05
1.403600426204375793e-04
1.525167179278903696e-04
1.759031537733845283e-04
1.881678916033231708e-04
2.019813889168765712e-04
1.503800747668244931e-04
1.644515775373768377e-04
2.041077869510143656e-04
2.255750930166434813e-04
2.647853589881077069e-04
3.458634737768608068e-04
2.136199082745104689e-04
2.947706953279140328e-04
3.714869886837672075e-04
3.975482241372975444e-04
4.742196684904168924e-04
4.670602817359289019e-04
3.762412303561117133e-04
3.697306189142076163e-04
1.509037697434517872e-04
4.631913713101206212e-04
2.438332535422499609e-04
1.853529974657400605e-04
2.449697071898821127e-04
1.863613578795745131e-04
1.327465165846011786e-04
1.619994581749021169e-04
1.085023637019991128e-04
2.591642607995636271e-04
5.267712779780469820e-05
2.033860566853872942e-04
1.580814304097794519e-04
5.363906371084521283e-05
8.363468506117962414e-06
5.492949324122558879e-05
1.416442563559167610e-04
1.885968236152354960e-04
2.390383261303731521e-04
1.366641086193073873e-04
1.869951766497769674e-04
2.278004231517996863e-04
4.063610932139062604e-04
4.465862930989686623e-04
4.526782790096234342e-04
4.329296116954509392e-04
4.390421994800902715e-04
4.408440239534116515e-04
3.556053338004033825e-04
3.575533904698546209e-04
3.768758731197865801e-04
3.891186846634241917e-04
4.082036436770411329e-04
4.374474240456344230e-04
2.902215316893832879e-04
3.194135217916788203e-04
3.485183628113509759e-04
3.860726149276466710e-04
4.156937433477060542e-04
4.118502981748988975e-04
2.861711185728700504e-04
2.828123394886588801e-04
2.122871505728054402e-04
2.036400544478183736e-04
1.323823221193689463e-04
7.055031240429411859e-05
2.737510790050092695e-04
2.118699274722082469e-04
1.883538753107889558e-04
2.353668613357065174e-04
2.117321528575151230e-04
2.052699769266576281e-04
2.519568625219865705e-04
2.455539274380237570e-04
2.146984627695583880e-04
1.396562933806956520e-04
1.086631530422547042e-04
3.653958813709857643e-05
-8.784564826713715194e-05
-1.566537339104926330e-04
-1.900926390750200582e-04
-9.573539472616289254e-06
-4.449187965075085882e-05
-5.073721804457582908e-05
3.940429176726778027e-05
3.190821625956467909e-05
7.743103955844987023e-05
-8.190648442011851842e-06
3.745911121341038335e-05
-4.131927986911066298e-05
7.640478028888452637e-05
-2.856137750693936396e-06
-1.178957940491603225e-05
-4.692499775721259837e-05
-5.590289551245735495e-05
-2.852367515738542768e-05
5.111795722560270221e-05
7.817457617197696475e-05
1.042290590048831813e-04
6.872884068575267104e-05
9.490682562320203706e-05
1.049488358531097611e-04
8.292144623557747528e-05
9.283708763364206156e-05
7.119674664766959568e-05
4.288129397723327478e-05
2.151156040684751888e-05
-1.303521389073352072e-06
7.907329090715817829e-05
5.604835594172902897e-05
6.787264307849880779e-05
-1.130512548510603115e-05
5.010299652892025776e-07
2.919956485592249597e-05
-1.230205741442662803e-04
-9.437240343223836456e-05
-2.577108782448711121e-05
-1.046129354244055990e-04
-3.613120745600106442e-05
3.547502593943894621e-05
-6.072764037840904915e-05
1.131302589425862547e-05
1.002191207229257666e-04
8.469626801895023104e-05
1.733526810861290538e-04
6.379250611073601814e-07
1.024133749163807475e-04
-7.018968060734800214e-05
-3.420297879803670333e-05
-4.010525823675763039e-07
3.589778780859219148e-05
2.130599369082596681e-05
-5.760277862738562510e-05
-7.213843145620081046e-05
-5.279216979554027722e-05
-1.925472644830867968e-04
-1.730051340434524457e-04
-1.636456060135290410e-04
1.937611045416620333e-04
2.022499914834722493e-04
2.167216050372476393e-04
1.889506469103023026e-04
2.034154065120051319e-04
2.114134673529992131e-04
2.815623636058549100e-04
2.899777879275137809e-04
2.996092510647027163e-04
1.819407167413959530e-04
1.912559012770539491e-04
1.642648279666638288e-04
7.225169186758607313e-05
4.505878349297850463e-05
-2.753948178484491062e-06
-3.455558873249978688e-05
-8.216191603836362715e-05
-1.133304949642630175e-04
1.766717777677183831e-04
1.454951661846129343e-04
1.752581287738505999e-04
1.347456538103391729e-04
9.745339358578259423e-05
9.265274237336125029e-05
-2.067391947877704136e-04
-2.114551902333507334e-04
-1.907175509260173685e-04
-2.280694062861148464e-05
-2.165751415411735223e-06
1.713841616719606609e-05
7.800048764318714078e-05
9.734170440196636409e-05
1.311537007140399697e-04
1.346891002481209049e-04
1.688070651297861519e-04
1.871648625800777579e-04
-7.663532327484024733e-05
-5.865507526514861930e-05
-3.244871535625196190e-05
6.964516358396073692e-06
3.320882766220831185e-05
4.382011311874903833e-05
7.770333613195650867e-06
1.822748518363751565e-05
-2.648370700049655548e-06
7.663017086499549543e-05
5.563391243470881689e-05
4.303044172236175852e-05
4.050833160420928706e-05
2.800593849503846483e-05
2.757472722823356903e-05
1.320815410697312670e-05
1.270965478415226257e-05
3.075011439440656063e-05
2.484205881230029992e-04
2.664654496876138782e-04
2.883504822233037574e-04
1.688592422688927090e-04
1.909155472088416589e-04
1.824114332431961459e-04
1.330482992483114375e-04
1.243935293043066425e-04
7.373395198328054319e-05
1.018484216639806194e-04
5.129971538507944713e-05
6.158078642933353681e-05
2.651370011107629905e-05
3.659529350137993593e-05
4.399930042987999909e-05
9.741189138951747602e-06
1.745881894445357315e-05
3.329845756871579196e-05
5.541725698700485222e-05
7.118902547864196803e-05
9.123651470831152695e-05
5.728935619464097526e-05
7.705856914939847487e-05
1.329441389809391362e-04
4.579322630847361582e-05
1.022052262253156764e-04
1.399803447649928113e-04
1.803633591900608403e-04
2.183733747453542730e-04
2.283913486982039266e-04
2.066683671084346553e-04
2.170773655753857547e-04
1.670585624331296769e-04
2.080560658006272369e-04
1.571061438105688778e-04
1.516284942421805538e-04
4.363672827793681772e-05
1.928223824211036186e-05
-1.778536951515068934e-05
-3.080998634764210535e-03
-3.060081132824558296e-03
-3.043105117957416346e-03
1.171209361566892190e-03
1.135407917495394282e-03
1.099221557616586855e-03
1.170296599916691117e-03
1.133943475089366605e-03
1.060268712592498958e-03
1.117944357339623442e-03
1.044082908322291076e-03
8.781385991930921574e-04
1.028782122432442010e-03
8.628764340862591763e-04
6.280108720144230447e-04
8.482739218486432930e-04
6.134343786012354813e-04
7.217882425679614938e-04
6.731337126890170894e-04
7.815525218534073032e-04
8.145507835390240672e-04
6.988270229116803206e-04
7.317384824229598763e-04
6.660243129776087598e-04
6.623329626701966646e-04
5.969132221256610946e-04
5.149783304321094374e-04
7.171286165434164004e-04
6.357122095894514541e-04
5.151584414189716229e-04
6.287256750172450165e-04
5.076901947969605575e-04
3.257139640549300058e-04
1.854475926730816612e-04
4.970442030216549144e-06
-9.939633356397198447e-05
2.229576664898646815e-04
1.173902996816749691e-04
8.003385501475606930e-05
1.206409938168789267e-04
8.271210590870653164e-05
7.889603593295248024e-05
1.773701861062620651e-05
1.412869177667232029e-05
3.728093728445544802e-05
-3.809481414126424320e-05
-1.465703095287010111e-05
7.346542683439502000e-05
1.762534448413558301e-04
2.637172683934698391e-04
4.055652467143264694e-04
1.023155009933764624e-04
2.448136443347212953e-04
3.269496987650428880e-04
3.592282524407384081e-04
4.417257764453326333e-04
5.454293657176181344e-04
4.765629887424667347e-04
5.794355181360602049e-04
6.281661059000362337e-04
4.847683101043089894e-04
5.339878131161276877e-04
5.470791997401414303e-04
5.071308565783147395e-04
5.198220364297179369e-04
5.062804133783662709e-04
5.137424790779499201e-04
5.002190459206337127e-04
4.610838054576848598e-04
5.637885928306365403e-04
5.244101898642216774e-04
5.006623281804881273e-04
5.269006046364043804e-04
5.030790811577848373e-04
6.067015877260632014e-04
8.351433227640010695e-05
1.960395841660714841e-04
3.769464181267981242e-04
3.927121733050816877e-04
3.315452903191348734e-04
3.536153324801816732e-04
2.258745933797931494e-04
2.476574971495538145e-04
1.561156412974667009e-04
1.505155031025751620e-04
5.966524157363141141e-05
4.328898515874347874e-05
1.796412569858800825e-04
1.627392689776217122e-04
1.518853845327282370e-04
7.642209542305967995e-05
6.593982323735300905e-05
7.273747971185998921e-05
2.418059397159265400e-04
2.479797264807629764e-04
2.888901376701527102e-04
2.151776068042735935e-04
2.560654188693136735e-04
3.483582931069292453e-04
2.191420731088713570e-04
3.114819500326745537e-04
3.663230451263468825e-04
3.067222077363737252e-04
3.616448517629858219e-04
2.577679562898628355e-04
4.482044820531252884e-04
3.442101380721941531e-04
3.547682443477060657e-04
2.300621865367792488e-04
2.408335947857085627e-04
2.682914532926465655e-04
2.122995009139958780e-04
2.394254593384052897e-04
2.205708768272313840e-04
8.738990120781318189e-05
6.849036783049885103e-05
6.308982162728601515e-05
2.645957318420994646e-04
2.595549089833318573e-04
2.792550755015174818e-04
3.532784034846506399e-04
3.727265599349114072e-04
4.147404905649739815e-04
3.701270785580920947e-04
4.120599986760783507e-04
4.306644936881048099e-04
3.997972525082435025e-04
4.186700993889962748e-04
4.292389215896782410e-04
2.508677521112394945e-04
2.614833077876773607e-04
2.692528713013451905e-04
4.071384113393668961e-04
4.148351061375286789e-04
4.191438031553992513e-04
3.266881602102365703e-04
3.306885749039941910e-04
3.399579104196659776e-04
3.120382437187948707e-04
3.214746061174578520e-04
4.315885037846381401e-04
2.669472991882271620e-04
3.770755304919073915e-04
5.686152870996920728e-04
6.135343194961531644e-04
8.048998678507814520e-04
1.017616798540135108e-03
7.297717892445689403e-04
9.426231759926538990e-04
9.981408501540450437e-04
7.150231164042141364e-04
7.708781839961325807e-04
1.155143304428580186e-03
6.618667602220689936e-04
1.046921292951825044e-03
1.167685588290847147e-03
1.384972753809793821e-03
1.504464382298688644e-03
1.355612916478122956e-03
1.399433103790438974e-03
1.250511948847844636e-03
9.917880150577416867e-04
1.293404402923471665e-03
1.034780877348444447e-03
7.843178432858812074e-04
1.046069365515782520e-03
7.954147845930682878e-04
7.864214186630160775e-04
7.505267972783448557e-04
7.416002537430213060e-04
7.374001833310377769e-04
7.639129672971503105e-04
7.597180628150728516e-04
6.991078705075430295e-04
8.169907922789481454e-04
7.563639089246513864e-04
5.061637698422347858e-04
7.329468941795873067e-04
4.828055011789476230e-04
3.384479925715617467e-04
3.944143159064626052e-04
2.505433942404828597e-04
1.298908354621883276e-04
-1.023130760314621399e-04
-2.218211994366217610e-04
-3.105606673333986454e-04
1.969187323377039078e-04
1.065482421263859816e-04
9.808906684289747093e-05
4.692894357236039116e-05
3.884475659239166592e-05
2.959483256072991319e-05
-9.285026539922631170e-05
-1.021950824700922447e-04
-8.570557574808608178e-05
-1.854823580992103296e-04
-1.687692757516355384e-04
-2.055422539737029538e-04
6.347026910565782901e-05
2.674845541753335140e-05
4.065289526808396744e-05
8.856249911901487330e-06
2.217076967100933957e-05
4.086395669741668636e-05
2.199357099927351641e-05
4.063421105979123050e-05
9.162428701626573703e-05
-5.426812681821993655e-05
-2.807616546242786438e-06
5.520277517265763509e-05
9.080028481645946404e-05
1.484645301278227233e-04
2.197832965381457974e-04
-7.262084073969039691e-05
-1.267906432411117397e-06
-1.585722920495095207e-04
6.509883872661884324e-05
-9.247758039375865002e-05
-2.554002298965992899e-05
-2.965006474508070488e-05
3.722762607976851492e-05
1.818799105896536181e-04
2.632864704984991017e-04
4.081342163337316285e-04
5.560328822943349548e-04
7.421344998310313613e-05
7.790326595765307942e-05
3.918703725591470531e-05
-1.622853935603727361e-04
-2.004514288992417879e-04
-2.391436763919145211e-04
-1.720840999760461874e-04
-2.112495466481149539e-04
-2.373671766262112079e-04
-2.465723528258505909e-05
-5.022480286504904610e-05
-3.799588208850949891e-05
-1.459765214830247579e-04
-1.341874760000082839e-04
-9.426782180584617659e-05
-1.058214567491832364e-04
-6.626039085007854506e-05
-2.028563250169163317e-05
-2.045703206028009276e-04
-1.585498110329360303e-04
-1.615941054381965698e-04
1.860321419258973959e-04
1.835041494729393124e-04
1.938009674176083101e-04
9.138017238969215741e-05
1.008264381652207269e-04
1.188415722190370831e-04
1.365805811928094519e-04
1.548104433077355895e-04
1.943410136776784576e-04
1.396802786239391241e-04
1.795001847243676103e-04
1.305446953921077366e-04
3.110159343963297225e-04
2.616435035889466817e-04
2.338661423664115742e-04
2.062438602734786982e-04
1.783892502089538053e-04
2.269693737991045589e-04
1.683593571897171810e-04
2.170210660925957734e-04
3.393553513213365034e-04
8.196218699700044338e-05
2.042983203189751760e-04
2.379385261342478611e-04
2.774695992464503900e-04
3.112213018362028219e-04
4.264816732263857022e-04
9.706041617436238309e-05
2.129112751806819335e-04
1.576381443154912902e-04
2.561994685909443990e-04
2.006321853113275482e-04
1.528121792059888070e-04
3.444976142926987721e-04
2.964410377014924710e-04
2.043663147273338089e-04
2.067084277794261401e-04
1.146207099449685464e-04
6.540715400252516140e-05
1.410296712205609928e-04
9.152225390199596753e-05
5.121064278395067891e-05
2.429778236232886719e-04
2.027775637605708464e-04
5.007887565196801291e-05
-1.487569741522412376e-04
-2.989983312679330872e-04
-3.184176598611940983e-04
-1.280313748715991703e-03
-1.291746375051485395e-03
-1.091883593450993731e-03
-8.916897782060970905e-04
-7.002697849904601125e-04
-6.773532402540188326e-04
-3.289953048599367235e-04
-3.072279539729100306e-04
-3.285869948438584578e-04
-3.913242869848948557e-04
-4.121878060384869349e-04
-4.054009656153563252e-04
1.868153144034341204e-04
1.925086220528986463e-04
1.991006401747752387e-04
7.361420684382879824e-05
7.976087815205645153e-05
7.284060975563591686e-05
1.829143884434219092e-06
-5.118336593463361592e-06
-5.112883267840203499e-06
-2.689929884576343897e-04
-2.687206239028925268e-04
-2.239435001733497258e-04
-1.124235665015036433e-04
-6.804301156576429569e-05
-1.782236531701065748e-05
8.390415545846260578e-08
5.033330498870335372e-05
5.306497536387757424e-05
7.798034321192525179e-05
8.073090197306589250e-05
1.068307637299177734e-04
-2.618155354845805999e-05
-6.137731794737897456e-08
-3.443932824025598000e-06
4.832344977806783595e-05
4.517538383397952037e-05
1.083037592342826717e-05
2.573882722090676742e-05
-8.810809721585780453e-06
-3.538282000082351676e-05
1.231445023777219950e-04
9.668093297076604852e-05
9.637448088823850033e-05
1.606249297634252120e-04
1.607950238007962215e-04
1.121922431604671297e-04
1.264236619658678281e-04
7.757101038915244912e-05
6.309729640875785849e-05
1.324006333572524605e-04
1.176611140932965209e-04
1.103721970255563175e-04
8.273546980731963417e-05
7.601969447276388757e-05
1.386834648521588411e-04
-1.255884670828635342e-05
4.964748421590488812e-05
8.584178549877471498e-05
8.056570567097228429e-05
1.168186511722124296e-04
8.219577872533884600e-05
-1.586148197884940428e-04
-1.935362684320232575e-04
-2.012417307799098994e-04
-2.331054288673720066e-04
-2.404774777335463073e-04
-2.661284773159424376e-04
-1.574930856679914500e-04
-1.835057876553038668e-04
-1.559334653761701352e-04
-2.392844428788522791e-04
-2.113878457207696206e-04
-1.963683512478249754e-04
2.469855950580446356e-04
2.619666288190407072e-04
2.534210776767238703e-04
8.870234630133083794e-05
1.125997289491558221e-04
9.454090726780705126e-05
7.499804566034318481e-05
5.625021989676170023e-05
4.683983472256197543e-05
1.218206988064106551e-04
1.126482956538556418e-04
1.108663154351787286e-04
1.336208214711977443e-04
1.318983731377200799e-04
1.404842562421860174e-04
9.554542839087696530e-06
1.865857598909009254e-05
4.160162654169547542e-05
-1.669298860563261434e-04
-1.428270769638503791e-04
-3.698439613000319972e-05
-1.583661941213096382e-04
-5.106349052876995578e-05
-1.721697367889545114e-05
-1.550469365531282283e-04
-1.216616572083320394e-04
-2.006282242598648059e-04
-5.307452261609695108e-05
-1.329511664460117804e-04
-1.493642748499308210e-04
-5.716488025734837043e-04
-5.833560544231925589e-04
-5.603812458636510396e-04
-5.059544173235092741e-04
-4.847513335468519300e-04
-4.301512158832597097e-04
1.591609909021955162e-04
2.084171796326441208e-04
2.291702276522524667e-04
2.580784134210003058e-04
2.789379523562498403e-04
2.668079671238431224e-04
2.162031324075765920e-04
2.043302795172551164e-04
2.425658449813208406e-04
6.591004624710171313e-05
1.043266666404387777e-04
9.672172045379050925e-05
1.924311209752640551e-04
1.845771915190584297e-04
1.573612228028303979e-04
1.167511827356287196e-05
-1.350576509797805566e-05
-2.610979254953025306e-05
3.219166667193002103e-04
3.068352484596946982e-04
2.844797942766993416e-04
4.218710232571286855e-04
3.994241994174038170e-04
4.017855858789082571e-04
2.648528986124395503e-04
2.672291862351378381e-04
2.712163263645148538e-04
3.350789097991330504e-04
3.391193899737796448e-04
3.293523622437317423e-04
3.817313704352951311e-04
3.717961844108470283e-04
3.551954923927213670e-04
2.405689810279693953e-04
2.243620347320928843e-04
2.546921944967351715e-04
-6.674600261301848582e-05
-3.563185841544793449e-05
-4.207955313984402916e-05
2.564500514649523891e-05
1.839640211176028946e-05
1.964164982997047056e-05
-2.175762798435084788e-04
-4.013899703324242622e-06
4.340156693092737461e-05
2.123888394666831650e-04
2.591119914579876151e-04
3.206429466359521320e-04
1.978745854141861584e-04
2.602788301288354268e-04
3.981205847812827135e-04
3.244252367863635590e-04
4.617816850659448111e-04
5.392194053846345678e-04
3.278313126647855544e-04
4.050520202716746763e-04
5.210924202275713998e-04
3.053108795419269637e-04
4.215279397486960608e-04
4.027233854012828409e-04
3.139243555653160531e-04
2.955645950587730943e-04
1.104511772889358277e-05
2.562849304249774753e-04
-2.800870118055778270e-05
-1.577506280996200704e-04
1.515187135492609190e-04
2.087643053118911751e-05
2.352248783160295221e-04
-2.641025083403262131e-05
1.879331619881387683e-04
2.166727590192572784e-04
2.670382171806242200e-04
2.958210333999709797e-04
2.200038673566009581e-04
2.758047866918610048e-04
2.000001935032482922e-04
3.045888762805055733e-04
3.026885045203666865e-04
4.079193633166517969e-04
4.646145240192130254e-04
1.994789373944889661e-04
2.562917212278410838e-04
6.053023637686900287e-04
1.083423991010353015e-04
4.570028061461679130e-04
7.188157480197874226e-04
7.196781473648778587e-04
9.811639330803332247e-04
1.328464961324650430e-03
9.696569770096716799e-04
1.317197820816952370e-03
1.331066316616778041e-03
1.564828653562878825e-03
1.578040007608358993e-03
1.376044787906479088e-03
1.541781075921897556e-03
1.339771228816729037e-03
1.028435399796404168e-03
1.149648444555835796e-03
8.384944890100138638e-04
4.834069758641937331e-04
9.688017894337514792e-04
6.138038578780771748e-04
3.993738245388331115e-04
3.096318459126570777e-04
9.507134737743309135e-05
4.301851142918716774e-05
1.940696273866879045e-04
1.421605352570677887e-04
1.303596573998045999e-04
2.421999756970817934e-04
2.303741995128628689e-04
3.828161818502484170e-04
-2.357492566808938204e-05
1.306741862619309035e-04
3.526437017146362993e-04
1.977946704851703654e-05
-3.084278335094389929e-05
-4.778040361718506384e-05
1.453401734821560369e-05
-1.748097344648547654e-06
-7.528655318700047672e-06
-5.307069419079691935e-05
-5.915084699557003611e-05
-1.698788205762925049e-04
-1.094377840349155390e-04
-2.202996061319085260e-04
-1.848922051193938054e-04
-3.324613158261003395e-04
-2.969463470562175040e-04
-1.440794892248090206e-04
-3.066287839955464129e-04
-1.539697275135990082e-04
2.605795882555401316e-05
-1.563726561714287697e-04
2.380945509212768069e-05
-2.250266419063067782e-04
-1.431539865297520170e-05
-2.634254209036684382e-04
-2.674555977665317419e-04
-2.600762685100293506e-04
-2.629237239107919100e-04
-2.936325181184047846e-04
2.026037730883377430e-04
1.707237679835697623e-04
2.686927027346598055e-04
6.711191966648306570e-05
1.652763812265390601e-04
2.064785780588432621e-04
1.804021221281061019e-04
2.212408557737513852e-04
2.450315633940687490e-04
2.082723635452135872e-04
2.322244810092439962e-04
2.076670695991052629e-04
-1.006681148974979210e-04
-1.248612045579792617e-04
-3.129101513607727763e-04
-1.440667058610560058e-04
-3.321927778145598647e-04
-3.841322954338921136e-04
-2.089850294126497710e-04
-2.610137793761623925e-04
-3.002060685040532518e-04
-1.444136482258273190e-04
-1.837406880887328554e-04
-1.328856891757628032e-04
-6.773611813051729370e-04
-6.240400693184515544e-04
-6.337642331148490241e-04
-2.740905187363555737e-04
-2.864402263897463611e-04
-2.521745187092545599e-04
-5.308632749604985050e-04
-4.930689315639409393e-04
-3.455214569961275730e-04
-1.593082702580812273e-04
-1.491602926157375910e-05
-1.703813813114907314e-04
7.171449748650583246e-06
-1.486679738341267873e-04
-1.784848258075173602e-04
-3.414681322360779811e-04
-3.687668043830300999e-04
-3.876648359145703853e-04
-4.199129521743018485e-05
-6.301323698421149857e-05
-5.191224351202015962e-06
-3.464767749100658239e-04
-2.880495044669628517e-04
-2.231594693838224552e-04
-2.096197390034935178e-04
-1.062455469377714774e-04
-4.619004084275112726e-05
-7.294416775562245032e-04
-6.620729900478665919e-04
-7.039751021809376695e-04
6.836279590602024219e-05
1.857024243441743739e-05
3.917658946916627435e-06
-3.907367728310303799e-05
-5.368292516705377147e-05
-5.391943628575173093e-05
-1.734497385241819665e-05
-1.750789593580630494e-05
-5.714072424960458261e-06
-4.731406002912190629e-05
-3.518309774626525639e-05
-1.298785292627447881e-06
1.283682552348343136e-05
4.621289778585529920e-05
9.647609963378761880e-05
-3.915263306433492936e-06
4.644575651566390864e-05
2.082507425530896478e-05
1.478259158373706507e-04
1.221327068315175264e-04
1.169147119998980851e-04
4.085080881214783483e-05
3.615401265230519480e-05
4.074708338375399768e-05
1.141802397814628274e-04
1.183852691414319998e-04
1.001663542605228836e-04
1.160087740376145667e-04
9.764695207320527384e-05
7.410732049498657513e-05
7.627525994519145439e-05
5.287736402129704881e-05
3.629751987579854663e-05
1.327684538010012391e-06
-1.521672569390741651e-05
6.453251771148469642e-05
-1.716425966488978035e-04
-9.187494507074180647e-05
-7.120608124041167804e-05
3.390700803123589948e-05
5.514346931504847697e-05
8.791032372356348936e-05
6.554726230938157355e-06
3.895846669875973169e-05
8.481096969840761337e-05
2.622087223568181813e-04
3.075854031943501166e-04
3.179239737657029580e-04
2.984299274852284423e-04
3.087665044441949974e-04
3.151539095644435482e-04
2.302162883135155241e-04
2.366944755569162415e-04
2.428059845018752769e-04
2.619996813383946763e-04
2.679409474270970479e-04
2.612252001210314204e-04
1.502770639976107434e-04
1.435006497569580545e-04
1.480084955042515449e-04
1.936691924140055646e-04
1.988641650464673095e-04
2.056815764332213439e-04
1.016083313666571431e-04
1.087461904786550439e-04
1.551367581391239082e-04
1.018208141215378414e-05
5.577159524313150991e-05
1.068201407978178327e-04
2.314339450029442966e-04
9.686644481262654191e-05
1.619629067952817994e-04
1.237537857494363201e-04
1.887111605263388473e-04
2.327365737130145302e-04
2.217652538909650165e-04
2.658291568934197297e-04
3.201168265518712815e-04
1.603781356663654318e-04
2.145798471615630205e-04
3.655656123484194624e-04
1.488633010061262210e-05
1.691237498490780937e-04
2.892416326838275062e-04
3.388078707686335194e-04
4.573212012226422893e-04
5.634272941146205955e-04
5.213526404739087091e-04
6.263613152308549576e-04
5.865397067792610560e-04
5.896663472280066305e-04
5.499652577383340631e-04
5.785729958194393494e-04
5.900837966292993460e-04
6.182226720017466523e-04
5.815378103279898476e-04
5.729226326554167845e-04
5.362036030847037744e-04
4.846953600386897732e-04
6.440509027443284702e-04
5.922349157950649668e-04
4.842287411834184183e-04
5.777038971169660498e-04
4.697798535148684038e-04
3.869366952856046404e-04
4.655846673217672958e-04
3.826402568663445558e-04
3.025258434204782009e-04
3.257647655843732204e-04
2.459561751889462232e-04
1.092156050973952758e-04
3.093491346076528191e-04
1.723697239314586865e-04
6.020408618236350014e-05
1.001514935880349027e-04
-1.202194398762268827e-05
-8.053969862132902302e-05
-1.325547884360848169e-04
-2.011442694599517719e-04
-2.057285673324390769e-04
-2.085340230512210266e-04
-2.132240551397576451e-04
-1.891519215255369282e-04
-2.382594902407750011e-04
-2.137483253441144562e-04
-2.273715840067544436e-04
-1.454493768810619450e-04
-1.593474630147048688e-04
-1.474444588199833560e-04
-2.255844924013891673e-04
-2.135517433304915356e-04
-1.140540522935538622e-04
-1.443198715821484256e-04
-4.451458216111353356e-05
1.129845418764991848e-06
-1.498549651766865583e-04
-1.041377780206661986e-04
-4.629246016381798967e-05
-2.230356565855603980e-04
-1.650603319180619596e-04
-2.458916414479833602e-04
2.183534141036260249e-04
1.366682709476801992e-04
1.269907320045987565e-04
1.130728497219163418e-04
1.034372493985230524e-04
5.420697736656479885e-05
1.729746458830433388e-04
1.242017550986278837e-04
1.219471534636093501e-04
2.313220640747063210e-05
2.051259908277897276e-05
3.169669462558472929e-05
-9.132063022896291576e-05
-8.034437969136392298e-05
-1.939017334168122121e-05
1.771647114791407662e-04
2.382158663260536551e-04
2.476715723564351765e-04
1.572216924125580399e-04
1.667669727571277735e-04
1.950839503181512951e-04
1.825094820337339161e-04
2.108540864058184921e-04
2.099234990762227746e-04
-8.226574594365698104e-05
-8.318627062387228292e-05
-4.195986281140884951e-05
9.660405355837732274e-05
1.377794278041348736e-04
1.556224418468049749e-04
1.654542310816124956e-04
1.835882834288499340e-04
2.005809207461635110e-04
2.801237463731526419e-04
2.970909833224351045e-04
3.095480191151824575e-04
4.659613357073166340e-05
5.873214683758362946e-05
1.082280702263624665e-04
1.286095706492875498e-04
1.781395455197007653e-04
1.641827035405206219e-04
1.515642267492176292e-04
1.374453637458848492e-04
1.233548450560230944e-04
1.933936943009960190e-04
1.791874587812382911e-04
1.630366985230810952e-04
1.707707183246422742e-04
1.546838700781680656e-04
1.776857330553292921e-04
1.327927546120353055e-04
1.557549490682840041e-04
1.724653079845250999e-04
3.884500198039285532e-04
4.051946994122357522e-04
3.935172940168053346e-04
3.130208601914585983e-04
3.014905964868598120e-04
2.883990636188665780e-04
2.414955092739768760e-04
2.282542663021142038e-04
2.156325510449606363e-04
2.068295979267115148e-04
1.943178805967691724e-04
1.108139139990822275e-04
1.679623394019800608e-04
8.425110987569548685e-05
2.418257786289407111e-05
5.340707408446230490e-05
-6.293672822857367035e-06
-4.920388168972074112e-05
3.882883315768642521e-05
-4.190456865728786791e-06
-3.089981323975066392e-05
-1.602411798518239578e-05
-4.301956501259396521e-05
-6.142209195285271714e-05
-8.087338933656851498e-05
-9.870965759954582761e-05
-1.526295927185140726e-04
-2.037776021505873511e-05
-7.406183789200561016e-05
2.445607953430431101e-05
-7.698777693505810468e-05
2.185918839839564773e-05
1.170718506682310103e-04
5.968758903493156165e-06
1.002662075688708423e-04
8.971395881755101723e-05
8.927588814456200589e-05
7.886015090999949021e-05
1.109387714866176327e-04
-3.045951186419447888e-03
-2.986962378399111214e-03
-2.926346037890485696e-03
1.249296230714395722e-04
1.583273337411662579e-04
1.692463017534045567e-04
2.089882695537960172e-04
2.197140899952082027e-04
2.249973706710072896e-04
2.020165309076709737e-04
2.071659485152843139e-04
3.067896122078091529e-04
1.902670421912255427e-04
2.899330665089801576e-04
4.022660793467816142e-04
2.757785204297543195e-04
3.881367080809008507e-04
5.286642072951660372e-04
4.444035364046152858e-04
5.850209955588222361e-04
7.903018466270669362e-04
5.110036537280545450e-04
7.161546580567165277e-04
1.158986355679825957e-03
6.494415773152514360e-04
1.092690973113075907e-03
1.821460208860914247e-03
1.188998487581283863e-03
1.918182700295689540e-03
2.296664174923249840e-03
1.922448637900630967e-03
2.300438534279861807e-03
2.801080977805963865e-03
1.945193716369145870e-03
2.447395062917917183e-03
2.228473110312134773e-03
2.691156377695574572e-03
2.470911685099364073e-03
1.741687404309145634e-03
2.485220350512773544e-03
1.755495192800394719e-03
1.132219381634642572e-03
1.687574885171584313e-03
1.064528848747288078e-03
7.445393862985335339e-04
1.343300972894796372e-03
1.023100129325434570e-03
7.880090483234664274e-04
8.829984440785162200e-04
6.477322962603932095e-04
4.818449888012823253e-04
5.084977378140603972e-04
3.432407902188119083e-04
1.975627664021142741e-04
-3.473962198616718160e-05
-4.138252902657430171e-05
-4.764718692318618484e-05
-9.566381642340528960e-06
-1.660488128696650453e-05
-3.968958733452693948e-05
-1.211739400358599443e-04
-1.438450078930540515e-04
-1.695799225940365651e-04
-1.702076940782202912e-04
-1.963278270791281321e-04
-1.582395503273740991e-04
-1.935406696516085723e-04
-1.554087953618303521e-04
-1.033247450247283138e-04
-8.962176940166807011e-05
-3.776964748947574265e-05
-2.358153848768494709e-05
-4.731113457790269024e-05
-3.316065682889245136e-05
-6.036039259413604518e-05
-4.387333608684065162e-04
-4.570236283274215915e-04
-4.505798216402767545e-04
1.033229186629096709e-04
1.010999466100470504e-04
1.025709941180933348e-04
3.265208638621993958e-06
4.435060605271541221e-06
-4.552989253571801268e-05
-9.447928395694605197e-05
-1.437347730228918084e-04
-1.893854924493818133e-04
-2.259914458992503964e-05
-6.877943731540577107e-05
-8.480794125316724874e-05
-1.468062392452149242e-04
-1.624758347457839753e-04
-6.481816237645254982e-05
5.781310814562581999e-06
1.028337981333766733e-04
5.877798984825060311e-05
6.635542083678735840e-05
2.228682141817555371e-05
1.754094890410689937e-05
-1.310981015608265457e-05
-1.781783313864232672e-05
-1.483659012761117052e-05
1.389823085285481468e-04
1.417284871769378791e-04
2.340742452771448086e-04
7.061790951242520381e-05
1.631622366813755150e-04
1.098403958325722238e-04
3.874177532007904009e-05
-1.441466846023863350e-05
-1.918429189126343633e-05
-3.564553442862993275e-05
-4.070375144246370699e-05
-5.535681939681120220e-05
-1.931835213373169413e-04
-2.078796047530794889e-04
-2.302092697121100858e-04
-4.062351402799263631e-06
-2.605521228386930969e-05
-3.512401451042114204e-05
6.791286353265024874e-05
5.855108759680570656e-05
5.046213039004463310e-05
4.695751125074730807e-05
3.886833576525780911e-05
3.937541190911320412e-05
3.220481005537543053e-05
3.295413920799506271e-05
6.739443254331540004e-05
-1.270580730828991774e-04
-9.257677245046530231e-05
-7.804010394662331358e-05
4.270345582766871587e-05
5.718949821843121633e-05
9.080104294925152308e-05
-3.036375139541636721e-05
2.938070371683379478e-06
-3.179863859952654012e-05
-1.138676221954480761e-05
-4.599684042443747886e-05
-5.631681476325916028e-05
-1.077891328237694062e-04
-1.179583929765708921e-04
-1.256898809281186010e-04
1.178299238094854923e-04
1.098199012865304206e-04
1.119707515816915769e-04
3.695237903753213629e-05
3.923579364244490753e-05
5.094031395252995864e-05
-1.919626198879197251e-04
-1.799284914219545506e-04
-1.629445936503122212e-04
-2.842113576540516995e-04
-2.664300731355557800e-04
-2.428743013314945255e-04
6.756779166448389877e-05
8.982558356187812939e-05
1.023019163610185145e-04
-5.618507568169907188e-06
6.777986148070043156e-06
-1.491245136902099883e-05
4.601389317277396304e-05
2.445791535239303077e-05
1.963739098003038997e-05
3.174071236673378909e-05
2.672411548858413333e-05
3.835332638466791262e-05
-1.844328315043917066e-05
-6.706067939530452587e-06
1.267585809090567331e-05
1.950313919572220197e-05
3.886010869154167872e-05
2.440108279876313825e-05
1.011127945848686765e-04
8.668026045376337786e-05
8.514640226750294616e-05
5.470202656175844093e-05
5.318248746008272221e-05
5.556099689494562463e-05
-3.983603223204021404e-05
-3.702470518253999634e-05
-6.194123248180489344e-07
-3.830188414787526695e-04
-3.454176140199026208e-04
-3.249592137558916663e-04
6.951138943484219505e-05
8.835755390687192925e-05
1.141721834558051302e-04
3.203963380879069813e-05
5.822161190574879188e-05
8.746574771126627845e-05
-7.380939925657694798e-05
-4.465753714552253562e-05
-6.153682521484388820e-05
-1.199494084715667375e-04
-1.366472341579903554e-04
-1.484977788913606272e-04
8.503830134928629884e-05
7.323445371188385625e-05
6.375242192148438585e-05
5.608503616716874977e-05
4.606424881926945341e-05
2.302112114328937848e-05
4.710508910789362085e-05
2.400708615958737453e-05
-9.393863141594530715e-06
-8.469295573241961876e-05
-1.175494305734169499e-04
-1.372623692596854116e-04
-8.027350990159513129e-06
-2.817748741754902853e-05
-4.454754406920050504e-05
-2.512787205497325803e-04
-2.676268474651349351e-04
-2.751059376252282078e-04
-2.040578826317412150e-04
-2.118099667215186499e-04
-2.068803470962940602e-04
-1.421080681112992905e-04
-1.372370636006145625e-04
-1.245942996676679384e-04
8.690886607772867396e-05
9.976096658719296934e-05
1.280551664712518967e-04
-4.988178374261070607e-05
-2.150881434142062898e-05
1.412025917766582695e-05
-2.540385971479437732e-04
-2.178587772932093171e-04
-2.597664760057089494e-04
-2.022614524748365906e-04
-2.446076877046582864e-04
-2.644241581104765084e-04
-5.904972647356070744e-05
-7.831543599181567373e-05
-7.122455116394528865e-05
-1.667488509222934121e-04
-1.601260721034891319e-04
-1.410100162068260356e-04
-1.369243529442287397e-04
-1.181627817025286600e-04
-1.013734215289636509e-04
-2.602534736545634910e-04
-2.433734841529562132e-04
-2.326820217932474698e-04
1.068056083399520262e-04
1.179674686353753422e-04
1.348698451373476093e-04
2.784330305430173023e-05
4.388275098323184305e-05
4.723073632534975294e-05
8.045928094803649240e-05
8.401952052567536119e-05
9.259644252637000547e-05
7.072940186676019911e-05
7.959839535800339446e-05
9.012577478587145523e-05
2.089196761957609074e-04
2.190256758143611492e-04
2.270650202319060302e-04
1.628223847905125709e-04
1.707883875553064829e-04
1.792737191202455321e-04
1.608647016893640942e-04
1.694334011766464570e-04
1.749706634099638318e-04
2.616438971686746266e-05
3.163290870264603245e-05
6.517356918952013634e-06
1.218925162347076689e-04
9.692780960427090087e-05
8.572274963668436885e-05
-1.276161440593986257e-04
-1.382155096594348443e-04
-1.434183162677249283e-04
-8.990763309114723325e-05
-9.539402742340773048e-05
-3.241984313368147241e-05
3.958645322889477311e-05
1.023752752224420942e-04
6.279957355908325021e-05
1.640584878609234465e-05
-2.323607864347079690e-05
-7.069229958970248595e-05
5.681138052374330207e-06
-4.206268694643080131e-05
-7.038081004544658663e-05
1.136154629483804117e-04
8.538744530845867394e-05
7.206143466065257708e-05
-2.357254625324116469e-04
-2.465628337416929015e-04
-2.518958515494214442e-04
-1.136749996181963141e-03
-1.134654581407745430e-03
-1.120984861803115415e-03
-8.557745766366916390e-04
-8.499688284367928979e-04
-8.711947279702023962e-04
-4.731816753641376427e-04
-4.955270246322350004e-04
-4.980433010892375148e-04
-5.925018608289854029e-04
-5.945950257988079227e-04
-6.046143591636122172e-04
-9.303214650171852526e-06
-2.027609136414539590e-05
-1.978488437652463458e-05
-1.253659195033164002e-04
-1.254410294006379916e-04
-1.377051515495078169e-04
-2.087364249984535053e-04
-2.210088417390034996e-04
-2.150103390358758606e-04
-4.610628523854212366e-04
-4.548233990699422722e-04
-4.337869427379061017e-04
-3.143819047745687132e-04
-2.937393978915948901e-04
-2.950601663655676816e-04
-2.191792841747243167e-04
-2.204270020342507337e-04
-1.755382119913004757e-04
-2.034326060424634193e-04
-1.585493748311303974e-04
-1.193757797006207331e-04
-2.577650022462360979e-04
-2.185852662075000628e-04
-2.153929089152833564e-04
-1.794980943083452805e-04
-1.760494486851265771e-04
-1.535839443123794817e-04
-1.854083092374375207e-04
-1.631227247445739530e-04
-1.448033343188205547e-04
-4.109574784812402952e-05
-2.264920278710516165e-05
1.739423779557945464e-07
4.994372482153384019e-05
7.319258626660066864e-05
9.802646909080452988e-05
4.688512459972608111e-05
7.141995101407177518e-05
6.567821042869660675e-05
1.136838787671551831e-04
1.077086235981104118e-04
8.945822323661842311e-05
6.748836681969884455e-05
4.985789259885051216e-05
3.796393887619902395e-05
-2.248456744487783944e-05
-3.487552728023896910e-05
-7.696102064509962714e-05
-1.544709063586364485e-05
-5.746148334291850245e-05
-7.050050637373892577e-05
-3.282926491781798474e-04
-3.416948880131003073e-04
-3.175730812768481296e-04
-3.774484780679103544e-04
-3.529625824126444381e-04
-3.174003674910222763e-04
-2.791395523059211296e-04
-2.439069091603910202e-04
-2.038147552505365596e-04
2.124072973704146570e-04
2.526623308674202277e-04
2.161220230058312508e-04
2.128713046565421834e-04
1.764278507047344091e-04
1.062222495825106106e-04
2.585526209566854855e-05
-4.399381710346026201e-05
-7.030840258784553905e-05
-7.315131502355618257e-05
-1.000658177651461114e-04
-7.320225056644519127e-05
-4.192969406694135566e-05
-1.491160008043040789e-05
4.911563252861300341e-05
1.163780172903100692e-05
7.575416481884816519e-05
5.970165740104598417e-05
-5.064173358661433824e-05
-6.619860277173834429e-05
-5.408635869383760907e-05
-2.461262242741675912e-04
-2.328665907843405864e-04
-2.205498641934639198e-04
-2.926586060202116630e-04
-2.789707397688573581e-04
-2.262160448198864671e-04
-3.303117593396848422e-04
-2.778052618568489763e-04
-2.525836625063893385e-04
-2.511610543196747514e-04
-2.264795638548311777e-04
-2.046087730200431623e-04
-6.728063034752485884e-04
-6.469337359526596345e-04
-6.306600508628177650e-04
-5.317739533716283121e-04
-5.170331088242816932e-04
-5.970716765059348383e-04
1.194613768371057504e-04
3.402771568836610592e-05
-4.701499271430098817e-05
9.003371548352729356e-05
9.101165079138936543e-06
-4.392828144561902477e-05
-6.237197810076200769e-05
-1.151379185445647020e-04
-1.687274824344041379e-04
-2.375380938589613218e-04
-2.909316434506746562e-04
-3.129167900402022554e-04
-2.131936824862333568e-04
-2.354202162455691053e-04
-2.364289858651740092e-04
-3.989951230101211025e-04
-3.979154890676421660e-04
-3.550674050223463708e-04
-5.651223464342036587e-05
-1.624961848057896602e-05
-6.021338606049684498e-05
8.305859185718841148e-05
3.904765970102599200e-05
3.761595376479490984e-05
-9.412943301984486792e-05
-9.554053526310198616e-05
-1.563821133458986878e-04
-2.365536187946744870e-05
-8.443369733868166804e-05
4.792478749931345077e-06
-4.555537452688440681e-05
4.349196943750839898e-05
2.308073175156772174e-05
-8.209722535737555256e-05
-1.020902701034834232e-04
-8.398758913541058864e-05
-3.991662807143916795e-04
-3.803046737114138421e-04
-3.107827966716124758e-04
-3.302097928492523250e-04
-2.614829742498680099e-04
-2.850637119276040049e-04
-1.474201732464118671e-04
-1.706892088999562441e-04
-2.492069340434549659e-04
3.904782904884214413e-05
-4.018037152780877378e-05
1.982886956915757952e-05
-1.018768104615314486e-04
-4.100924647269271913e-05
-2.042293201987336292e-05
2.834486136356867251e-05
4.847373636118431674e-05
3.926367671344354834e-05
-9.099854217231909646e-05
-1.004261675046391777e-04
-1.132772203209080086e-04
-1.922487671475492409e-04
-2.050428346637837873e-04
-1.417442070584366571e-04
-3.279575948044859157e-04
-2.641294230039785158e-04
-3.022556294833646023e-04
-2.903710663582752000e-04
-3.282226490934715473e-04
-3.195377555761816455e-04
-1.559640615393743717e-04
-1.482022833165111495e-04
-1.392953972277834900e-04
-1.972233201463105632e-04
-1.883246995454326161e-04
-1.662740489510856716e-04
-1.072124404778376111e-04
-8.507261574697123452e-05
-1.001302609690734506e-04
-9.165988942105697079e-05
-1.066969291311958194e-04
-1.055262286127072889e-04
6.390744349649786406e-07
2.183700967161623799e-06
5.553137843275008289e-06
-2.170350520782631952e-04
-2.133358396992445611e-04
-1.871649577928681822e-04
-3.662613056537121882e-04
-3.404554439889242176e-04
-3.121354003957539387e-04
-8.051466957609848692e-05
-5.251511736391781368e-05
-6.122271897556665478e-05
-6.995826531751750507e-05
-7.848830445954981384e-05
-7.899750047986846139e-05
1.765290058777301094e-04
1.754433921243112190e-04
1.761608861971455540e-04
1.413221158665187312e-04
1.420215510125546630e-04
1.824122302692286128e-04
-4.987798207995529213e-05
-9.296378057506362192e-06
-5.400440413118792597e-05
1.149628480830598080e-04
7.038740450902389464e-05
2.765487511427878846e-05
-2.224085676910866601e-04
-2.653406620512735892e-04
-2.865457436727041757e-04
-1.716157923939657260e-04
-1.926480554701442277e-04
-1.000693881096700194e-04
-9.173133826867289897e-05
7.909840760370729067e-07
-4.449791297501593163e-05
-2.411221501561263564e-04
-2.845753958606969973e-04
-2.837426004602606371e-04
-1.796854819329333239e-04
-1.808971433105911362e-04
-1.776639039066206104e-04
-1.329615338376756060e-04
-1.290782312766234762e-04
-8.337472332181964079e-05
-1.929111969560902006e-04
-1.473572826898339764e-04
-1.057491057156905215e-04
-1.918921095738801734e-04
-1.504099812894448321e-04
-1.693227459859490821e-04
-2.576304717525228541e-04
-2.765917525343984792e-04
-2.632961018092092238e-04
-2.862799520321578214e-04
-2.731840699992235861e-04
-2.605595755421619402e-04
-2.601993378332909308e-04
-2.474318853610258089e-04
-2.550343930365906982e-04
-2.964797559225063311e-04
-3.043057228083180217e-04
-3.120454365025079110e-04
1.977846362692380370e-04
1.899821419747741932e-04
1.829711929058426740e-04
1.562452581957178230e-04
1.492730244972513738e-04
1.646279680542409160e-04
4.769178681091905858e-05
6.320199202743766089e-05
7.509224048634965737e-05
7.318940800612268229e-05
8.477677290147145111e-05
9.227186482279686958e-05
6.963851735280801375e-05
7.726562424908517629e-05
7.190730342265615584e-05
-2.635195521277269837e-04
-2.685490724295710552e-04
-2.957363875934708843e-04
-2.820701881908213127e-04
-3.092839296327758560e-04
-3.196665177764371484e-04
-1.856233256289590401e-04
-1.960578059023246615e-04
-2.047499310820030021e-04
4.778953274711921894e-06
-4.181785708166842370e-06
-4.467039910052787157e-05
-6.143789232837634133e-04
-6.525573764778755739e-04
-6.770421774235212825e-04
-2.625701228939078340e-04
-2.894333179683082776e-04
-3.047738338662782636e-04
-5.033023213144981883e-04
-5.151091083260724273e-04
-5.138934596912519363e-04
-2.155254243715206384e-04
-2.174673376144425842e-04
-1.553133711479803185e-04
-2.025224333634184572e-04
-1.407529576011201005e-04
-1.165527856866786858e-04
-3.918801608290722232e-04
-3.647142794872592145e-04
-3.803712377815017445e-04
5.225843859790315423e-05
3.351436424753871136e-05
4.229733647677572767e-05
-2.947673554556885702e-04
-2.847386228675814973e-04
-2.671578689431664076e-04
-9.326300889354673823e-05
-7.673165178391006848e-05
-6.582811497940797363e-05
-7.296709075989094104e-04
-7.116048890151746402e-04
-7.020658893483538391e-04
6.555767881360720839e-05
6.735015558350493890e-05
7.138561296819148552e-05
8.094844085086488547e-06
1.218834905961899053e-05
4.004467280128038440e-05
4.831471552683411132e-05
7.623436920356935773e-05
9.858532456623195564e-05
5.814134726778603110e-05
8.086461338156639492e-05
8.902600029742595419e-05
1.132218882854822174e-04
1.208275230068552183e-04
1.294654338794231068e-04
7.141618925871577725e-05
8.020654599521603693e-05
1.173823692348294743e-04
1.854792189492314707e-04
2.225548522524976023e-04
1.866516671572801848e-04
1.506682164013826140e-04
1.151850359594439347e-04
7.608666721880733399e-05
1.835564093045880278e-04
1.441623165426805559e-04
1.128777281855795401e-04
1.376035864503152612e-04
1.061889330749031025e-04
1.170980503514252279e-04
8.797790238257533488e-05
9.901659718824845288e-05
7.787252067431747944e-05
5.021490137668621276e-05
2.910777217552006275e-05
2.419908804959390505e-05
-1.341761399402102825e-04
-1.390950977182876672e-04
-1.376988910959391793e-04
-2.658290514582063811e-05
-2.438660512038608391e-05
-2.072583851455160522e-05
-5.879930894647826750e-05
-5.572745834993579530e-05
-5.156973908068018158e-05
1.653372451599742369e-04
1.690473620687205146e-04
1.738678939126577568e-04
1.656886636186916183e-04
1.705014502057485622e-04
1.819475795566637664e-04
9.497046544665064334e-05
1.064336678321075290e-04
1.210010151851567098e-04
1.283878949545857160e-04
1.428550305434147486e-04
1.577918875482181419e-04
2.407890057727868046e-05
3.895903421652189983e-05
4.948558965595697403e-05
6.751312241975836051e-05
7.900142848855142832e-05
8.951633784372970510e-05
2.328108278932308197e-05
3.369430336088553119e-05
4.251463774949964690e-05
-8.639376179862156462e-05
-7.825419510822090698e-05
-5.784283887259899538e-05
6.719525350150373387e-05
8.765655191018940050e-05
1.064123583406157087e-04
1.340745275920233234e-04
1.526518984379193972e-04
1.702090863852123476e-04
1.621090426256827305e-04
1.797231722172642804e-04
1.748929241756905163e-04
7.774655171821962365e-05
7.283699573865126025e-05
7.157460106704170927e-05
-1.249048184518705760e-04
-1.229152966273969866e-04
-1.242161611301698804e-04
6.939876959826584086e-05
6.629786228557442429e-05
1.450898445150782499e-05
1.078126574427015066e-04
5.512212838917006884e-05
2.229157695898329578e-05
2.036126999123920832e-05
-1.232815696506286301e-05
-3.895492838466052305e-05
2.802468231299435459e-05
9.301832341265272013e-07
4.564506424677595032e-05
-5.013516485461477529e-05
-5.464376145107303732e-06
-7.744768868368716416e-05
1.057988400952242268e-04
3.350015844981519999e-05
1.848845907480767183e-05
-6.453226579174839060e-05
-9.869711832863896806e-05
-3.826127105551052079e-05
-9.786109624685406406e-05
-3.748467899551826701e-05
-1.186132523888516776e-05
-9.836366409128743395e-05
-7.243160600499976031e-05
-1.103204991924141854e-04
-9.810203683616403264e-06
-4.792866788567354383e-05
-9.886817042590532447e-05
-1.211613849992429227e-04
-1.721129656291142478e-04
-1.147272794690734539e-04
-2.871468886953354254e-04
-2.298490815513587254e-04
-2.322550000909957921e-04
-2.361089080289757508e-04
-2.386152056798580921e-04
-2.665402536526336255e-04
-2.681144407771769798e-04
-2.956517675206079068e-04
-2.407366259634819154e-04
-2.257758280042572528e-04
-1.710709034145202760e-04
-1.229070874842257089e-04
-2.330738493386980419e-04
-1.847976344151795692e-04
-1.098932245270515867e-04
-1.168255801758170910e-04
-4.160827500644876439e-05
4.283457270816328627e-05
-1.596740459547544904e-04
-7.517805464572844404e-05
1.300608276103400532e-05
-1.945429914817923059e-04
-1.063205243303183382e-04
3.520466558191753977e-05
2.950223745097663337e-04
4.358033358214778458e-04
3.520270098797386111e-04
4.011292504940537369e-04
3.174192667338406266e-04
2.384116688175802077e-04
3.795672879768875957e-04
3.010259115966712083e-04
2.575719287929901136e-04
2.062204894740809645e-04
1.623600425742411269e-04
1.184277925158072620e-04
5.854208092985984215e-05
1.439919189849536707e-05
4.039012548026236831e-05
2.684540840373061954e-04
2.945590718926543289e-04
2.599519386145320368e-04
2.181568166751095945e-04
1.836411567361128164e-04
1.816383430878372993e-04
1.898074871583875847e-04
1.878977475599127021e-04
1.745505486392227986e-04
-9.057461440984884834e-05
-1.040419903224522194e-04
-1.728076673239733975e-04
6.378891508894023090e-05
-4.972498201419035639e-06
-3.971712508469611323e-05
3.412453989626057938e-05
-2.913010143467775585e-07
-2.538338678728413759e-05
9.279425935123324478e-05
6.757469152493777694e-05
9.056905689368407921e-06
-1.877305775678492802e-04
-2.464929665464922677e-04
-2.346912853868561078e-04
-1.772251515675350914e-04
-1.653934061510371257e-04
-1.850684830007782457e-04
-1.889315946942078162e-04
-2.087743678150406359e-04
-1.873280749060764921e-04
-1.563113082686146973e-04
-1.349694690071597707e-04
-9.599838112573231739e-05
-1.365893300027206552e-04
-9.757269462662841362e-05
-1.337271681462615515e-04
-1.243377703716894535e-04
-1.605310975049823309e-04
-1.711016060156437548e-04
7.030496606023836647e-05
5.977302740088971536e-05
3.941653119666371254e-05
-2.631514266372350771e-05
-4.652392601444516572e-05
-4.490073219937157540e-05
-1.104174276612618962e-04
-1.089456756279699197e-04
-9.233172653162828288e-05
-1.288552567974559520e-04
-1.121337253918310126e-04
-4.927034720868958225e-05
-1.427823871692081412e-04
-8.011954892982883444e-05
-8.227683255111403748e-05
-1.146335195339952230e-04
-1.164346886858118324e-04
-9.158216720003305297e-05
-6.145253254228807971e-05
-3.669502051103530746e-05
-1.204109757662759600e-04
-4.703562602422802072e-05
-1.310323750357152400e-04
-1.226382677277212865e-04
-1.694880665735350427e-04
-1.605584342332219607e-04
-1.262941234698910977e-04
-1.048709904143249383e-04
-7.031737302433892743e-05
-6.567549802074135624e-05
-3.866081649441465394e-05
-3.398256170274616562e-05
-1.830847613746300340e-04
-6.560930135836751543e-05
-2.153659152099862695e-04
-1.881110036383403092e-04
-2.373235474806278944e-04
-2.098948132815790920e-04
-1.347175365776040359e-04
-3.154896807075573389e-03
-3.052329391659817752e-03
-2.982732184262607868e-03
-1.205940733893060029e-04
-7.867060697976178529e-05
-1.099490501990658519e-04
-2.184005201201564671e-05
-5.338838960306023333e-05
-2.897623935583986472e-05
-6.546707587112908337e-05
-4.118535444010056686e-05
-1.612904846238222690e-05
-5.957194671370096635e-05
-3.446492731141176792e-05
-2.570035579027585022e-05
1.343380860550024661e-04
1.432302906056169859e-04
1.652602654066584020e-04
1.155486094886460074e-05
3.363042690031649014e-05
3.768487456594802275e-05
-3.661171156275598863e-05
-3.273227978157602414e-05
-3.091876945375695391e-05
-9.309650542805694208e-05
-9.084760179660513564e-05
-2.259674541769194213e-04
-1.911862139507427378e-05
-1.538709069486352411e-04
-1.803381514912781743e-04
-1.347708197194727865e-04
-1.617487346232247976e-04
-7.261291370946139270e-05
-5.272377079529998872e-04
-4.364730038562339562e-04
-4.267932570945214173e-04
-1.815757195347470062e-04
-1.732757853749882122e-04
-2.373798019442070230e-04
-1.555360402852039477e-04
-2.201121500882614358e-04
-2.485708782544296174e-04
-2.924836848586160644e-04
-3.206774226484756856e-04
-2.068843704055189534e-04
-4.144736428064592934e-05
7.206912881339570440e-05
4.250964255306236201e-05
-6.100303550373161279e-05
-9.073407429269217199e-05
4.096325998122440871e-06
-2.175907590938609118e-04
-1.221120564277073273e-04
-1.641245652193420903e-04
-3.290139460105205864e-05
-7.457701200323490066e-05
-1.667764205950666317e-04
-4.396573409607944650e-05
-1.369214930338207730e-04
-1.615563823830122266e-04
-2.480738236801121482e-04
-2.723670631635720049e-04
-2.095718807268841396e-04
-2.997853452794039760e-04
-2.373486056186212430e-04
-3.177396029854993018e-04
-2.264030042298091779e-04
-3.067414982865432891e-04
-1.871597393633926687e-04
-2.409489425985942277e-04
-1.215833669280762253e-04
-1.538390381176686780e-04
-1.453981000682467994e-04
-1.776174496774292485e-04
-1.402592382630949905e-04
-5.657037574712848885e-04
-5.194740873532986605e-04
-5.314020521094650097e-04
3.090655138905513380e-05
1.028098693642759192e-05
-3.685955861709306052e-05
-7.586755902446812522e-05
-1.232615043538179303e-04
-1.550186333201373395e-04
-2.334401954560097361e-04
-2.645294642729232757e-04
-2.302110518887216404e-04
-1.501372224606121358e-04
-1.163840646715412231e-04
-9.423213854111365509e-05
-1.739536386541599587e-04
-1.514458890925683915e-04
-1.538748759726453561e-04
1.069627582043339493e-06
-1.928033593242986857e-06
2.439917506295827851e-06
-3.592697553768940157e-05
-3.155487714231050231e-05
-2.257658442208939882e-05
-6.463154052745586850e-05
-5.563111434417241903e-05
-1.180944100475153901e-04
9.962838240648689029e-05
3.693641245027715189e-05
9.589960650193493522e-05
-2.970278094161590712e-05
2.945910132259119010e-05
6.271217342546122589e-05
-1.079134086030350282e-04
-7.460005519133148274e-05
-9.230214251538180462e-05
-8.440631437733856521e-05
-1.023026406658571278e-04
-1.474936699815481919e-04
-2.569291527509447387e-04
-3.021654094191655263e-04
-2.411380438614282233e-04
-8.940580043424070059e-05
-2.807991688750865284e-05
-1.130746642656191086e-04
6.004889007745129641e-05
-2.520280046784643962e-05
1.365800400126228776e-04
-4.302393441950295999e-05
1.187764483947741534e-04
3.111437318829474749e-05
1.171549066530043926e-04
2.972403227567327918e-05
-4.447059478988486521e-06
-1.185307563796487659e-04
-1.526800420893408374e-04
-1.004429200767230194e-04
-2.946917957757188677e-05
2.274211278551556653e-05
-3.178847793394680085e-05
-6.479596645670644456e-05
-1.196376480199208385e-04
-1.142863759887566321e-04
-1.297042846251090890e-04
-1.243045838200648777e-04
-8.671886044442293881e-05
-1.974474137532686345e-04
-1.595309690002316022e-04
-1.385500966315147812e-04
8.025902988617668213e-05
1.008447922905916934e-04
-2.059216703136001136e-06
3.574708327883953504e-05
-6.698189527852136305e-05
3.102202165421576261e-05
-3.075581887144004283e-04
-2.092874842438240254e-04
-1.876201055511638339e-04
-3.116416105277229750e-04
-2.891752734813645299e-04
-2.919527131828585260e-04
4.739532627530472324e-05
4.335094590232583677e-05
-4.144523439749795985e-05
-4.856530986699399556e-05
-1.334552190528037166e-04
-8.776457052559270670e-05
-9.535235325161088300e-05
-4.952465478677912762e-05
-1.149123372296917628e-05
-4.298077492390438130e-05
-5.141985726273836602e-06
1.741190022095314717e-05
-5.805290956768322181e-05
-3.526561090019323373e-05
-1.044590264536418865e-04
-1.429963272481937645e-06
-7.077058600038074949e-05
-1.512491276281903527e-04
-8.258657737260396265e-06
-8.870919420421300751e-05
9.481908484904857850e-06
-1.268431501722912334e-04
-2.865316798064595225e-05
1.162453212958804269e-05
-1.246279383552420712e-04
-8.397305260228880744e-05
-1.159834944982381241e-04
-4.208758507557488603e-04
-4.516087800137997968e-04
-4.259282977243726673e-04
-4.107183561328069132e-05
-1.702131334858290575e-05
2.274933880545083930e-05
-7.224306677634171866e-05
-3.208975745946283887e-05
-3.784147457001795964e-05
-1.691949195985135014e-04
-1.749573905744223853e-04
-2.469525377068019795e-04
-2.283008409921645184e-04
-3.002257605816520142e-04
-2.602848930943384501e-04
-9.286233645745582894e-05
-5.284904408805069648e-05
-3.006713289451212181e-05
-7.328329456109550916e-05
-5.103011265546441569e-05
1.660093892586001819e-05
-4.931080387123287214e-05
1.826538698968061870e-05
1.135068942070119650e-05
-1.056680508727528744e-04
-1.119644084598485324e-04
-1.130036836304879142e-04
8.719077415057649915e-06
7.234178944379989970e-06
-1.516676479672676475e-04
-2.120514110476887180e-04
-3.710442456371745618e-04
-3.894524434877484078e-04
-3.093112959481439145e-04
-3.279801477042882676e-04
-2.559277508377617340e-04
-2.524220345372258658e-04
-1.804210059314554672e-04
-1.725526594237255281e-04
4.007484502228366927e-05
4.818264329509638487e-05
2.684587433665723826e-05
-1.142104223982261843e-04
-1.356035218205143525e-04
-1.660423569192963984e-04
-3.442648894715894772e-04
-3.739822406133490947e-04
-3.263734879452464101e-04
-3.699599166212457564e-04
-3.228062605499950168e-04
-2.959948922804184418e-04
-1.366490805536237747e-04
-1.093200424517132773e-04
-1.239509348479860820e-04
-1.985667639243044391e-04
-2.137065367961132325e-04
-1.802561830613723251e-04
-1.924136505650186338e-04
-1.592634155299475643e-04
-7.692210935904606308e-05
-3.074890785269400332e-04
-2.249739060728900048e-04
-3.915498129720348399e-04
1.304783275615334598e-04
-3.569209021977291947e-05
-6.974577871915945836e-05
-1.202901077852133060e-04
-1.552492091741512162e-04
-7.895582377980556524e-05
-1.143579926883901102e-04
-3.788694296102132833e-05
-5.495550139707018936e-05
-5.330474080122169292e-05
-7.004714716125716770e-05
-5.209161933062209223e-05
5.520499617310735082e-05
7.275177161891402270e-05
1.529287335505355374e-04
1.770196362149359251e-05
9.779450989287535108e-05
7.135211559740225985e-05
9.083961118437538303e-05
6.444554379937569811e-05
6.054698522164956957e-05
-8.749111223936681435e-05
-9.143828876587091654e-05
-1.228526597824826719e-04
1.189603997589559585e-05
-1.935959874940513387e-05
5.154112450323579181e-05
-2.495223088172212125e-04
-1.779971774340462936e-04
-1.393126456680339009e-04
-1.311457729571354641e-04
-9.275297798762137001e-05
-1.835057396588509447e-04
3.275999751327520306e-05
-5.813975305367610519e-05
-9.005881013844830750e-05
-1.282724902180617220e-04
-1.603210156926207042e-04
-1.567669867392654877e-04
-1.367852718712083793e-04
-1.334995220270033341e-04
-9.530592059983942566e-05
2.668580712340517234e-05
6.493136616389196458e-05
7.293356169148405648e-05
-2.260179170620355373e-04
-2.156050221538817360e-04
-1.683395166139895318e-04
-1.003924470628676444e-03
-9.501307139828646777e-04
-9.415550434654993816e-04
-8.070515104293668864e-04
-8.053074402427716060e-04
-8.750797219176847724e-04
-4.214453206090672363e-04
-4.922833263476450233e-04
-4.894079790178406178e-04
-5.966750409056503562e-04
-5.934318211588728367e-04
-4.684714564199772059e-04
-1.940616098769932379e-05
1.046114433712113322e-04
1.172839634353447765e-04
8.967365270179849992e-06
2.106539027301259932e-05
-3.703660454447248174e-05
-6.710812745148650709e-05
-1.251935330856112499e-04
-1.480983484968187685e-04
-3.397078556645182629e-04
-3.624608945998939423e-04
-3.748808124700477983e-04
-2.413972253877314205e-04
-2.541485485752961303e-04
-2.216518463043380064e-04
-1.743517535405150049e-04
-1.417590377328801436e-04
-1.268278768892685106e-04
-1.311134677322465462e-04
-1.161938902131566932e-04
-1.185682187091857383e-04
-2.087213118701527050e-04
-2.111005589135289380e-04
-1.742317459224330392e-04
-1.831468827326148937e-04
-1.459986147614734378e-04
-1.932111890317381425e-04
-1.491002390770780053e-04
-1.965208184236169858e-04
-4.103398532606661320e-04
-8.546941986134956311e-05
-2.990125503856688738e-04
-1.510067564869055042e-04
-2.124482271028682590e-04
-6.415245718934922312e-05
-1.497162145975913122e-04
-7.818160941505222414e-05
-1.641590195655758693e-04
-5.191523989992060089e-06
-1.393340488145063832e-04
1.949993293885716019e-05
-9.730802784292224682e-06
-1.991330372481963816e-05
-4.851763770504874352e-05
4.436128340986472685e-05
-1.103665516065342462e-04
-1.801296918328004759e-05
-1.021464577392690223e-04
-8.609987223996695693e-06
-9.264557049432921819e-05
-1.148192976214054662e-04
-3.626759735384039920e-04
-3.852236266791883275e-04
-3.989012728406438578e-04
-4.123619008421960637e-04
-4.256969367115149248e-04
-4.081809807261038009e-04
-3.621657777538845290e-04
-3.449474375387239639e-04
-2.288787016976781660e-04
1.141935440088104748e-04
2.304267856135341799e-04
1.773458944821454202e-04
1.957818950660369819e-04
1.427967664507872974e-04
1.312209919798672610e-04
-1.854878690077889814e-05
-2.980260752322893203e-05
-4.417496133012267139e-05
-5.044915588754038871e-05
-6.535012256701978233e-05
-8.776724998191246419e-05
-1.166911137172522333e-05
-3.397584795769551425e-05
-4.380246703148559960e-06
-2.291017056482523963e-06
2.740940164345435676e-05
-1.273308910475193950e-05
-1.029321612646884483e-04
-1.425895348149266789e-04
-3.999289528434875124e-05
-3.076436437624421394e-04
-2.039980148707121860e-04
-1.969210606184813384e-04
-2.978574024323910724e-04
-2.894328535185220841e-04
-3.141000502469547544e-04
-3.066625539795520905e-04
-3.313681095565267358e-04
-2.891878955868685489e-04
-3.600736249896295820e-04
-3.176466105376982933e-04
-2.757585556492605692e-04
-7.318060505075061565e-04
-6.868605218142667841e-04
-6.380556912277616632e-04
-5.585576240219572615e-04
-5.111957031418360841e-04
-4.548167366062863602e-04
1.142103395308576453e-04
1.651461621752367483e-04
1.905262930101448999e-04
2.270435339544327126e-04
2.525432378767723546e-04
8.053594725838795392e-05
1.736931322390878902e-04
1.931070496131927650e-06
1.995881439254626943e-04
-1.053683204513142994e-04
9.250615859152826800e-05
1.579144675592476050e-05
1.639622032710358812e-04
8.695913068326705615e-05
5.192682248858840333e-05
-6.389737306786185582e-05
-9.673391366990177764e-05
-1.277147929056128756e-04
2.262768112993064629e-04
1.926228470995509728e-04
1.622350538679858583e-04
2.926385770126897572e-04
2.622253179294750007e-04
2.619928438735207661e-04
1.292656963057344692e-04
1.290597030975170552e-04
6.895459726200868045e-05
2.068264841300681352e-04
1.467861343173259929e-04
1.691798443623212058e-04
1.823688339556517139e-04
2.045803176421997029e-04
3.111794605222521922e-04
7.520565674140573332e-05
1.822295845788894793e-04
1.983689126873620294e-04
-1.126332543487669328e-04
-9.573945309144924658e-05
-5.289188572966756728e-05
-4.571043419761131781e-05
-3.660806555461906461e-06
4.046635018874569258e-05
1.133505908230572710e-04
1.577949502154128106e-04
1.198235394286160547e-04
3.647128092472316178e-04
3.260180664101784307e-04
2.831035691818092588e-04
2.601515433371235806e-04
2.181057881719302956e-04
1.771647415067283604e-04
2.933897578080054943e-04
2.519875755011318419e-04
2.385931048091017160e-04
1.076896635991735551e-04
9.412409148788829184e-05
3.823096351637939039e-04
6.550275864829159175e-08
2.882659475957477513e-04
1.547560986865898045e-04
1.636296085720384541e-04
3.061315690061351376e-05
3.455127753537729071e-05
1.620580039812525826e-05
2.048586193692519949e-05
5.777043089694134867e-06
1.817074620745761661e-04
1.660416219704363271e-04
1.419249644725913964e-04
1.133148235124114677e-04
8.918381782615136723e-05
7.294862809753842369e-05
1.802175144887859784e-04
1.640779017393929483e-04
1.202003588964922721e-04
1.645738310103756906e-04
1.207493735542280967e-04
5.162334542877785671e-05
2.348921809876097734e-04
1.659620070892181228e-04
1.238944232193427532e-04
-7.204607703566737664e-05
-1.136490037003857643e-04
-1.569702313189986608e-04
-2.634042185070318729e-04
-3.071044071020218990e-04
-3.587689439185343500e-04
-4.633379517138334729e-05
-9.830881165120820635e-05
-9.661422913878438333e-05
-1.238702402800701105e-04
-1.220641318893360839e-04
-1.237343753425721728e-04
1.403942621011917545e-04
1.382303412858545131e-04
1.156783117879691401e-04
1.039585072751305348e-04
8.140035505891282642e-05
8.802247119038607119e-05
-1.100122927779288164e-04
-1.032167833005519664e-04
-1.601283526676515337e-04
1.242817468610833524e-05
-4.427479297619260677e-05
-1.282342127524316311e-04
-3.285313520743319985e-04
-4.127706051804125309e-04
-2.954432184602217518e-04
-3.192813601344823837e-04
-2.017349379862742539e-04
-2.183375155247338842e-04
-9.920719280178565938e-05
-1.159090726097636651e-04
-6.303068154979310847e-05
-3.437858805220165084e-04
-2.890546086479332290e-04
-3.492214402513860562e-04
-1.950636426687594495e-04
-2.572901523536353209e-04
-8.699775407009906767e-05
-2.067759435022531846e-04
-3.587108421058542726e-05
-1.864576493277128079e-05
-1.153876966695595503e-04
-9.816493852882559636e-05
-5.841383438020289432e-05
-1.341111668374287639e-04
-9.457837052106202137e-05
-9.129575642188256799e-05
-2.030817578306728650e-04
-1.998739405757672173e-04
-1.973132171459794333e-04
-2.072204458749777657e-04
-2.048476167746186545e-04
-1.681960245102103900e-04
-1.832107814751863769e-04
-1.464132626048680495e-04
-8.251737258254055385e-05
-1.974528246998246859e-04
-1.337316740755594194e-04
-6.277699907819317849e-05
3.602707450699855715e-04
4.310957625026670638e-04
4.956543511673531122e-04
4.016606031260774824e-04
4.662641572088191844e-04
5.414933203490798243e-04
3.695894542636538483e-04
4.448800192102205821e-04
4.114216010693883029e-04
4.431424186685469814e-04
4.095171482677062479e-04
6.142514812019035306e-04
3.980400090713476268e-04
6.028619590871349063e-04
7.897372962901703410e-04
2.558630712520644154e-04
4.430330701865590505e-04
2.305314846461715755e-04
4.314184299432075910e-04
2.189358201002779064e-04
-1.705195230739629938e-04
3.363127906931641159e-04
-5.320142953009075661e-05
9.831433750061107073e-05
1.650438440423020051e-04
3.162230543776021639e-04
1.231637462783432397e-05
-3.360015423286168536e-04
-6.377852868214639115e-04
-6.534852249812765374e-04
-2.093072279282304010e-04
-2.271262450874282374e-04
-3.222592564375566606e-04
-4.111358825382275834e-04
-5.027938383241610347e-04
-5.482196755595124824e-04
-2.364101452363150482e-04
-2.849381015523888279e-04
-1.746574667015447519e-04
-2.770076569988943744e-04
-1.670860470005645654e-04
-2.701318612200447750e-04
-4.611624422216191194e-04
-5.610568645754137468e-04
-4.899745922279400909e-04
-1.016288464999997177e-04
-3.393792710032749469e-05
-1.880446281839160761e-05
-3.741056657140000492e-04
-3.575774440131708845e-04
-3.482251037581245634e-04
-1.576897461954131587e-04
-1.494513259472678363e-04
-1.228228944717398377e-04
4.799902793314504029e-05
7.444195159334181830e-05
1.273420547521753835e-04
2.412524133543907687e-05
7.676816122048410050e-05
1.113018981836590236e-04
1.447876084503593318e-05
4.908249252045930079e-05
1.146753455226963469e-04
8.474853825325549296e-05
1.504123318422308274e-04
1.504721924262248755e-04
1.468505468632748433e-04
1.473446948053442718e-04
1.654105810025954305e-04
1.635850251019128443e-04
1.810345212739208399e-04
2.137535872859217282e-04
1.323558182498687564e-04
1.652306770663045403e-04
2.065702887190752819e-04
2.722522210203379448e-04
3.134784659775220945e-04
2.768017253602074674e-04
2.489029306158670380e-04
2.125734277997317007e-04
1.947265808401004014e-04
2.737396240463631442e-04
2.556686339364693103e-04
2.511008701884211354e-04
2.502638925495863495e-04
2.455675699064531676e-04
2.570763112941237957e-04
2.288671735339821629e-04
2.404766141750330896e-04
1.802438691166011859e-04
1.870448481837699980e-04
1.268730465463144947e-04
9.809027434576198705e-05
-3.623733398031757586e-05
-6.503250441264465205e-05
-9.274803514819818153e-05
2.974865966725990423e-05
2.965819386353319743e-06
-2.546498558103049681e-05
-2.325009618181961193e-05
-5.249659420541430400e-05
-4.509184045229682044e-05
1.755841769886581363e-04
1.826374183154979972e-04
2.247686288275890939e-04
1.832335193329340099e-04
2.253634347245697818e-04
2.388948034075849460e-04
1.519554834478204094e-04
1.654709578014273898e-04
1.636961043876970128e-04
1.846034157660153465e-04
1.827623220341654435e-04
2.595249555713475447e-04
6.317752758687380111e-05
1.398864354530327718e-04
1.344423338277988167e-04
1.415797690685816805e-04
1.374862161437772246e-04
1.681777536125371062e-04
1.231578037814028592e-04
1.532017082629242742e-04
1.895337565965409823e-04
1.816588667700829145e-05
5.396246818596678449e-05
9.384496255422479375e-05
2.018689494743402548e-04
2.417988539824122833e-04
2.649285170350486676e-04
2.824026119347522305e-04
3.053426053243020813e-04
3.374387942785576563e-04
3.169833371516580026e-04
3.491898587271750551e-04
4.120869762375523699e-04
2.498663143087357860e-04
3.126482534100805772e-04
3.365206668646537587e-04
1.151332162664776100e-04
1.422574006979816482e-04
1.865973179878392283e-04
3.504900107187681720e-04
3.928014201296218698e-04
4.308990047371968500e-04
4.209700426503741209e-04
4.584223807848080865e-04
5.084667812643149133e-04
4.282322062005311123e-04
4.784556388930925365e-04
5.118089222203618064e-04
5.083699819242158170e-04
5.411525391362285390e-04
5.658061679886842391e-04
4.898530652833780422e-04
5.145323637142965815e-04
5.911355721540150409e-04
6.299313215740213415e-04
7.061848911465478306e-04
7.367267999231758143e-04
6.863465416021046405e-04
7.169377813713567879e-04
5.622017106394186416e-04
7.153755168562697794e-04
5.605983369638114968e-04
4.144226845200119731e-04
4.971984362815409699e-04
3.513089181468768236e-04
2.509902812341106870e-04
4.090135339028148171e-04
3.084601163897542097e-04
3.143356486655360577e-04
2.374480797476945259e-04
2.433344095445758221e-04
2.477261311584328350e-04
1.344625677413827298e-04
1.387407698645432529e-04
1.235942764204615353e-04
1.338602612237622079e-04
1.186235459052646158e-04
1.226469780379157016e-04
9.373741345449030380e-05
9.818634358841883637e-05
1.447804480081860568e-04
1.592178327557812879e-04
2.055743335036997344e-04
3.086694802046612137e-04
1.520967435313825156e-04
2.552625834365234011e-04
3.369982710334865897e-04
-2.685499919363241832e-04
-2.900137359608007006e-04
-2.346786310804136670e-04
-4.230563380621415906e-04
-3.677196615749098933e-04
-3.136371656635712594e-04
-4.836933327746637738e-04
-4.296261745819758386e-04
-4.346319773867518750e-04
-1.532693436256908214e-05
-2.100668001731643183e-05
-5.177812619665776977e-05
-6.646035848462739689e-05
-9.714194658743356952e-05
-1.140562026968259786e-04
-4.318469638535892257e-05
-5.964144027997147785e-05
-8.222622593364833140e-05
-1.488211647348512386e-04
-1.718456947148141100e-04
-1.603409559662546697e-04
-2.682013032628518178e-04
-2.568853610624651819e-04
-2.337293438100646308e-04
-3.763552280012491579e-06
1.950536236870856373e-05
-4.161654558607379899e-05
-5.278791947750552209e-05
-1.138187324429583083e-04
-1.258496631635352969e-04
-1.205585392924677859e-04
-1.323568722000345588e-04
-5.532406298476987992e-05
-2.435961214359849691e-04
-1.668633145050683149e-04
-1.812648272025856088e-04
-1.571240377848574050e-04
-1.714826077805357884e-04
-1.838597474567627466e-04
-1.275896222214671681e-04
-1.396217359876295483e-04
-1.764158493642502626e-04
-5.110470575224962755e-05
-8.803572354733880359e-05
-9.771891200216487050e-05
-3.451665231295668952e-04
-3.550800029188394547e-04
-3.169840616578838491e-04
-2.858750813174992800e-04
-2.477614449276259803e-04
-1.982764531986185767e-04
-2.681704769315800332e-04
-2.188558008184054353e-04
-2.277752498382534861e-04
-1.708451034629115321e-04
-1.798563750678505778e-04
-2.075497275644286679e-04
-1.764649348085578560e-04
-2.041359355633451747e-04
-2.218583858899081786e-04
-2.319025032182528781e-04
-2.496571132774705998e-04
-2.291263088865335264e-04
-2.278608645207796072e-05
-2.194927992731262863e-06
3.458593215488143591e-05
-8.136822802965894123e-05
-4.449010288065984519e-05
-4.347312779159625640e-05
-1.114356213640676406e-04
-1.105439237132050621e-04
-8.251835892723869120e-05
-1.315526983513810129e-04
-1.034197549829445366e-04
-6.740654357407520792e-05
-1.381325047491304163e-04
-1.022873388573182680e-04
-1.654099788815020485e-04
-1.372601022448046066e-04
-2.000873674936829967e-04
-2.447606621205932788e-04
-1.404380483385412855e-04
-1.851799697976685185e-04
-2.046584902009998595e-04
-1.904757464433214683e-04
-2.102163177360852396e-04
-2.142472569654796941e-04
-2.448873035055657336e-04
-2.484175695396129710e-04
-2.614395848685722762e-04
-2.182147784448330028e-04
-2.309756887588497215e-04
-2.333136799279600382e-04
-1.667464744277145678e-04
-1.695747487246990204e-04
-1.506109695146021416e-04
-2.154648100258782506e-04
-1.965724516157221964e-04
-1.523154601634293687e-04
-2.182068276414808800e-04
-1.737753150698542488e-04
-1.806245183903196542e-04
-2.772559640597813038e-03
-2.753198690908535782e-03
-2.780228154733777046e-03
-1.809528241497868387e-04
-2.343040978303179145e-04
-2.333936863578855991e-04
-1.711476943455636501e-04
-1.707279152469709516e-04
-1.703033340163528919e-04
-1.756821438902989030e-04
-1.753325050231069326e-04
-1.749762013787403703e-04
-1.917407207656651735e-04
-1.913423766382038593e-04
-1.817908755484181694e-04
-3.280137389083392918e-05
-2.303590507750912997e-05
-8.191145296900779099e-06
-1.474484283690485409e-04
-1.326347478413891746e-04
-1.349626862231609770e-04
-2.020626338878583862e-04
-2.045682511545685478e-04
-1.914022237142950762e-04
-2.617286834886265617e-04
-2.481159122508421735e-04
-2.345175824159116999e-04
-2.003589420892701019e-04
-1.863741861454503194e-04
-1.626329437974849456e-04
-1.497171258817718879e-04
-1.265379076037564986e-04
-4.532186813305713580e-05
-4.983555379701787346e-04
-4.155154902080784298e-04
-5.613142604072013766e-04
-1.510202864709088986e-04
-2.981732287973532891e-04
-2.387334624356263917e-04
-2.802882846974203801e-04
-2.213202914273971361e-04
-1.719574394016324097e-04
-2.983724788347864192e-04
-2.487065977263061816e-04
-2.421643450499702120e-04
7.269908842413838937e-05
1.163501540815635709e-04
1.123861121839917691e-04
-1.072163713051088769e-05
-1.483279889104147835e-05
-4.916529010638175557e-05
-1.327718372096233575e-04
-1.664500015567201192e-04
-1.942163160073878583e-04
-9.412645900278864453e-05
-1.216225152838351544e-04
-1.277202686012822788e-04
-8.250816040703378286e-05
-8.928825302953901537e-05
-9.552253515321329957e-05
-2.028153107219475906e-04
-2.087291305684627800e-04
-2.221682800947381658e-04
-2.370108651262851267e-04
-2.508107857349021834e-04
-2.736997487543342739e-04
-2.369410933962716264e-04
-2.597862551508663327e-04
-2.609079413877905839e-04
-1.929494249222992092e-04
-1.942812117112906211e-04
-1.937630615018649696e-04
-2.272048326039792531e-04
-2.265562972341074346e-04
-2.039294431779562389e-04
-6.036793958217247669e-04
-5.722420264828979473e-04
-5.519049032311953290e-04
-3.316046242621084963e-05
-2.156659550499843850e-05
-2.305060706469726250e-05
-9.580585404299872413e-05
-9.747947705812316820e-05
-9.675165979729936558e-05
-2.150807508723394379e-04
-2.137269538741369784e-04
-2.050067300969874058e-04
-9.884277001561568219e-05
-9.069184626603029112e-05
-1.018174342091101323e-04
-1.370374407215183173e-04
-1.478182064813467775e-04
-1.214336031942027578e-04
-1.339603916061102491e-05
1.245987849437119868e-05
4.944331843663183419e-05
-1.554909496441063974e-05
2.142638508022007911e-05
5.485612416425940450e-05
-9.549651134049618557e-06
2.389207872813788112e-05
1.264999959475323677e-05
1.772287408796976028e-04
1.657606896022051585e-04
1.765912457720087325e-04
1.046023877695851040e-04
1.156433437152127220e-04
1.223714534868740539e-04
-3.617028315623156296e-05
-2.947562096172263221e-05
1.030060228729401915e-06
-2.943644720592786864e-05
9.500392468886125971e-07
-1.223397658424568431e-05
-1.484673673996461879e-04
-1.616653094136540319e-04
-1.704455365779816982e-04
5.936901333523797735e-05
5.082826703982354431e-05
4.157330021108316905e-05
1.265616653017692390e-04
1.170805180546343578e-04
1.299483482644492175e-04
9.813954146657886631e-05
1.110395896167093303e-04
1.208688328506904810e-04
1.087649360916176226e-04
1.188267916905242174e-04
1.068363264864274844e-04
-1.841625712127283520e-05
-3.045009430870771567e-05
-3.893664374040659687e-05
8.218894730880498727e-05
7.373852300666052678e-05
6.708567732676985187e-05
-1.252977794060703537e-05
-1.949946974672255593e-05
-4.177227616204134747e-06
-2.893352004501847105e-05
-1.357169670507889204e-05
-5.329333672469282633e-06
-9.536066348653864078e-05
-8.674203158186914969e-05
-7.579019763238298399e-05
1.581007851735392715e-04
1.686009531401885797e-04
1.947290805015289847e-04
1.098832112181788434e-04
1.362168152605225955e-04
1.333710350990424817e-04
-1.112192073582629051e-04
-1.138424669080284472e-04
-1.109261368191260307e-04
-2.148254244276193018e-04
-2.111061196564156025e-04
-2.256916869995297787e-04
1.268909606943447680e-04
1.110616411566620770e-04
1.093663994570049725e-04
1.874285758425277499e-05
1.694162701002986052e-05
1.453511154646480947e-05
6.044952523641020873e-05
5.817064462131316333e-05
6.282897789655823330e-05
5.933418665914292007e-05
6.382064726362574915e-05
6.947265055678113590e-05
1.205928106951166014e-05
1.794152476541026721e-05
2.248763659920069847e-05
5.448362489878460059e-05
5.888408661305430804e-05
5.760359149054126299e-05
1.217906191614222852e-04
1.205261602494909004e-04
1.003289686469487898e-04
7.331746259797797954e-05
5.313137410675511287e-05
4.087849740663378239e-05
-5.098669168538078143e-05
-6.280746381471098662e-05
-4.591682504019557135e-05
-3.749754403319412589e-04
-3.567802514610332121e-04
-3.446312109711723633e-04
3.936351000243009431e-05
4.977477532763457490e-05
5.881345075881816409e-05
6.780248829019684936e-07
1.012242226256765388e-05
-2.171832594385504742e-05
-2.992116635988087891e-04
-2.202187593925091598e-04
-2.463327621872140986e-04
-2.475499337437841270e-04
-2.737539837899221999e-04
-2.823606100275724562e-04
-7.918144576890160866e-05
-8.764927583910371545e-05
-7.903166337713078411e-05
-1.093152004170774985e-04
-1.012557412156038061e-04
-8.169887460164536818e-05
-1.048248894636653438e-04
-8.530360228244026287e-05
-6.440513206151874791e-05
-2.237270369739439069e-04
-2.021718970264271093e-04
-1.817117318739358133e-04
-7.516606964608283769e-05
-5.514803533397501169e-05
-2.990489418389872265e-05
-2.655760491495195302e-04
-2.405274525541313047e-04
-2.553362379215517054e-04
-1.784352742857731934e-04
-1.934813722867377735e-04
-2.113823470068094935e-04
-1.152546998012670017e-04
-1.331965654031304325e-04
-1.303759206936061098e-04
7.976194643509335264e-05
8.286295561936500532e-05
1.211498057915767214e-04
-8.657922515760359304e-05
-4.838301158939175986e-05
-3.512231678005203945e-05
-2.370706241248237410e-04
-2.230451388587419723e-04
-2.307606791786318934e-04
-2.343163247988735173e-04
-2.424087306193476832e-04
-2.440861384380681046e-04
-5.030165083589314577e-05
-5.159459705428011498e-05
-5.381199502175034117e-05
-1.354285299308670290e-04
-1.381413041965413196e-04
-1.429746172886441405e-04
-1.212331719582277639e-04
-1.263576979778806622e-04
-1.264380895179767017e-04
-2.870182344719867436e-04
-2.867570925616729589e-04
-2.884242481454796572e-04
7.884900913377517417e-05
7.747003967915108008e-05
8.104442668079619625e-05
-3.831641668971576264e-06
-1.231163421857754204e-06
1.351217494674337343e-06
4.320283324157108882e-05
4.591779665774883075e-05
5.676061513987476644e-05
3.007527206777812286e-05
4.128121904251272497e-05
5.249698480993308567e-05
1.617858145855377865e-04
1.726020611583421423e-04
1.820148932796798627e-04
1.196019122487100258e-04
1.289217358038656394e-04
1.415343956567207285e-04
1.203853203964315335e-04
1.330565226042503425e-04
1.364273873204830323e-04
-2.088524183380883852e-05
-1.757475301385864278e-05
-1.404032781137694178e-05
9.617471615090027789e-05
9.986478863866459074e-05
6.279024294144662315e-05
-1.359710001328455335e-04
-1.724126830367818267e-04
-1.860421772619196663e-04
-1.324112143038287551e-04
-1.462977826633909235e-04
-1.605168081547181196e-04
-2.303968463479070757e-05
-3.739143814491583773e-05
1.998747052823660964e-05
-9.806592517598076530e-05
-4.086565581417174941e-05
-3.673656572998759088e-05
-1.909770775853188640e-05
-1.523680947200652894e-05
-1.826431578219188563e-05
1.494796150066770917e-04
1.464371420516793598e-04
1.509517657376229665e-04
-4.856281771716500651e-04
-4.790667684011757472e-04
-4.736293413637319744e-04
-7.930273662515581294e-04
-7.821379186546543235e-04
-7.965106223944855074e-04
-7.757140047809222335e-04
-7.953969934258890489e-04
-8.125349688693422412e-04
-3.982635853115749696e-04
-4.164109980105895137e-04
-4.065912486766346066e-04
-5.330911646946806049e-04
-5.229626819272406666e-04
-4.566706060138652867e-04
4.190317334003076000e-05
1.072427245383029038e-04
1.620287099676084538e-04
2.136103159886497795e-05
7.558628807867586808e-05
6.697205541679945385e-05
-1.972474033852398200e-05
-2.830038132121476735e-05
-3.473939391958320399e-04
-2.271398173735818585e-04
-5.461060168861205186e-04
-5.184083772145269085e-04
-4.350923368881249686e-04
-4.077187683686671425e-04
-3.719226682429502403e-04
-3.213215738322643209e-04
-2.854052457829306519e-04
-2.671817128749007274e-04
-2.753315369469414150e-04
-2.571408040558362295e-04
-2.333175469735117335e-04
-3.466673588582688858e-04
-3.228244566903861216e-04
-2.908742117132482176e-04
-3.099532585670651845e-04
-2.777463760129598026e-04
-3.193121602975465935e-04
-2.720506108734247331e-04
-3.138281837322451752e-04
-3.192525176740610197e-04
-2.125243564818688586e-04
-2.176205738391154602e-04
-2.132777885488959643e-04
-1.208945317370244322e-04
-1.163146666439043972e-04
-6.576514344518654700e-05
-1.190193438159095737e-04
-6.890601427616201992e-05
-4.508683824670626800e-05
-6.081653184113674517e-05
-3.711393120457544010e-05
-4.932859817734615640e-05
-8.193285512962504308e-05
-9.352851273241149024e-05
-8.336279707553149250e-05
-1.431080520686756237e-04
-1.334550003852909901e-04
-1.529574273654581596e-04
-1.329913181584543088e-04
-1.523800946806879331e-04
-1.665799076805389177e-04
-4.174023978912593143e-04
-4.319873127757138534e-04
-4.417461446669957445e-04
-4.491723679608232303e-04
-4.586518030797204779e-04
-5.448717121248253031e-04
-4.028820536282918261e-04
-4.893474243794687433e-04
-4.168109437600301293e-04
-3.398620094909596875e-05
3.871495641902447237e-05
1.397761669534716212e-04
1.339409892860655917e-06
1.024719320878844165e-04
1.535075865048246254e-04
-5.814631654056800374e-05
-6.795787781916392926e-06
5.454103933516052730e-05
2.358452587158215959e-04
2.964406275532357506e-04
3.244759234769563762e-04
9.090579527764675385e-05
1.192960833543739853e-04
1.732764145521270408e-04
1.584775516642085848e-04
2.125696706747459545e-04
3.011164219919249463e-04
7.770057038160137078e-05
1.667411118382245349e-04
3.081157685032074418e-04
2.210261236034632201e-05
1.642758490292315450e-04
3.376109921568329428e-04
4.459865719619738721e-05
2.194992953640664910e-04
-2.020134628817707467e-04
2.225134626691485738e-04
-1.989563383229345250e-04
-3.646945825247581820e-04
-2.811415974118083882e-04
-4.460560285887237410e-04
-5.671185015653588263e-04
-8.226073242193575720e-04
-9.412392781068899122e-04
-8.692715525582341051e-04
-7.998964090784408537e-04
-7.293409760065285062e-04
-6.287400146362722569e-04
-1.223784963555542055e-04
-2.727227996786844725e-05
-7.966087943684220345e-06
4.111117146691519028e-05
6.051924144961321351e-05
3.698336826645889420e-05
1.186807714978406784e-05
-3.410361666564973239e-05
2.261886473174580959e-05
-1.223001555200401152e-04
-6.532647896197250458e-05
5.751798079118333436e-05
-6.574766488056478161e-07
1.218554613716175375e-04
2.964645003627478436e-04
-3.543950982836860646e-06
1.733070724836974696e-04
1.312797845958388072e-04
4.688731181628494815e-04
4.241997682175255042e-04
2.287814109469222743e-04
5.204376117535988461e-04
3.249888591700623650e-04
2.462485911683605388e-04
1.949027624097111541e-04
1.161896537387936711e-04
7.748129142478538491e-05
1.975980588332011700e-04
1.589543652304677460e-04
1.907091472798139479e-04
1.920027797101760451e-04
2.235756046115067478e-04
3.564475844579844213e-04
9.504222267187392974e-05
2.283436368126983231e-04
2.804492664194332247e-04
-6.002603567665420114e-05
-7.262426670953464006e-06
1.209957106263020955e-04
3.538472576966898491e-05
1.629406167418340169e-04
-1.191649249146035103e-04
2.854928886741975270e-04
3.730946840132197927e-06
-1.027558782288331366e-04
2.062839079674990686e-04
9.905057692327612871e-05
8.056482161677416473e-05
3.674268106357270712e-05
1.914662985413309246e-05
1.988633294265520872e-06
8.634417295738097339e-05
6.871502903816456825e-05
6.365876227205720839e-05
-7.790788601557557553e-05
-8.308814965134384933e-05
4.773987835619245175e-05
-1.813690784475010902e-04
-5.060913885131831762e-05
-1.253354327874975360e-04
-1.756995558378135740e-04
-2.499505260149734176e-04
-2.922809858199840898e-04
-2.545626391312824643e-04
-2.965132648450023050e-04
-2.844795810063618078e-04
-1.413179620493835325e-04
-1.302592274272131576e-04
-1.413130263412828947e-04
-1.887800746602254763e-04
-1.998467374673570897e-04
-2.594485111321096871e-04
-9.616349745416002525e-05
-1.556552586397861693e-04
-1.314318037327319216e-04
-7.999630070019117165e-05
-5.563515557124613042e-05
-1.284160697941595587e-05
-1.626759736947117562e-05
2.663504693082606521e-05
1.036215731695937941e-04
-2.236195070447113541e-04
-1.461892492548850348e-04
-1.485827403690404567e-04
-2.913887541686472466e-04
-2.941989248234517249e-04
-2.583702036581532837e-04
-2.706467305195697868e-05
8.517538669372928025e-06
-1.663503236678750587e-05
-2.722440985325442564e-05
-5.235765594599158836e-05
-7.817426700076538339e-05
2.148658081608000644e-04
1.886773938529520927e-04
1.764286330939638216e-04
1.576688195562317668e-04
1.453991658849543680e-04
2.079116790929181518e-04
-4.339763330841485672e-05
1.927640615858379914e-05
-8.154841266771892467e-06
1.183459177928814681e-04
9.117255940920289382e-05
7.644236234570397611e-05
-1.810759629693013825e-04
-1.961609648298983407e-04
-2.030997829072521724e-04
-8.850563403596626048e-05
-9.529235549535320184e-05
-3.692004745870977860e-05
-5.766295458038310029e-06
5.259349793150871772e-05
1.164897260603166892e-04
-1.582762101669624470e-04
-9.251457202503012879e-05
-2.590763933646450133e-05
-1.359211426483022435e-05
5.094303314884235769e-05
1.467825745744737523e-04
1.086688801490985385e-04
2.050741418311479228e-04
7.265317794457855707e-05
1.047741056932243245e-04
-2.754132770410892481e-05
-2.815726603278749605e-05
-5.642437650299784654e-05
-5.732818081872397085e-05
-3.331820542703736862e-05
-1.599786423043333830e-04
-1.360419212539063795e-04
-1.367330716923191212e-04
-1.423115266185568674e-04
-1.431833536364450119e-04
-1.453101290471229797e-04
-1.210679931566431187e-04
-1.230496568686638122e-04
-1.435225409219363516e-04
-1.667340407229337936e-04
-1.873277056726017778e-04
-2.054772871906550714e-04
2.973935455960365201e-04
2.790498633567096553e-04
2.690959494896443091e-04
2.536077858985720090e-04
2.437021880280436478e-04
2.918354085246700931e-04
1.427040819647000633e-04
1.909084176710475374e-04
2.447259520509263752e-04
1.844495937526825953e-04
2.381314606268873689e-04
3.175572218928155322e-04
2.335937805569714186e-04
3.130735730841425080e-04
2.348755281710770276e-04
-4.254217314574450064e-05
-1.205289242496940944e-04
-2.004166697780742842e-04
-1.276576164817664477e-04
-2.074550819280698497e-04
-2.135176935264669769e-04
-9.219427995152320449e-05
-9.831565218361247712e-05
-1.375777461793324078e-04
1.326297763005069978e-04
9.296463790870699044e-05
9.097991776723133662e-05
-5.964668340742637891e-04
-5.965131372439144881e-04
-5.888312232458061193e-04
-1.372271313092140641e-04
-1.313977634311682741e-04
-1.153625888903834899e-04
-2.606333225742942850e-04
-2.414232984804757912e-04
-1.856164206676208473e-04
-3.042291418325389222e-05
2.258053716085617769e-05
3.396567830436764785e-05
2.101434362865751016e-05
3.205809684091149398e-05
-3.456724300891263072e-05
-2.981600753255850213e-04
-3.617395537989596802e-04
-3.343584359358971214e-04
1.436790502080311101e-04
1.677679864255736376e-04
1.558713554766577385e-04
-1.947402599003141021e-04
-2.052072379376190998e-04
-1.772030608142369104e-04
4.807748867998709510e-06
3.161011241650053729e-05
6.551492750008462576e-05
2.373818917087636279e-04
2.711721468397123983e-04
3.202375416873276060e-04
2.260123806802263728e-04
2.747960286211475556e-04
2.764666416742289482e-04
2.111201799704015081e-04
2.128589978501582562e-04
2.541049254888984137e-04
2.475592766249934255e-04
2.888995297782438569e-04
3.330740238688327352e-04
2.929235272405984573e-04
3.375302423173002879e-04
3.831307226862168316e-04
3.421387465586326997e-04
3.871216290933421258e-04
4.070723963224946469e-04
3.433230854641056064e-04
3.634130417624174565e-04
3.779128140766405131e-04
4.723455286723247677e-04
4.867265064265810515e-04
4.545161394008199584e-04
4.311088244892888333e-04
3.992090171623739314e-04
3.873818932810413774e-04
4.522343408853511226e-04
4.402145860261830624e-04
4.112229822324234762e-04
3.467480290276136676e-05
-2.057192792052446584e-05
9.680246478503912264e-05
-3.799161091081841568e-05
7.941875412918969566e-05
1.190069493140224165e-04
1.503952410396530801e-05
5.473899778454935014e-05
7.510277705600180596e-05
-1.132548745254855806e-04
-9.277223521044782430e-05
-1.484902492785867146e-04
-1.379992258867553502e-05
-6.846833611522278105e-05
-2.104080947438837271e-04
-7.546483874936064993e-05
-2.185512009865255337e-04
-1.354849217785765968e-05
1.425175764862211369e-05
2.189510226449904815e-04
2.177021144087200300e-04
2.246177239718356953e-04
2.233886208921910511e-04
2.067666585022238240e-04
1.463230711886433200e-04
1.296901657584243611e-04
1.369413831472660460e-04
1.488963655534320668e-04
1.560666088099855043e-04
1.014667093563861107e-04
3.750856839737697025e-05
-1.714564607981230266e-05
-5.445586527167925071e-05
-2.556730508375550754e-05
-6.152082011505135726e-05
-6.114426625574584059e-05
-5.953708847920515966e-05
-5.983730054142530016e-05
2.965401594629311173e-05
-1.995385243572166090e-04
-1.105612688268554846e-04
-9.385670221896452638e-05
3.844188844887339680e-05
5.518299491590278414e-05
9.251399659304437645e-05
9.250705676598863867e-05
1.296627515203740955e-04
1.046293068285498898e-04
1.385928689943116666e-04
1.137098037944574039e-04
8.398575333428581107e-05
1.878122881328949138e-05
-1.110108827690581930e-05
-2.302024066114225268e-05
-2.037979571845660652e-04
-2.124399309478829133e-04
-2.207085953069980210e-04
2.151502229819215540e-06
-8.393096222927696115e-06
-7.296243581966552314e-05
9.531749228561394805e-06
-5.545045730703565654e-05
-1.173049259579030318e-04
-8.094337551900240954e-05
-1.426070976650563522e-04
-1.119295625053830711e-04
-1.184001467537356062e-04
-8.831228430294620676e-05
-4.628160133360271697e-05
-1.436147135487310855e-04
-1.014998623017067218e-04
-4.990934086602957483e-05
2.046107800343687291e-05
7.162240525136856798e-05
1.163671259036321709e-04
4.822312929096786742e-05
9.302818218376827930e-05
4.885478189549561875e-05
8.926686134320092891e-05
4.509149654637243884e-05
4.076686181414234376e-05
-2.296236856040391786e-05
-2.707662625417751336e-05
-2.920960110425370460e-05
2.736795303697991109e-05
2.499730175547880406e-05
1.014920898819913998e-04
-4.224498848709630494e-05
3.430717784116174129e-05
-5.476806909028071211e-05
-6.668119299089406583e-05
-1.558615629579462414e-04
-1.865500394577883901e-04
-1.603986755031682854e-04
-1.911759186859034718e-04
-2.167614199419767211e-04
-2.115754046334677161e-04
-2.367156172835529397e-04
-2.026621250179473481e-04
-1.801787199651152442e-04
-1.463858525012497029e-04
-1.484819575178105680e-04
-2.001063139387283644e-04
-2.021419411956001369e-04
-1.589796500783714880e-04
-1.310888390487660018e-04
-8.752837842705877918e-05
-1.343469864220337676e-04
-2.310833714008632531e-04
-2.779261646789477872e-04
-3.224647095185526969e-04
-3.954725777727531003e-04
-4.400816994012155892e-04
-4.580926260079395008e-04
-1.369798125147906557e-05
-3.231792006242534471e-05
2.215525845770436957e-05
-8.692583005010595871e-05
-3.233799698989194200e-05
2.785641053354036192e-05
1.404266758129644826e-05
7.465886236762296537e-05
8.644471923618799640e-05
-8.670861198216265643e-06
2.664337407641472356e-06
3.874600483001343527e-05
-8.752102625292503641e-05
-5.160609467523970088e-05
-6.999933761112295543e-05
1.952034097853036932e-04
1.769351023176135823e-04
1.353573539874807787e-04
1.130165932044769033e-04
7.150974908129431725e-05
6.998707648849596293e-05
5.163574734454162837e-05
5.051627921889086277e-05
7.973794926140453368e-05
-5.428080804163108557e-05
-2.555362663049254865e-05
-5.038004787782056609e-05
-1.010128254354004116e-05
-3.485475503982825556e-05
-7.712351713626470519e-05
1.124577061129884443e-05
-3.067512795160349560e-05
-5.440795485245515650e-05
1.032589217259922770e-04
9.550312167668485144e-05
4.279274039639877872e-05
-1.606799480465077510e-04
-2.136438600698600452e-04
-3.096196273994560283e-04
-1.434427725596467893e-04
-2.394286389184112861e-04
-2.735726763009553716e-04
-2.564642750379557651e-04
-2.907705953791266248e-04
-2.233321751404431323e-04
-2.468131593875115678e-04
-1.794722660846885900e-04
-2.497594228374619895e-04
-1.728478850267705182e-04
-2.431190346727927143e-04
-2.514659427106380463e-04
-2.699750598880310470e-04
-2.783504896797239780e-04
-2.760412142830202375e-04
-5.765584501205012202e-05
-5.525017772887365911e-05
-1.662672930546930060e-06
-1.271040062871062876e-04
-7.349535027999514088e-05
-3.325771598837925906e-05
-1.449668781973057364e-04
-1.048099342756311488e-04
6.932361605456455319e-06
-1.276354136666621160e-04
-1.579415021010638896e-05
-3.063970849852691212e-05
-5.347311872069688264e-05
-6.841342452916930237e-05
-2.675838412903512966e-05
-1.012335813045842461e-04
-5.939038464054728996e-05
-4.334846452486314748e-05
1.454345246774301414e-06
1.744859328817031409e-05
-5.743674874863173704e-05
1.588704181692949559e-05
-5.925048491078015308e-05
-9.017181897103446306e-05
-8.270502904521819095e-05
-1.131352068626846630e-04
-1.189188044092770382e-04
-1.132983920400555688e-04
-1.189030301331694885e-04
-5.150773457529111803e-05
-3.749949993036349257e-05
2.950181707462207377e-05
8.264134653836039584e-05
-1.951037219071849287e-05
3.356598740901348870e-05
-4.838699888473022709e-05
1.591489258680043499e-05
-6.587157614098507891e-05
-9.004284336838942358e-05
-2.242319522253588028e-03
-2.244841337671056938e-03
-2.241946211192803566e-03
-1.021928922287381847e-04
-1.208419926614035195e-04
-7.995416009557958898e-05
-4.900219942540864405e-05
-8.812553200326526731e-06
2.388824581137316766e-06
-9.696800329178238481e-06
1.446195168389397207e-06
-3.404061156162931979e-05
-1.554192894793449110e-05
-5.098342101393207372e-05
-6.151769293032862264e-05
9.910614951093741297e-05
8.883721721681490523e-05
6.138909482080554957e-05
-2.698786073856331426e-05
-5.452165025952206557e-05
-7.680523208476634312e-05
-1.256113213693250865e-04
-1.480689295487853897e-04
-1.526042716336041506e-04
-2.465603954544666422e-04
-2.501406807909324582e-04
-1.582037640642787956e-04
-1.735462966366275962e-04
-8.183030708697099911e-05
-3.446442780711839876e-05
-3.450059570841897951e-05
1.238472112293203392e-05
7.826279448853377648e-05
-3.661233851003755160e-04
-2.986475405465295499e-04
-2.866739429420461522e-04
-3.278594107324685506e-05
-2.217364603454671963e-05
-1.323707037114253758e-04
4.228126594922913470e-06
-1.063861053877225636e-04
-8.365104731764108669e-05
-1.873725194924226521e-04
-1.643116731442084981e-04
-1.950661443081599098e-04
1.144877649481834399e-04
8.336964142267514052e-05
1.550645369625241728e-04
-3.573792296470221100e-05
3.583125857948896002e-05
-1.542809987000110569e-05
-7.338402297500881840e-05
-1.239840341455015820e-04
-1.300644691878136215e-04
-4.293893216668549003e-05
-4.891223600908629269e-05
-4.435540696807595642e-05
-2.787050128291807742e-05
-2.383742477480712088e-05
1.951377380002614461e-05
-1.363079552139753357e-04
-9.260416373315874137e-05
-7.471552293567419300e-05
-1.239852234039795736e-04
-1.064993505161857630e-04
-7.787464818707830498e-05
-9.375236754125416527e-05
-6.509329358837730476e-05
-4.432541281425527975e-05
3.248408401616148262e-06
2.380228871038981035e-05
-6.712472209955842786e-06
-1.732514901527337477e-05
-4.767911127234557419e-05
-5.612996236773864491e-05
-4.089017977512137011e-04
-4.085237981507434057e-04
-4.030616792925730604e-04
1.165120827045412256e-04
1.131642392528145978e-04
1.207991940298128262e-04
4.471274306242311691e-05
5.218633165145398524e-05
5.432576690417881228e-05
-6.163665378903864477e-05
-5.885079335803930544e-05
-5.794742057601881460e-05
5.182554414113219000e-05
5.213653755803632304e-05
-1.807147368740371078e-05
1.203088028924937693e-06
-6.865147174753329366e-05
-7.514429946261743428e-05
6.452067150317051798e-05
5.755217078310152171e-05
1.327834644398926105e-04
2.697721445635607122e-05
1.020984155984869506e-04
1.074560928506457062e-04
7.906705571080504917e-05
8.447166288957528787e-05
1.127645888929277012e-04
2.365767919078848140e-04
2.646446461668841826e-04
2.796583795256431834e-04
2.113135639675914595e-04
2.265325366292366446e-04
2.073872074772578795e-04
5.897674245119408380e-05
3.978782303714874583e-05
3.722366509278766684e-05
4.563914815047505694e-05
4.297650284384839110e-05
4.765706733518614100e-05
-9.902673209766395517e-05
-9.431850441547707988e-05
-5.720724247739627155e-05
1.315805526980884247e-04
1.688509689330218813e-04
1.940078070996135973e-04
2.315394264797775528e-04
2.565136963179141783e-04
2.540426005776104889e-04
2.370134241440140211e-04
2.345907353497174940e-04
1.843248603895589481e-04
2.323116216626082919e-04
1.822870101809784542e-04
1.719404310072576996e-04
5.809138318591786131e-05
4.748789722479790408e-05
5.486536924835663321e-05
1.533244277900820966e-04
1.609196037414148081e-04
2.206715433256893730e-04
7.220726497579734804e-05
1.316435589668534076e-04
1.639133734718738297e-04
1.190809196540347612e-04
1.514214710189802746e-04
1.706477922821658796e-04
6.409293935604674615e-05
8.365098607877820194e-05
4.378257272837408030e-05
3.346383708672373688e-04
2.943157158450009688e-04
2.900041950788125435e-04
2.360212454812387391e-04
2.319064302291497627e-04
2.379874771845324989e-04
-1.680742516966908778e-05
-1.049076815482386394e-05
2.831951372555879462e-05
-1.090758901869148855e-04
-6.946321570084007871e-05
-7.136819354440493424e-05
2.688187547703036438e-04
2.656836016690783397e-04
2.131010687342122694e-04
-8.202739559704284129e-05
1.999902704721243400e-05
6.452393070625526104e-06
6.881514380676598567e-05
5.536036151910052935e-05
1.589193913636163065e-04
4.756683593598977963e-05
1.509799100707650372e-04
2.829056196571148613e-04
1.139624570745408723e-04
2.462615979094810465e-04
4.088219186423364300e-04
2.714982568942762593e-04
4.337786860896292347e-04
3.705551668743603099e-04
4.971075443217548746e-04
4.338981913959607650e-04
3.469144579756831804e-04
3.821239831366576422e-04
2.951536374783901551e-04
5.377763242992392731e-04
1.837380626856176236e-04
4.266938137422136021e-04
4.996315456188113631e-04
1.509804803478351784e-04
2.253995098831893147e-04
3.202872776529349774e-04
6.002900099807248653e-04
6.933331333203770607e-04
9.574608526772450390e-04
6.441999885356583088e-04
9.087442273621078315e-04
1.255874644976457798e-03
7.520116311379339280e-04
1.099271502590155446e-03
1.037449532557815956e-03
1.092964993568485820e-03
1.030928935759306596e-03
-8.185713302066795248e-05
1.202113169964008675e-03
8.956650929337121826e-05
-1.550111408560294875e-04
7.809097080768771749e-05
-1.670001582224611410e-04
-1.655385430034076052e-04
-1.758699289039466747e-04
-1.744508052773599701e-04
-1.567303267351573476e-04
-3.271811009447847681e-04
-3.088080126603356046e-04
-2.330864330895011352e-04
-1.791707333454152712e-04
-1.038931909158592151e-04
-1.074549291808702311e-04
-3.035695367168401407e-04
-3.073503686175294751e-04
-2.445305495613015953e-04
-2.437912117749996743e-04
-1.811891184744186193e-04
-9.463587589930553710e-05
-1.045815793887473137e-04
-1.805051393244226253e-05
-7.688400829814490416e-05
1.917292557154242250e-04
1.331703196102927949e-04
1.169193323973722373e-04
-4.488498699523624518e-05
-6.112238271933350818e-05
-6.124117582635821202e-05
-2.369080052788213279e-04
-2.363883185532862077e-04
-1.691586560043273390e-04
-2.748487103597247730e-04
-2.079244634075788677e-04
-1.033093609632304934e-04
8.891506499168473458e-06
1.138162445957460376e-04
2.531580836815098190e-04
4.589762498910212240e-05
1.846754609444448613e-04
3.502195378759494302e-04
1.890971768019059562e-04
3.544341217720499513e-04
3.108766887510814193e-04
1.771559092675885436e-04
1.342051455924906257e-04
2.414113112403325212e-04
5.193485686380103650e-04
6.265137924723572505e-04
7.044700582717729415e-04
5.411146846976376545e-04
6.181655594353748168e-04
5.864868223635520336e-04
6.630668326487017478e-04
6.315204597977961895e-04
6.033184316415367895e-04
6.190679057236801383e-04
5.912161567188827568e-04
5.890938579765864300e-04
7.060308369922945523e-04
7.035094628887966859e-04
6.792386522757956364e-04
6.533462971644260573e-04
6.289824234155607947e-04
6.220948919028800126e-04
6.170910785041419395e-04
6.102691251974377926e-04
1.394856228293538569e-04
4.575443956375878449e-04
-1.330979265871788273e-05
-1.902418370560782430e-04
1.061626100713074683e-04
-7.059684861144446106e-05
-1.488464768044650555e-04
-3.121766421214717179e-04
-3.898037248291075230e-04
-2.522568495505093326e-04
-3.583537763915956020e-04
-2.210921768591343425e-04
-3.063438657035327220e-04
-9.304809943107655271e-05
-1.783900538056364918e-04
-1.352454833713918328e-04
-2.288898708128577733e-04
-1.859377494575082659e-04
-1.489217979600933393e-04
-1.707001770874112248e-04
-1.339404848171678384e-04
-1.113309452014425932e-04
2.930367146615860856e-05
5.189713121555650840e-05
8.401171063895465662e-05
-5.471622905863830983e-04
-5.134798368845774333e-04
-5.017795982479201101e-04
-7.406767356616152922e-04
-7.245149962312625192e-04
-5.734441231454844717e-04
-8.399917777336285852e-04
-6.927316437925334219e-04
-8.396257440552029605e-04
-2.735093596841330771e-04
-4.214174956075761314e-04
-4.414264798974405508e-04
-5.450921858653340335e-04
-5.647736356472383718e-04
-4.869751014937155099e-04
-1.072260370662173165e-05
6.606049780226571841e-05
1.547942399494449525e-04
-1.512412793975995498e-05
7.306937435456615972e-05
2.275523621324441006e-04
-3.125234549119072867e-05
1.232464456666252186e-04
9.382751544687555198e-05
-6.359324825778691270e-05
-9.288252091285183068e-05
-2.987761171602822357e-04
1.499795711349354152e-05
-1.911959615604198986e-04
-6.315876291074088225e-05
-1.047913455472506100e-04
2.336925334356495729e-05
9.140873123891747002e-05
3.734889995366105428e-05
1.053706536162654162e-04
-3.032556154993984064e-05
2.068386209197437767e-05
-1.149641862348249849e-04
-1.631240767925431416e-04
-1.191228034649572070e-04
-1.670800731550355837e-04
-1.926038134418286919e-04
-1.525363943106879876e-04
-1.782577496062823176e-04
-2.012820904880868874e-04
-8.028276027588626142e-05
-1.029893164329337559e-04
-1.796896844230979967e-04
-6.530069144639619400e-06
-8.298973390501144403e-05
-8.500889803854830653e-05
-7.786970073957148069e-05
-8.031673483656801373e-05
-8.707534230556456532e-05
-8.097189116397954614e-05
-8.784982433784870590e-05
-9.031864420238896812e-05
-1.415519358102244104e-04
-1.434697619565577630e-04
-1.707404040250216990e-04
-1.832119446639717941e-04
-2.109427182919566899e-04
-2.236518271693215942e-04
-2.160739855359529525e-04
-2.286456952297316169e-04
-1.708559434281996063e-04
-4.883491861128435706e-04
-4.309179352948776329e-04
-2.582691553077810028e-04
-4.386342920715323532e-04
-2.657862672611289241e-04
-4.425273955269139149e-04
-2.111835232033543804e-04
-3.881251768609862663e-04
-4.289502347519041046e-04
6.052355366476070233e-05
1.985150188651147308e-05
-1.201723028977476153e-05
-1.788019548890900788e-05
-4.968309480070211086e-05
-2.777030322550114541e-05
-2.144014983398567894e-04
-1.921951873585420504e-04
-8.139788691358744682e-05
5.381632826965517999e-05
1.639074224495877367e-04
2.391720327714895759e-04
-4.279952839886873544e-05
3.280125844964943121e-05
5.514067654987359589e-05
8.813439223656616400e-05
1.106272311790430004e-04
1.904666703968528607e-04
-3.230325180082088167e-05
4.802319636393673208e-05
1.369427749470891157e-04
-8.302666646603160117e-05
6.485960870337645085e-06
-3.060757202827830157e-04
-1.317737356710164151e-04
-4.425831625038285097e-04
-2.092260984311687254e-04
-4.156340632387895426e-04
-1.821842161546336912e-04
-2.176747096575185167e-04
-3.146369709241079592e-04
-3.490371767304226267e-04
-3.483351683935599109e-04
-6.910404211714251798e-04
-6.881470690241532108e-04
-6.828634852552846555e-04
-5.334915840758459350e-04
-5.296785004446343068e-04
-4.966619208275456368e-04
5.456177475768477338e-05
8.206646723606396323e-05
1.203018199581720109e-04
1.478900039515342177e-04
1.862419320665367121e-04
4.117447284170870853e-05
9.216088973209934183e-05
-5.273944074633086848e-05
-1.927536715466430985e-04
-1.262287372292068117e-04
-2.660411620691320502e-04
-3.263497760602622521e-04
-2.131050779662928187e-04
-2.736142173492699158e-04
-1.943052223471166610e-04
-3.618702444331138622e-04
-2.804806456954391717e-04
-2.414276350551644384e-04
-2.048816832780706715e-05
1.601546317977960718e-05
-3.729356826654469780e-05
1.108332617062715770e-04
5.750595669239925035e-05
4.401239782076622254e-05
-6.705871051083153300e-05
-8.051818879699972563e-05
4.720143679545510894e-05
3.634329159681823915e-06
1.314054758080026913e-04
-4.596184885424126770e-05
1.608857461218002099e-04
-1.666122193393793449e-05
-4.219147376716136932e-05
-1.408367127163012646e-04
-1.659378758631646633e-04
-1.651776838116347790e-04
-4.351758689153939486e-04
-4.343579348642379045e-04
-3.988977103045837592e-04
-4.160596581641584635e-04
-3.807010350766287755e-04
-3.274965470510906619e-04
-2.507541492133097362e-04
-1.971720098837650460e-04
-1.225561684840332404e-04
-2.425490849091615142e-07
7.360474018799404946e-05
1.693724969924849714e-04
3.061538490886132565e-05
1.270766859931362117e-04
1.582200758703810901e-04
1.727692850806241179e-04
2.036333000133571953e-04
2.916176215422569898e-04
6.134144238520542088e-05
1.492043281815244940e-04
1.652133716638937719e-04
3.991563221469960482e-05
5.583845559934080913e-05
-6.232319965793176823e-06
-6.571011253206132576e-05
-1.273152850175484859e-04
-1.195794224889824126e-04
-1.185436815561935150e-04
-1.103164881618568633e-04
-1.939046218020306061e-06
3.279694149625804684e-05
1.401045557363355299e-04
2.417349214331206272e-04
7.487434426047147708e-05
1.765079113786068151e-04
-6.763634984617155092e-05
2.930303353016224096e-04
4.899305975760299666e-05
2.279791441266672595e-04
1.123527243942670892e-04
2.914965369724916203e-04
2.414348734901825889e-04
3.332562845186578019e-04
2.832755587888489469e-04
1.643608339321064806e-05
2.864998782850606282e-05
-2.377853372254948034e-04
-3.277474128437196372e-04
-3.791876653795669960e-04
-4.696075733547066806e-04
-3.198414754482830280e-04
-1.929813983180528043e-04
-4.335607563954834548e-05
-6.735829449816267385e-05
-8.830603956122939197e-05
-1.123731599617622365e-04
-9.624684728538044666e-05
1.559463198392313401e-04
1.718149035450035247e-04
1.724666426932510745e-04
1.461752656477467629e-04
1.467574575551391404e-04
4.877814404246079275e-05
-3.904501950754068682e-05
-1.368397128717167442e-04
-1.627853964566737858e-04
-5.658822869371009519e-05
-8.223808639398965347e-05
-1.045969672611241010e-04
-3.440901966644004432e-04
-3.669153936550278929e-04
-3.928680716447778315e-04
-2.501650576357056168e-04
-2.759402895711608500e-04
-1.664386358844682713e-04
-1.954369699482121114e-04
-8.590059539178462227e-05
-1.505199254167322856e-05
-2.757762262864604731e-04
-2.030890034991601561e-04
-2.882474400512648974e-05
-1.442584041985968206e-04
2.793823186829911317e-05
5.002119510968440486e-05
9.844039850458727921e-05
1.210337556206923099e-04
2.659224039469517678e-05
-3.898406627286105097e-07
-9.464270485970519573e-05
-4.154899399021785541e-05
-1.203600427083238223e-04
-6.763402963282685561e-05
9.382402721784771464e-05
-1.586688613448492794e-04
2.773392125887284496e-06
-2.151703725965940285e-04
-3.247724734323611043e-06
-2.213815374696873951e-04
-1.474616396830019248e-04
-1.962796001160764026e-04
-1.221921806812819732e-04
-4.497159502041752710e-05
-1.599428173743721736e-04
-8.286885681134875193e-05
-1.694261902829106037e-04
3.900906161610852622e-04
3.033386617372804250e-04
2.917371166393185129e-04
2.819465714620952423e-04
2.703889513202501556e-04
2.838744419885771259e-04
1.616188419564185759e-04
1.751722464131163343e-04
1.357488238611866713e-04
9.416793345268535459e-05
5.473975242447601556e-05
2.326735490411281811e-06
1.338204768146996379e-04
8.135278833512192987e-05
6.173132284732947301e-05
-2.855242630844565628e-04
-3.050168277071561461e-04
-3.593088412479735405e-04
-3.076774998875107412e-04
-3.618160198264993221e-04
-3.804235542609208645e-04
-2.465299266212857754e-04
-2.651981716460400642e-04
-2.497430659087467465e-04
-2.799182529066146356e-05
-1.295013946500602094e-05
1.227201755816907788e-06
-7.282677224094140801e-04
-7.123526496796804683e-04
-6.666700034302764201e-04
-2.318740202098089744e-04
-1.878121371747099424e-04
-1.604423114335586900e-04
-5.498365195403924228e-05
-2.746755036101244636e-05
-2.996291732415556908e-04
-7.442241895519696422e-05
-3.463465545792132616e-04
-3.453170938882976770e-04
-3.577512106858193874e-04
-3.570672415662556887e-04
-2.314711331837006607e-04
-7.098387577570974827e-04
-5.814078780803956514e-04
-5.437821303392205690e-04
-4.177894373239360239e-05
-7.230911510102853643e-06
1.289590877297381298e-04
-3.518074634891914048e-04
-3.331217822114156731e-04
-2.859491039957745800e-04
-1.143994823059218176e-04
-6.847128388061065772e-05
-1.951944325073959611e-04
1.434891484718875160e-04
1.669894461972989811e-05
-1.978959510009909166e-05
-2.347755454958996998e-05
-6.025812210422182573e-05
-7.238354308709928672e-05
-1.212318983757885744e-04
-1.332809363556323513e-04
-8.987970457664161633e-05
-9.913315014627257268e-05
-5.563315451862692546e-05
-4.486672694891771546e-05
-4.590671258764743518e-05
-3.468604698408475390e-05
-3.343729175131804929e-05
-4.032376453377386799e-05
-3.971444955997205958e-05
-1.351316327510534076e-05
-7.879965695057101235e-05
-5.246357627494393138e-05
-6.885120141543615044e-05
5.887871507273854466e-05
4.237121853055265367e-05
4.979689398573424516e-05
-5.320013353975297813e-06
2.338281742089351987e-06
1.641618990173168246e-05
5.007615979088183341e-05
6.402539264011733000e-05
8.486949237884158694e-05
5.442848458254314725e-05
7.519358197349260056e-05
9.472070907429403289e-05
6.106695374363238418e-05
8.062292274041643961e-05
9.482738748571925688e-05
1.666936533945223911e-05
3.098985250487082529e-05
6.224000271669034422e-05
-1.429721240381980605e-04
-1.115708085309862667e-04
-5.496651185588568135e-05
-6.310469443650539457e-05
-5.093867843091782772e-06
5.781010420919383604e-05
1.564360088756651000e-05
7.695905676969314654e-05
9.608024842880906078e-05
3.147731711405421301e-04
3.336362882210617653e-04
3.443132959548677718e-04
3.455183526485437295e-04
3.562306160349692618e-04
3.690188862657967366e-04
2.748804295154116516e-04
2.876565488970234401e-04
2.074009546317686541e-04
3.043840191077768213e-04
2.240491169045274360e-04
2.233525387730285364e-04
1.082380779093657834e-04
1.074840851963333624e-04
7.401314292536891179e-05
9.392415947716905049e-05
6.178672561390168147e-05
1.010616897690935680e-05
6.916223288016236500e-05
1.682704378470672914e-05
-5.734664559356108951e-06
-1.151054654634381955e-04
-1.382274661995388425e-04
-1.260760887231842124e-04
2.640733906076117707e-06
1.487696360012735492e-05
3.649014402456031512e-05
5.364897011926616794e-05
7.509174761637495230e-05
3.281462261005884729e-05
8.526903698495970439e-05
4.312561497576183401e-05
2.288238371003006042e-06
-5.811112794541173853e-05
-9.907510621265735811e-05
-1.215967301944091347e-04
-2.798145499618467620e-04
-2.990577438579692868e-04
-2.851384748599940927e-04
-7.609690760390901837e-05
-6.479551360360181968e-05
-2.191067550268963092e-05
-5.573370129684752862e-05
-1.293911417418167108e-05
-2.918805020636091154e-06
-4.222469805211767667e-05
-3.201265286352313511e-05
1.176848138074803414e-06
-1.073673416558481209e-05
2.186783805149369246e-05
6.116657239334575115e-05
-3.632659517103112930e-05
3.079386786053993092e-06
6.494786769104877230e-05
1.280540869426532763e-04
1.894695521746737671e-04
2.486294214824652971e-04
1.634975558095587206e-04
2.227027106775409282e-04
2.933424492329825034e-04
2.176003144333577455e-04
2.882701900052372685e-04
2.632865851754958957e-04
2.160034581283573380e-04
1.911729394468183844e-04
1.526834422608743815e-04
2.465736086723099678e-04
2.078415892671700029e-04
1.575742089806670332e-04
1.398032219501118569e-04
8.961383992923293348e-05
8.904816735485750288e-05
-2.936311819349787279e-06
-3.570727641264022888e-06
-2.518040792411584518e-05
-7.648698157200635971e-06
-2.936131868837792537e-05
-1.293252930422846784e-04
-4.975585698476452491e-05
-1.492711375845198144e-04
-1.913077195183233840e-04
-9.578612613543612854e-05
-1.380934610039786918e-04
-1.496879487752781149e-04
-1.972261871685133798e-04
-2.086662209115789171e-04
-1.844520018751993114e-04
-1.327773136075452800e-04
-1.082612005378379757e-04
-1.177192993927693269e-04
-2.559431748780682022e-04
-2.654414952266907594e-04
-2.255344300228687127e-04
-3.830298760440146826e-04
-3.431907973881395658e-04
-4.366549355230298904e-04
8.772671547014693422e-05
-6.313503884804004410e-06
-3.044331638454689075e-05
-6.545650370148991940e-05
-8.945232216581000377e-05
-9.145630012215062862e-05
-5.123087280742122222e-05
-5.285639910441771035e-05
-2.925567036563770577e-05
-1.278579015139950665e-04
-1.047050370701985221e-04
-9.820493800222757758e-05
-1.905779406528385143e-04
-1.842359044880780906e-04
-1.961534852049253005e-04
6.074400949867558180e-05
4.893476779070354951e-05
8.023785736588226686e-05
-9.643843269807771319e-06
2.174456418435486088e-05
7.654076950541695594e-05
-6.468077879963199991e-06
4.876005738890727996e-05
3.318013561709034294e-05
-5.637093811844477416e-05
-7.248784011410367638e-05
-1.182209825547336909e-04
-5.107356180617404133e-05
-9.672495158705109088e-05
-1.193298218319525163e-04
-1.770084869898104398e-05
-4.030970616865504192e-05
-5.872763015196462118e-05
2.855181587919857042e-06
-1.520764655998711431e-05
1.863127861496708076e-05
-2.663924244405402840e-04
-2.328554442306170734e-04
-1.616238639810198459e-04
-1.582596492176065715e-04
-8.707987378622232999e-05
-9.435065088876190445e-05
-1.029571483497583779e-04
-1.103760348454922702e-04
-1.453842493115983325e-04
-6.999708943151536247e-05
-1.051096411298088151e-04
-6.819308334881851795e-05
-9.517656200258651556e-05
-5.826888088988552215e-05
-4.333046146060126461e-05
-8.523139702076504352e-05
-7.030531761559444108e-05
-7.579874786765332579e-05
1.442245427707976606e-04
1.388653139189535821e-04
1.103273996839657090e-04
7.250543726391141057e-05
4.392391093898412205e-05
3.120051447325018811e-05
-3.495336312443170332e-05
-4.770452464442136121e-05
-9.815954897003641448e-05
-7.022483582119824720e-05
-1.206008141432928117e-04
-1.334935890222360873e-04
-1.550730789584147144e-04
-1.680519866235946798e-04
-1.200125033245905994e-04
-2.034693401251380825e-04
-1.552822421980574487e-04
-1.627284489940554002e-04
-9.454259169059989437e-05
-1.020281468653753498e-04
-9.927377706886659266e-05
-1.000875907620117167e-04
-9.755336233907769324e-05
-9.426109052649702205e-05
-1.070082655318958581e-04
-1.032060509539675273e-04
-1.596178826864608159e-04
-1.320326237698551573e-04
-1.883942222909801235e-04
-2.044661704845670462e-04
-8.677438564950456525e-05
-1.031223400192279356e-04
-9.626118176017892125e-05
-1.635201660379711390e-04
-1.567409787174035287e-04
-1.511635207327523852e-04
-1.664432499171887017e-04
-1.606907760480859901e-04
-1.405816205623680679e-04
-1.953730826008922596e-03
-1.918113548945181998e-03
-1.877918455422719190e-03
-1.579918811875516502e-04
-1.331531327672798401e-04
-8.634639846239857753e-05
-5.497132383645812336e-05
-8.872816693826247056e-06
2.562347898995968355e-06
-1.194578828834616025e-05
-5.657172465785417423e-07
-2.672430491182012759e-06
-1.522774681747844552e-05
-1.727715461991260787e-05
9.981389491784688726e-06
1.221860617083823399e-04
1.497357205222019224e-04
1.481035605448775925e-04
4.247542329501670291e-05
4.071563210720317437e-05
6.379892776513874974e-05
-2.916249019643170760e-05
-6.247356470875139577e-06
1.258031828838148238e-05
-1.495907209415134743e-04
-1.294475239417820322e-04
-1.462224584085972654e-04
-1.639381094792178748e-05
-3.383053741549268837e-05
-4.764091467848797818e-05
1.269471498540475493e-05
-1.546951941128871634e-06
-1.540720955076866098e-05
-3.761988879404105490e-04
-3.884559610493411893e-04
-3.480051511820779508e-04
-1.325389949239721174e-04
-9.352905749496085103e-05
-7.892338482777763882e-05
-5.400040959160787519e-05
-3.970483823794116059e-05
-1.274944554659779446e-04
-1.251172464631794838e-04
-2.125626526884044783e-04
-2.425323391957904889e-04
6.482738875837444495e-05
3.445203851016725169e-05
2.441549894963997549e-05
-7.487243334024657740e-05
-8.500625973003310019e-05
-4.490894485460086133e-05
-1.819607377973790174e-04
-1.412130541746453789e-04
-9.291567459146141388e-05
-5.767864336920393970e-05
-9.444128059806519530e-06
-2.927226826478682262e-05
4.717070478701653261e-07
-1.968126100883774263e-05
-1.276779241228689172e-04
-1.352794054842083882e-04
-2.429051693828989484e-04
-2.014307193215339790e-04
-2.774782207628925064e-04
-2.364421034920364032e-04
-1.955559155003558434e-04
-2.262228172961025844e-04
-1.852922750668059624e-04
-1.681277861015510256e-04
-1.152254726303200759e-04
-9.828991439543780634e-05
-1.748922194661390065e-05
-1.456391980999719794e-04
-6.464976731063615560e-05
-1.246807811623425806e-04
-4.150904450316895175e-04
-4.662988364072502903e-04
-4.335917819630673666e-04
5.346986231580510489e-05
7.734054272395162388e-05
8.921777319167731942e-05
9.443721886319802247e-06
2.116338421595274151e-05
1.758383522957950680e-05
-8.418056401885123312e-05
-8.706259605258315952e-05
-8.477828167593236893e-05
1.583246857609987108e-05
1.747160923918578894e-05
1.702522715479700050e-05
-3.871046873023863762e-05
-3.882118178605468788e-05
-4.570877804944026789e-05
9.655238975231168947e-05
8.923324916687127629e-05
8.147657883366630485e-05
5.668834914395850578e-05
4.877483099246458223e-05
4.178562761473968656e-05
3.023918345118002107e-05
2.331811214055433900e-05
2.949378932828037366e-05
1.750989244431586567e-04
1.810489177965973534e-04
1.759670513647591979e-04
1.338791228714580677e-04
1.289796610590286836e-04
1.204266252847523632e-04
-5.369459078700912144e-05
-6.226198930161583995e-05
-6.239109388234701176e-05
-4.691110116763550614e-05
-4.714288406221803446e-05
-8.448288492015135209e-05
-1.898637758070477488e-04
-2.271794167588887803e-04
-2.226713791867968126e-04
6.434934841519773796e-06
1.105752509028944531e-05
3.586566315594738835e-05
6.336248535371679226e-05
8.804033284637755269e-05
8.445125616163168280e-05
6.807870675207725280e-05
6.453605067690987318e-05
7.846656894264144319e-05
6.084086101509783595e-05
7.506150809069497007e-05
3.118118526477907512e-05
-3.991339968331756574e-05
-8.417014417640324023e-05
-1.214941757469976426e-04
2.051156822423060152e-05
-1.651746692085434803e-05
-3.924981431995282124e-05
-1.086237925309294940e-04
-1.316820300715672428e-04
-6.711724746921181772e-05
-1.478263904872047360e-04
-8.318126676087349747e-05
-4.774842211337161808e-06
-1.765346696781468401e-04
-9.782795180595792606e-05
-8.953971121126145811e-05
1.605189949876504414e-04
1.683645117514178833e-04
6.916182771010559861e-05
1.103510206808213821e-04
1.135032086085763637e-05
8.055850993443169992e-05
-2.400257055655843311e-04
-1.706057133658613880e-04
-1.361677968583359887e-04
-2.669337169307108839e-04
-2.316672434739127328e-04
-2.014748870169760808e-04
1.080039328604646455e-04
1.369788688134385124e-04
1.508563410631392045e-04
4.925218219794163859e-05
6.300143024660757613e-05
5.279835695516389140e-05
1.111722859811048849e-04
1.010630870947993947e-04
1.055711070405446097e-04
8.914765876367759237e-05
9.351631501728073807e-05
9.857827290502804750e-05
5.931360987984911652e-05
6.474942102172839874e-05
7.070083470456196362e-05
8.860140706488359207e-05
9.428163125552131230e-05
9.839859922028941107e-05
1.577336059664365500e-04
1.618595379109853227e-04
1.449802668052691326e-04
1.074173524098829646e-04
9.052366035617546297e-05
5.987178197572578641e-05
-2.304744598362936520e-05
-5.340373131004522590e-05
-7.369906474972965325e-05
-2.829730870344246462e-04
-3.019551101247489652e-04
-3.049845330984387714e-04
2.702894321506021415e-05
2.243891464461940616e-05
1.216012287172981831e-05
-2.201111822939109714e-05
-3.191796304904362825e-05
-1.124738061267282010e-04
-1.979723269936113682e-04
-2.784474797013546197e-04
-2.537625455009157472e-04
-2.602678011103863685e-04
-2.358293181462551170e-04
-1.892240307924284110e-04
-8.477550497654477886e-05
-3.789143203077302070e-05
-6.217297234770285670e-05
-3.750742153981164785e-05
-6.225155268993603770e-05
-5.138994962045133038e-05
-7.550437479012089555e-05
-6.470436997779786511e-05
-7.749333542088704071e-05
-2.353048541031140081e-04
-2.474400165469078624e-04
-2.605496483026750005e-04
-1.131996171992896672e-04
-1.267255501459098972e-04
5.922024092277979219e-06
-3.093171907691962636e-04
-1.768593152979253775e-04
-1.723618343986281520e-04
-1.213621814263849503e-04
-1.171477352782794600e-04
-1.998790251395161487e-04
-4.080227618587104138e-05
-1.235323145823980905e-04
-1.435056459905977271e-04
8.597053939463018997e-05
6.626979446248832122e-05
1.837564496140161913e-04
-1.137358325815225862e-04
3.722453611267582691e-06
2.538563718063437460e-05
-1.711347567566504318e-04
-1.488161840292284537e-04
-1.373478968854263986e-04
-2.095364077298561382e-04
-1.982122427544758285e-04
-2.087339217419082859e-04
4.423974889859402532e-05
3.387101054021170350e-05
3.929675197985151372e-06
-3.644553186542341498e-05
-6.693832658714415733e-05
-1.916199849598979000e-05
-5.678024574666084949e-05
-9.221992657118787805e-06
6.743119755061915879e-05
-2.070458214418676997e-04
-1.294822052097822094e-04
-1.861017129671262951e-04
2.554384352895488477e-04
1.986417434123841671e-04
1.610335978311473672e-04
1.303914856576857714e-04
9.171009267261123104e-05
8.054572146712243559e-05
1.317515064128661696e-04
1.207516446090340615e-04
9.434472454939433518e-05
1.169131258581802249e-04
9.081584145076968852e-05
1.072251457659296721e-04
1.988077762338279295e-04
2.148093504362043023e-04
2.413326455945868768e-04
1.677104142432801455e-04
1.941477039446842649e-04
2.111971397611540836e-04
1.779261165149298289e-04
1.950419745484595281e-04
2.557357007376607583e-04
4.679874738978642050e-05
1.074255929765980766e-04
1.471552106628498452e-04
2.284714069887753651e-04
2.683778886527127044e-04
2.173941250457002883e-04
3.304511593490153717e-05
-1.729840705780842256e-05
-9.278004243966315534e-05
-1.204017919065141200e-06
-7.702037645500276830e-05
-1.646399789258363414e-04
5.176011519510175440e-05
-3.593891162904824495e-05
-1.045672488343663508e-04
-7.357618890250946760e-05
-1.423929443062044674e-04
-2.015900479662113788e-04
-1.323002015650965267e-04
-1.917404968323999049e-04
-2.193247200034050849e-04
-3.375896065587856030e-05
-6.135052526811646495e-05
-1.602779732637872275e-05
-6.432129302106290043e-04
-5.965557916424499675e-04
-5.667628369170978585e-04
-7.439917804076598808e-04
-7.107511859264030972e-04
-7.101464222229865409e-04
-9.280342723119810143e-04
-9.298949522942152835e-04
-8.630723343589304011e-04
-4.810335018716600753e-04
-4.153682850659785788e-04
-3.481369640417103137e-04
-5.537682329663036387e-04
-4.861380148417953815e-04
-5.066673021866162580e-04
5.937578678413439138e-05
3.778761477580619963e-05
-3.043423275808702878e-05
-3.954593391252355663e-05
-1.082859023881227868e-04
-8.317137362470937109e-05
-2.163602410291404622e-04
-1.912516203433097634e-04
-1.814682846187405272e-04
-3.654253563567818166e-04
-3.554943477964751406e-04
-3.134602080743121178e-04
-2.538871713212482615e-04
-2.121499197735744063e-04
-2.359317522966081616e-04
-1.295867765500503127e-04
-1.532578981020266530e-04
-1.929185654307004013e-04
-1.384160505146498200e-04
-1.780851288503255644e-04
-1.448053233836719663e-04
-2.528265303271111050e-04
-2.194695706059167058e-04
-2.178083013900583087e-04
-2.387776047036925227e-04
-2.369554204092388450e-04
-2.410458803127740453e-04
-2.141220102244084178e-04
-2.183908766086433957e-04
-2.199551846524276297e-04
-1.262102852992002795e-04
-1.274668203359045546e-04
-1.261242397581865851e-04
-2.876845529950638222e-05
-2.718214469362849632e-05
-1.116871170970691455e-05
-1.570851250883991161e-05
-1.212178104658247300e-07
4.487942560256247184e-05
-8.199524374595713741e-06
3.669228526443962714e-05
6.077883454691052024e-05
-2.953719167824114897e-05
-5.023107126360837772e-06
-1.082924886002477848e-05
-3.326578434371024783e-05
-3.945306984103557311e-05
-9.102021285903915738e-05
-5.142303875043329441e-05
-1.028231839892761407e-04
-1.258558565091448794e-04
-3.556792420578495885e-04
-3.790167480979221831e-04
-3.712339128284165889e-04
-3.818405181441563139e-04
-3.739063429562757045e-04
-3.126463634505835683e-04
-3.126597182741770774e-04
-2.515635933339563520e-04
-2.116614152668329970e-04
1.858465038860249012e-04
2.258659994937193497e-04
2.113325722878490022e-04
1.935559601066348060e-04
1.791006621336255602e-04
2.147926756317480304e-04
9.143729183326326955e-06
4.509683314447615523e-05
6.298353678728526531e-05
2.933024756368701183e-04
3.105023034150486633e-04
3.168157712934761036e-04
9.905831671501582562e-05
1.057042449247081492e-04
1.065324024520303086e-04
1.747033733408887598e-04
1.756688572922210172e-04
1.740649023962253768e-04
3.064985433495146785e-05
2.956237601424102374e-05
2.774790053417766807e-05
-9.195595323731656483e-05
-9.334431953566288236e-05
-8.897028585397022491e-05
-2.475410408044806648e-04
-2.412648680756272626e-04
-2.242683939007019474e-04
-1.854120562920750928e-04
-1.683166290935968830e-04
-1.792055629371710427e-04
-3.562985028442835285e-04
-3.658722927971788056e-04
-4.213494287795074042e-04
-6.679039872429378636e-04
-7.213015963314719798e-04
-7.484795487762692465e-04
-5.449959465293832423e-04
-5.738535392374995246e-04
-5.350333938388962540e-04
-2.074385614109068056e-05
1.265619560006364793e-05
3.109553964784683494e-05
1.273648230016664190e-04
7.352945121992109393e-05
2.663765902797589086e-06
-2.034160697777094269e-05
-9.106618237292497418e-05
-1.312688514629673842e-04
-1.504925079791071918e-04
-1.905808572231155519e-04
-1.517655550399457751e-04
-1.535508313721340779e-04
-1.147797961150889931e-04
-6.399851588431406052e-05
-1.589026582790201245e-04
-1.063387975366007093e-04
-1.110723622298508877e-04
1.209880643953416940e-04
1.139570142220065003e-04
1.294343531548377787e-04
2.002660277901042259e-04
2.157163329024200057e-04
2.218416727511882732e-04
1.004105291280296360e-04
1.065775784038212100e-04
1.172783717310351250e-04
1.901176062485407988e-04
2.008384884947274742e-04
2.140875317524892213e-04
2.262463689520784584e-04
2.393311574667000147e-04
2.578859454358684977e-04
1.160146662402671697e-04
1.349939554045199563e-04
1.561935206396615375e-04
-1.330905073275566886e-04
-1.118132785208413135e-04
-9.023076707566097393e-05
-1.025069212786743175e-04
-8.108515028910651817e-05
-9.544848706166366359e-05
6.303058618610784397e-05
4.911821326647778730e-05
3.475967699212179638e-05
2.392880184034526883e-04
2.241336597131301568e-04
2.121459000548538447e-04
1.732476639795784757e-04
1.619134090063352764e-04
1.623731786960138225e-04
2.128501108885002017e-04
2.130647099104112231e-04
1.896335589075399649e-04
7.549338444297744267e-05
5.194402823270616049e-05
3.274363123265458791e-05
-6.456086063245925193e-05
-8.385500107041196378e-05
-9.361889142679212061e-05
-1.978997576989849046e-04
-2.071676314728909489e-04
-1.770023224729696024e-04
-1.952113704676383492e-04
-1.645287990890094746e-04
-1.367313816561761342e-04
-3.141925817761809714e-05
-4.763496702111049731e-06
2.358917218248584658e-05
-7.231345808835951908e-05
-4.389649884228369802e-05
-6.730866256091252000e-05
7.744723653036394507e-05
5.410518393930539459e-05
5.038571528980011422e-05
1.147326391803522405e-04
1.112037569645928808e-04
9.878047867005479172e-05
1.519375217275830575e-04
1.395323460155890568e-04
1.344812890598285249e-04
-1.131099444182797091e-04
-1.177587427813824961e-04
-1.039672739284071409e-04
-2.593131966572520086e-04
-2.459870107417884552e-04
-1.953761459709148609e-04
4.004811253939240343e-05
9.062189903026411902e-05
1.377155496284068119e-04
3.440575502729008566e-05
8.132000961449747196e-05
6.602791890148411577e-05
3.507888542499095689e-04
3.352936551800962824e-04
3.493219970009555741e-04
3.130678347497746635e-04
3.270239917951436415e-04
3.617188368654359666e-04
1.425196328823255076e-04
1.774009862121210036e-04
1.657043859793057793e-04
2.398359784994289813e-04
2.284929024951717013e-04
2.056203863686763647e-04
-2.302758079374226394e-05
-4.648374513621693826e-05
-6.937216794743639343e-05
7.962178435277873301e-05
5.694878809460002071e-05
6.491895994425995022e-05
1.319795544057016361e-04
1.400099275286613193e-04
1.588508001974909905e-04
-3.061200611970143646e-05
-9.970901466055273697e-06
1.681363231969775808e-05
2.602462873134160073e-05
5.075949615334870470e-05
3.708021750777111634e-05
1.324391052918672766e-04
1.192453076421384631e-04
1.015485451087678277e-04
-1.733943435260011569e-05
-3.479256872121743328e-05
-6.693396011661851067e-05
-4.944669660214833385e-05
-8.196923176121079582e-05
-8.766877450646509435e-05
-1.675773341424401965e-04
-1.732767895762031248e-04
-1.668534138628793612e-04
-1.796685728211109808e-04
-1.734457807072950259e-04
-1.911005153484080822e-04
-1.465414431334985152e-04
-1.640001052688245566e-04
-2.011220763199805849e-04
-1.994992987416122944e-04
-2.368042455748498075e-04
-2.617470337331116812e-04
2.217569294623256094e-04
1.966306343770764156e-04
1.976119419107350526e-04
1.832310925916015489e-04
1.842308665056849835e-04
1.996510125105749496e-04
6.479410141605390291e-05
8.031349148280133091e-05
9.332244463361070389e-05
-8.436805953689324039e-06
4.929178437248029655e-06
3.352029946761367514e-05
1.072074746908919596e-04
1.352656172741034408e-04
1.601045325514951416e-04
-2.422734478103167038e-04
-2.172358261304816536e-04
-1.897591591249253779e-04
-2.186475365306159786e-04
-1.909935107822563678e-04
-2.031883577341906115e-04
-7.520875254599714574e-05
-8.746826820920625177e-05
-1.187110901816286262e-04
1.526878386744537071e-04
1.210179179900787655e-04
1.067397672275210529e-04
-6.072395481175281223e-04
-6.198856870353092099e-04
-5.976656472723554424e-04
-1.302880707837511987e-04
-1.095519480242948583e-04
-6.298161097347307986e-05
1.106908103045117341e-05
5.758397528425287419e-05
9.599825973667479306e-05
2.434262787446808034e-05
6.318476773843444139e-05
4.869263455420234270e-05
4.097796302333749086e-05
2.615133951566615171e-05
-7.447225875192029550e-06
-3.261684852264871352e-04
-3.570217153941920830e-04
-3.698480576854684221e-04
1.958965954650485086e-04
1.800639293509981764e-04
1.913841108441457746e-04
-2.294997829590477811e-04
-2.167877253262221219e-04
-1.873540942968401749e-04
1.400902624000912883e-05
4.226048878006900952e-05
6.583276984725423917e-05
2.545841514885824482e-04
2.780534632036117540e-04
2.647680950193810590e-04
2.424517223842097150e-04
2.288802780985045560e-04
2.190007767614420161e-04
1.723835440660971530e-04
1.625962000081758604e-04
1.612514520619615999e-04
1.946823581794719800e-04
1.934612287531226960e-04
1.847075015956622956e-04
2.105919616386845794e-04
2.022854439400223491e-04
1.881122151437011306e-04
1.859556484686297772e-04
1.711363582919147555e-04
1.587329952340169677e-04
1.359447195474785511e-04
1.236665029605447182e-04
1.309742145079764416e-04
2.371238642549670169e-04
2.443014089206809987e-04
2.441169860520068157e-04
2.026245127038675238e-04
2.026126682738441575e-04
2.046965167863851491e-04
2.499563276631425668e-04
2.519693956600127819e-04
2.380021032166282401e-04
2.344418102183004919e-04
2.204150149935471580e-04
2.006171721149676169e-04
1.994892153760033414e-04
1.797411618753776575e-04
1.671329025863189021e-04
1.261827505658820892e-04
1.136456937980357329e-04
1.203758210976705809e-04
-6.512189267813379371e-05
-5.820566093464336205e-05
-2.991439481132916311e-05
-3.633343385447702217e-05
-6.550916562390244995e-06
2.216151739413912232e-05
3.282671156472273966e-05
5.979236272106940682e-05
4.424917006050479778e-05
3.053212658997072541e-04
2.895601037389157451e-04
2.736740053549795984e-04
3.072969711874636001e-04
2.914614297950096069e-04
2.863179741242938866e-04
2.053271483490164964e-04
2.001945047513154527e-04
2.028742875864829169e-04
2.164025952796955784e-04
2.189917196829903171e-04
2.159876447171367778e-04
1.046655362898583756e-04
1.015897203819289877e-04
9.753092035180672493e-05
8.960770248672217863e-05
8.689173864195838060e-05
9.041645740159138470e-05
9.298028907733752813e-05
9.584276472684278517e-05
6.644989346655605714e-05
-3.465783606283084125e-05
-6.460903520659954866e-05
-8.226205190319110187e-05
7.522210810835061948e-05
5.765165897876481978e-05
5.181458972257596378e-05
1.041482150028319236e-04
9.820172989604097728e-05
9.762790482382310451e-05
1.027140459777138842e-04
1.021951834893135530e-04
1.004194651578867387e-04
-6.753317803302575934e-06
-8.603585596444313609e-06
-4.352206944561152775e-06
-1.730966309004148889e-04
-1.656055011535795024e-04
-1.678114933243683043e-04
4.652795347098395316e-05
4.170820449453681083e-05
3.905688347006423637e-05
5.253945693348436924e-05
4.981037047403140232e-05
5.024902800434947634e-05
1.847236992037130758e-05
1.909251893741757298e-05
4.447522457788253246e-05
4.247203339693815137e-05
6.727405941213035999e-05
8.785422733634181162e-05
1.059417589911999347e-04
1.359921595806724425e-04
1.680144687700240672e-04
2.614047123145780559e-04
2.929768871101706088e-04
3.523090502224341530e-04
2.664796684687181175e-04
3.258535810257718462e-04
4.340376107536002195e-04
3.179738644487634797e-04
4.262097572024657523e-04
3.347851003465040966e-04
3.508533044766380584e-04
2.595486281617342874e-04
2.024284269122121182e-04
3.173158608088999435e-04
2.599383671462250200e-04
1.810352902985845592e-04
1.889513743502733555e-04
1.101220466090102579e-04
1.387274945784415709e-04
2.518763969519332907e-05
5.376733077467043273e-05
6.235134555471449468e-05
5.088337400705177658e-05
5.933883716796844576e-05
-1.664850936528575393e-04
3.799036262070148561e-05
-1.873708463996928903e-04
-7.752485940723551940e-05
-1.341021928262245628e-04
-2.452084696411027144e-05
-6.401706188476150982e-05
-9.953687218508555125e-05
-1.385884678878492688e-04
-1.143148019247942730e-04
-5.104237054033642761e-05
-2.677624246936972582e-05
3.213927836818016243e-05
-1.768333513093435332e-04
-1.179774933242299490e-04
-8.238850617294581373e-05
-2.206007718321927719e-04
-1.850323610890415474e-04
-2.407851778226340381e-04
2.394183970570805506e-04
1.830601333384966286e-04
2.321794738709228082e-04
1.134317219001805218e-04
1.627110025328816815e-04
2.582475304200001001e-04
1.928437843634979768e-04
2.887298929101474523e-04
8.721691239129173660e-05
2.210879779715709328e-04
1.911972623288053178e-05
-2.305372560794388551e-05
-6.014855779272151089e-05
-1.024527585918728043e-04
-7.071922642630986962e-05
1.426103632461566697e-04
1.744487783407280585e-04
2.660902172690382322e-04
1.184926625109697124e-04
2.102121069808615466e-04
1.835916500906495364e-04
1.767239227090155801e-04
1.505451164459845038e-04
1.434493956570030660e-04
4.390823054314013435e-05
3.625015099015845964e-05
2.001004440280114470e-05
6.175888713397844742e-05
4.560601927841519175e-05
5.191383921032092109e-05
1.167442064735895878e-04
1.230456963223709775e-04
1.632528930164985461e-04
1.600111989812298728e-04
2.006425985561795635e-04
2.509391921470891375e-04
-3.940201155300064855e-05
1.058638702528734389e-05
5.130728537056859469e-05
9.537218978079219046e-05
1.359863643797885988e-04
1.416381582112525585e-04
1.171076699889105175e-04
1.226098992356573227e-04
8.374889854331020369e-05
1.590285409202341917e-04
1.200737385823250200e-04
1.070571185657691565e-04
1.318405627551347400e-04
1.188095072386723366e-04
8.093994441609310506e-05
9.419674706737812429e-05
5.628280090335237382e-05
3.030094367239671285e-05
2.601371034298040211e-04
2.343390950958435469e-04
2.518923342957855318e-04
1.776553980565820866e-04
1.951176441306010935e-04
1.844451892236891131e-04
1.070068015049905632e-04
9.635677109944549602e-05
9.911699569249162291e-06
7.489170660736886066e-05
-1.149403676444142141e-05
-3.181311510474870525e-05
-3.719180228707789459e-05
-5.759142547817418896e-05
6.137753989187951301e-07
-1.000144202166188749e-04
-4.170141875151414917e-05
1.209051044765048488e-05
1.701004401907454684e-05
7.074987736172162756e-05
6.992712272824787604e-05
7.606266519627653822e-05
7.510970002533936011e-05
9.895272627585594049e-05
7.211721507394754397e-05
9.641050668546025148e-05
1.535410627850775241e-04
5.061424702984307399e-05
1.077686246146891832e-04
1.088628380718559339e-04
2.220034438080598234e-04
2.228671258241787865e-04
1.098018585853637497e-04
1.599106219989165976e-04
4.678317442633074920e-05
7.577758464492813546e-05
2.838722527123850982e-05
5.744931644756303031e-05
1.936043069560217968e-05
-1.502716754255854032e-03
-1.526978002704194306e-03
-1.528236240418192390e-03
2.146350258823621383e-05
6.690362780790439726e-06
2.488231559869783383e-05
7.963928844357620824e-05
9.706458815959232312e-05
1.971341841156445105e-04
9.211104345628010493e-05
1.921262443532086570e-04
1.168753397750965759e-04
1.793502303073964675e-04
1.041664391623176142e-04
1.129197801261463074e-04
2.333615512570663794e-04
2.424246915821705816e-04
2.886377097198638327e-04
1.453372708552771119e-04
1.913753204022432871e-04
2.555998868166085001e-04
1.221185212231139846e-04
1.861981214579742070e-04
2.600356828052647891e-04
2.848412951888401471e-05
1.035788017189227523e-04
6.349526831859298543e-05
2.301974608427010956e-04
1.895262920016194184e-04
1.581215568980265536e-04
2.315590043736393054e-04
1.996783925382483878e-04
1.861783059201706572e-04
-1.717405590066622815e-04
-1.836102635944690184e-04
-2.005681829504428622e-04
6.199413855835240322e-05
4.356665038729624776e-05
4.445106166752480414e-05
9.249763996566252736e-05
9.309668818826280978e-05
1.080880711762595469e-04
-1.916578939534197782e-06
1.345420158229651986e-05
1.199486151536250170e-06
2.955881310137349659e-04
2.828665028309573174e-04
2.983412984218941654e-04
1.837501194777090788e-04
1.991410160013967778e-04
3.156247335560507811e-04
1.119646973717519666e-04
2.290934722246490158e-04
2.588616407161097119e-04
3.064277630606554188e-04
3.359757319708804677e-04
1.141001442099740491e-04
3.449833820491547774e-04
1.229844522547727213e-04
1.756787861045849852e-04
3.772819845639704267e-06
5.684752620760624925e-05
2.206301047306762596e-05
1.734766199257498304e-05
-1.791590279128147702e-05
-4.747147951284603562e-05
-6.039560904463068050e-06
-3.554330370398418393e-05
-1.095334940404469899e-04
3.232889529308124099e-05
-4.189534804791461738e-05
6.518849435700925380e-05
-9.244323003113519462e-05
1.484917042284163028e-05
1.536560438366504086e-04
-3.257715838638052127e-04
-1.781339097974924670e-04
-2.946188857540532917e-04
3.349775059873135461e-04
2.096309957332864434e-04
2.111818034023233022e-04
1.233917622366875440e-04
1.254132516037859287e-04
1.567904408280111606e-04
5.172079583240675590e-05
8.319312547839505028e-05
8.986285583110104362e-05
1.742632892405919487e-04
1.802599207544098333e-04
2.248777865608073807e-04
1.221393821574146585e-04
1.670847388160266018e-04
3.127676007364080290e-04
2.962510890503264999e-04
4.415615092523531059e-04
6.471542439792355144e-04
4.142269879605756143e-04
6.195992320679178083e-04
5.972317042095071559e-04
6.013874228481253231e-04
5.791250471291548496e-04
3.145101276151691331e-04
7.306209765873334294e-04
4.657592002024031012e-04
3.253753307227052246e-04
4.256226405834168895e-04
2.854024910639745612e-04
1.864089455503203008e-04
8.895446582853397920e-05
-1.004192458454742699e-05
-5.172359857738364239e-05
1.594545315496400328e-05
-2.582773783274341125e-05
-3.840240673537976776e-05
-1.695848860129003574e-04
-1.821425291747195247e-04
-1.885908135073362647e-04
5.676834121901862588e-05
5.037162887397121798e-05
1.258232558033050836e-04
9.505973108111780297e-05
1.704520298520656170e-04
1.999479928325862332e-04
1.522284554088109971e-04
1.817629009291530295e-04
1.445925889846363726e-04
1.725145257932134612e-04
1.357100489975379470e-04
1.364898719680298451e-04
2.442972698085547120e-05
2.476633499327938592e-05
6.979297173395561556e-05
1.389763795509737316e-04
1.842302371719832955e-04
2.658398330236209765e-04
8.447642172407167534e-05
1.658180004010332957e-04
2.483873220116745734e-04
1.445222474426387086e-04
2.271518867419015670e-04
1.885078571750456542e-04
1.297279929931189919e-04
9.139896873521153632e-05
1.240109622581506295e-04
3.567443681195983738e-04
3.889122299138100965e-04
4.539569845306294822e-04
2.800037682159448190e-04
3.453244307834728473e-04
4.315018959151101533e-04
1.418704659968688005e-04
2.281390988774118249e-04
5.847447902448108838e-06
1.389887692912933652e-04
-8.241463277813083823e-05
-1.386865177019556386e-04
2.497932518613707334e-04
1.923168321545178669e-04
1.311056967984420923e-04
1.130628090058396237e-04
5.168097968413510592e-05
5.787237486143365995e-05
9.692204011804440291e-05
1.032323389946739425e-04
5.010302451386941395e-05
9.040607718557820216e-05
3.713886875606966934e-05
4.454717692803575866e-05
5.575221073244305582e-07
8.355297738462530302e-06
3.689374873554418727e-05
3.318742803182437293e-05
6.145551899587820216e-05
1.346926865534279908e-04
1.227179034021691506e-04
1.959514548087846900e-04
7.891430316211465817e-05
1.422959167410973872e-04
2.521235903676409345e-05
2.176404305929746435e-06
-8.400602207567732711e-05
-1.067166978454119899e-04
-1.103734189891238408e-04
-3.082664572128928368e-04
-3.106748277568240632e-04
-2.718929475796557239e-04
-1.903194931940927078e-05
1.820470663540442349e-05
9.507295160027088611e-05
-3.484530441175769208e-05
4.234823406612368314e-05
6.764378451831510068e-05
-1.114794797363331726e-04
-8.606712106060365438e-05
-2.016014151266190980e-05
-5.379775427658239602e-05
1.184630126701321628e-05
5.418823645335590867e-05
1.481498566037940624e-04
1.908359445852876308e-04
-6.259931182465736468e-05
1.996002284332827332e-04
-5.429422821360860665e-05
5.557623393984161735e-05
-7.187593950401280720e-05
3.792756928747170091e-05
1.245381086628307874e-04
-1.474235801244003284e-04
-6.016152240043680117e-05
-1.121492403905814911e-04
8.065835079470475271e-05
2.834309829659998172e-05
1.323957866756521329e-05
-1.360755867205536390e-04
-1.513673790288130178e-04
-1.266103225851760014e-04
-1.077990903542349471e-04
-8.340877127818323213e-05
-2.440279771076509343e-05
-8.111486639674077813e-06
5.094634995361796035e-05
2.974841469725972732e-05
2.662450789709948601e-04
2.452644620166570576e-04
2.387983872890030862e-04
6.829015170982486328e-05
6.184523546691293727e-05
5.634621173215620046e-05
-1.277408123147184132e-04
-1.325911989800859260e-04
-9.130131610183373977e-05
-2.102286935217905807e-04
-1.687647406335766702e-04
-1.788104432427095754e-04
1.017164807442729087e-04
9.146830278665250705e-05
6.723710067596603808e-05
1.218999249145811961e-05
-1.259872259545754018e-05
3.273655932041084817e-06
8.837470896806015348e-06
2.449811905773190265e-05
-2.193911874508554976e-05
-2.017086965109983324e-04
-2.468467393222271923e-04
-2.587208317970668154e-04
1.564662996648803826e-04
1.439841408603082223e-04
2.266320073963527847e-04
8.198030726930152605e-05
1.635882357354660798e-04
2.697884313817403056e-04
1.957632479011466075e-04
3.021864516482955553e-04
3.404153937250093548e-04
3.092079544727957584e-04
3.476799426376537411e-04
3.897970645135365435e-04
4.501430045589522450e-04
4.918561943719260404e-04
5.387668542201815534e-04
4.464203056209817538e-04
4.932436103221213806e-04
5.047576564577506723e-04
4.728601678610964108e-04
4.844437503236444535e-04
4.891505585659639260e-04
3.420593134108098092e-04
3.466996339524508735e-04
3.344700945458711468e-04
4.696728782404558083e-04
4.576265619985164486e-04
4.158904856701512625e-04
2.241879393264056526e-04
1.831026974066291739e-04
1.620954885775124444e-04
1.800160033560489108e-04
1.584924634707992686e-04
1.434264574734912638e-04
2.984161715185170783e-04
2.834311469294549350e-04
2.628695688919876561e-04
2.564147741603152279e-04
2.356666114657898293e-04
1.973261116339262793e-04
2.424424779612351999e-04
2.038780532578375409e-04
1.842123483473729240e-04
3.582976880400810609e-04
3.386134003338698195e-04
3.362200726742720124e-04
-2.435482429174412144e-04
-2.446000367880934957e-04
-2.128430777136824893e-04
-3.234728143097037557e-04
-2.892208420578978824e-04
-1.759567126884292211e-04
-5.743077043351374434e-04
-4.625533652744422998e-04
-6.157704316171279651e-04
1.675657077960862260e-05
-1.379794244746139205e-04
-1.774608028251264719e-04
-3.087770579474439776e-04
-3.475180348511372236e-04
-3.810447325624813581e-04
1.905791940037574145e-04
1.560124563591266727e-04
9.829050922330047173e-05
8.969546419826249836e-05
3.145439203857953829e-05
7.554854794354827095e-05
-7.932590434298340994e-05
-3.523471702872126412e-05
1.086836520017942865e-05
-2.008060301472833664e-04
-1.545893556681100420e-04
-6.210827578994584843e-05
-5.950868406897523921e-05
3.270868600142049030e-05
2.057656936366390179e-04
1.158947385082100554e-04
2.890662406124453734e-04
1.961980978026873568e-04
2.950170717221032570e-04
2.021779745351410607e-04
5.989846111486960998e-05
1.391506901942080954e-04
-3.108654271556838839e-06
-3.533352932564914417e-05
-3.033316308420787701e-05
-6.239267017364502144e-05
2.074586193873763406e-05
-3.599770784050226402e-05
4.697461229614198529e-05
-3.091395030466312019e-05
1.342461441071260008e-04
5.666421946401304158e-05
3.178520753397223947e-04
1.563892512236029521e-04
4.178110727923539875e-04
3.865980580803421180e-04
4.362327788374004362e-04
4.046005088957440893e-04
4.329819896533616819e-04
3.923395162336942594e-04
4.206198466285594739e-04
4.773742834423669356e-04
3.432842897759282030e-04
4.003748321757652539e-04
4.406491382977570240e-04
3.846735775788315314e-04
4.246476485858316366e-04
4.424329795052534724e-04
4.041143723296577875e-04
4.221006943022138263e-04
3.276283320960921095e-04
1.706702291609025384e-04
7.593863913690269453e-05
5.619098951412115645e-05
7.584498301049292547e-05
5.617905694363389563e-05
7.143260721814736255e-05
1.299197232101646478e-04
1.450397451105426205e-04
1.232921533856186575e-04
5.746681838342818571e-04
5.530027958784829384e-04
4.948905622267191738e-04
5.222355359919946200e-04
4.642114141869386167e-04
4.363705912010784876e-04
2.906566438877051205e-04
2.630563858884427380e-04
1.953929504598961330e-04
5.106063008907524552e-04
4.422705469697718627e-04
5.119215164559493296e-04
2.328197342795790292e-04
3.027958353887144930e-04
3.590861950874036940e-04
3.825198126396928437e-04
4.389261947584978136e-04
2.944666948785529823e-04
2.850626250369182619e-04
1.411433504579113216e-04
7.390966013312111295e-05
3.065799229419691272e-05
-3.627581216156711185e-05
-8.247062475694551991e-05
-2.018083007702999314e-04
-2.459693376933617883e-04
-2.936182470495735000e-04
-1.558477550772412114e-04
-2.035055993094031404e-04
1.487328611923430764e-05
-4.735732261526320766e-04
-2.535211324072065512e-04
-2.227072885879641207e-04
-5.021804181239190260e-04
-4.694901339398091468e-04
-3.047826683597752630e-04
1.265327979190880624e-04
2.847238285483678997e-04
-6.963195614866947436e-05
4.208523388968667209e-04
6.590740535989368654e-05
4.218935758040586294e-05
1.149520017404478262e-04
9.139421420337000669e-05
2.132179198434748556e-04
-3.426210943820683346e-06
1.185116835750811603e-04
3.274920128219987537e-04
7.223705881016187925e-05
2.812580461082275296e-04
2.251427194311530046e-04
3.020767436296905662e-04
2.460477680175811701e-04
2.263555650183889795e-04
2.459353399205268078e-04
2.276792072275612283e-04
2.115991285986234269e-04
4.190904289767104912e-04
4.010231844599325976e-04
4.827798287169755972e-04
4.833222504398287109e-04
5.650588676235386706e-04
8.422942667154864442e-04
4.614315287926913775e-04
7.387021798992798698e-04
8.574912672068058829e-04
8.196721794436023605e-04
9.384593895540639143e-04
1.020686094040720122e-03
9.598308670413281153e-04
1.041916461606014850e-03
1.116316211266169499e-03
9.156272469290703108e-04
9.904620370089134082e-04
1.249247167423473727e-03
-2.772363752054109436e-04
-2.682506769338651245e-04
-2.700906102017630985e-04
-2.686958200207008665e-04
-2.707512089454700401e-04
-3.145776061029950167e-04
-1.152418758192230838e-04
-1.585753122964719320e-04
-1.746311396670723027e-04
2.642450295008403574e-05
9.571667182426012621e-06
6.504373290459487659e-06
-4.901064006455331339e-05
-5.145584685646476962e-05
-2.152768077293582558e-05
6.652424475992892009e-06
3.636243552237577439e-05
4.098555945969967868e-05
-9.502292898914017081e-05
-9.051039233159424041e-05
-8.499676093275240676e-05
-2.142291021329179523e-04
-2.088132450524955155e-04
-2.202501795179005045e-04
-3.167208187449961068e-04
-3.276399087550844330e-04
-3.529300634594704231e-04
-3.097239399718846459e-04
-3.344548936778749546e-04
-3.429575001028285774e-04
-2.118748566912557476e-04
-2.215889682666318243e-04
-2.108544666655764457e-04
-2.938071258504794392e-04
-2.829681123942539298e-04
-1.778795197667357641e-04
-1.589424008373573895e-04
-5.382371484914693412e-05
-1.362960600940324495e-04
2.464155543987719445e-06
-7.977909889945760302e-05
-6.281436961435066702e-05
-2.880628643965348534e-05
-1.186006719071703197e-05
-9.165601663847105542e-06
-2.690564377029640904e-04
-2.659700163394181300e-04
-2.584820081527158982e-04
1.124033227779701110e-04
1.190343923237360921e-04
1.423887345094897899e-04
-1.076202948159352038e-04
-8.384322676875506316e-05
-1.000354708360165783e-04
-1.495946296404383031e-04
-1.660546580517322250e-04
-1.739689331024780008e-04
1.078058672881096176e-04
9.972559126439624702e-05
9.835574229615558911e-05
7.266479149806433593e-05
7.129671422550273169e-05
8.988317684201441388e-05
-1.092263861999865152e-04
-9.053030400605954547e-05
-8.072123873655845101e-05
-4.518679808894254584e-05
-3.495277323902745421e-05
-3.116583274270385835e-05
-2.754169878238176515e-04
-2.723157044692242450e-04
-2.980218063610409664e-04
-1.434356777189576659e-04
-1.688580463676516905e-04
-1.731720942296067036e-04
-9.024536977883325958e-05
-9.453441745042593844e-05
-9.863839310941815920e-05
-2.427224782984683073e-04
-2.451200963777822039e-04
-2.173923323333683526e-04
-2.389982511603605802e-04
-2.132645651635202682e-04
-1.509548900313348113e-04
-1.245942450531247175e-04
-6.175621898282771687e-05
-4.607907472957696831e-05
-2.128115601036370335e-04
-1.968708224579396478e-04
-1.985573788459388082e-04
-1.972799058988394967e-04
-1.993805515865770643e-04
-1.932341419408674257e-04
-2.773220065335718458e-04
-2.711738215542043194e-04
-2.901981125607110525e-04
-2.799963567188585743e-04
-2.992225701010741258e-04
-3.197836593376795307e-04
-2.658134973163671757e-04
-2.861273786170730844e-04
-3.042483500616089504e-04
-3.245411460871199623e-04
-3.428934347761259478e-04
-3.695977520859390912e-04
1.049099749940051905e-04
7.802411526576052926e-05
6.101458637396942226e-05
6.979991119955103419e-05
5.279895338582943527e-05
4.168728585327405756e-05
-7.578171864031676801e-05
-8.677446064566831762e-05
-1.820249183415140843e-05
-1.957275748954118524e-04
-1.264694541770469759e-04
-1.177917712073618987e-04
-3.304313782925567388e-06
4.473144054987051232e-06
4.782986986276666162e-05
-3.691825387239301747e-04
-3.256256076664387203e-04
-2.915043093610305463e-04
-3.168119782739042259e-04
-2.824867203246552621e-04
-2.871377243983002140e-04
-1.731633907995868598e-04
-1.778764733435960247e-04
-1.611343878582270411e-04
5.981149775009586078e-05
7.612473829368487325e-05
9.526657171498247685e-05
-6.448734612465055254e-04
-6.240244989940224671e-04
-6.227325195293563573e-04
-1.461579965153037637e-04
-1.464150975305276536e-04
-1.543200835436816295e-04
-2.845346008759612076e-05
-3.652058354022456009e-05
-4.575947529874175050e-05
-6.686825350301814873e-05
-7.558566282741158463e-05
-6.546449361554274992e-05
-1.027221907605919168e-04
-9.293449323809633688e-05
-8.586182137969614828e-05
-4.408468629997123285e-04
-4.310743161013323244e-04
-4.060550404495155913e-04
1.283710671586942497e-04
1.504272672797956961e-04
1.954596006532798675e-04
-2.746839004351353747e-04
-2.283278957486484977e-04
-1.876790972004581891e-04
1.102279173095181263e-05
5.057338634068773162e-05
9.425630444060128241e-05
2.616565710355590380e-04
3.051856026319326094e-04
2.819813788907152394e-04
2.768205001517669490e-04
2.533690393708196262e-04
2.564718442907302966e-04
1.985308889803957919e-04
2.017132055651142588e-04
1.670494350674568934e-04
2.293977731777101150e-04
1.948922402062460107e-04
1.922053006755449346e-04
2.202672296972020788e-04
2.179901303069927266e-04
2.059443238471872452e-04
1.920838067353032998e-04
1.794234146877429726e-04
1.988655706534959208e-04
1.465572302044607046e-04
1.660975533903442155e-04
1.901367969828170190e-04
2.797916379657439719e-04
3.037298039550405393e-04
1.271176742252177528e-04
2.704917598300125847e-04
9.394591407405500924e-05
3.346943943663351247e-05
1.396836750304541520e-04
7.919379807910732934e-05
8.169616989262690199e-05
5.264390878048576423e-05
5.509725519160096896e-05
2.770035793577940567e-04
3.305506901752491844e-05
2.550032372159571751e-04
3.526182191355082055e-04
2.071319617602662548e-04
3.048443687522712012e-04
2.316687046377964403e-04
1.249569250877874751e-04
5.197324439092055812e-05
6.958570574643833245e-05
6.277894366672710433e-05
8.183448935161156262e-05
1.101394914078990023e-04
1.242326294188461980e-04
1.507865122042128842e-04
1.451893769845677981e-04
4.013568281882906358e-04
3.955744107080003688e-04
4.015402753654766579e-04
4.182638369676037202e-04
4.242979246416494002e-04
5.260459515293273861e-04
3.343794285544559111e-04
4.361604919276810969e-04
5.420126863014099357e-04
4.517989259065739597e-04
5.575576460528333840e-04
7.730686162004708761e-04
6.359236342396253809e-05
6.637539480999657231e-05
5.605799378347471043e-05
5.577487753890999871e-05
4.677553078611269280e-05
3.611299255981426917e-05
5.746906389933898731e-05
4.615583678360413991e-05
7.362037614286212703e-05
-8.512342243802416839e-05
-5.821149205956341246e-05
-3.044769869355598915e-05
7.926439467184512398e-05
1.071012532042141772e-04
6.236331408250399538e-05
1.653505762509803988e-04
1.205749622207439751e-04
1.003689675734329269e-04
1.142797163814611048e-04
9.406190557898462274e-05
7.519234103179698041e-05
-2.175483776694654963e-05
-4.066030188900257298e-05
-7.831719914397241959e-05
-1.974487483638229484e-04
-2.319068145094627369e-04
-2.506248706037180959e-04
-2.861926542541029343e-05
-4.998725438658168578e-05
-8.181317489026776555e-05
-3.116857209410538935e-05
-6.303116342416695359e-05
-7.489567493465751368e-05
-9.526730818572185042e-05
-1.069481017664542790e-04
-1.147357098030309726e-04
-8.095400104210734326e-05
-8.931774850640553727e-05
-7.498304388549309604e-05
-1.487789841572206069e-04
-1.343796108250333034e-04
-1.045275425865237358e-04
-1.375674822896849744e-05
1.566120727444843025e-05
-7.663744584863557653e-06
-1.191724777230217486e-05
-3.517195753680683597e-05
-3.371820160838666044e-05
-4.321592158099777921e-05
-4.170619898660930477e-05
-3.689469065871933250e-05
-1.218317799940601238e-04
-1.169483997568572476e-04
-7.035444456923820467e-05
-5.529296812024811058e-05
-8.964643593207676127e-06
2.908847674789721274e-05
-8.005492588345028849e-05
-4.190516627331381536e-05
-6.478400760409616719e-05
-1.215784446516365359e-04
-1.444624082565792729e-04
-1.405259814093550287e-04
-1.459045612633713413e-04
-1.421126931420256935e-04
-1.314760330340054623e-04
-1.610041641144742809e-04
-1.498889497222539774e-04
-1.406976851341819031e-04
-9.760610109401613387e-05
-8.867124125226788348e-05
-1.754840076401110397e-05
-1.833558388227169973e-04
-1.116207119493114542e-04
-1.395957756191541972e-04
-1.212507658138151870e-05
-4.029094496369860787e-05
-3.674448572004107788e-05
-1.921138705089738192e-04
-1.886640359824326451e-04
-2.018998351155473661e-04
-2.768181996596780236e-04
-2.899788818063839149e-04
-3.184207166584416063e-04
1.282016597946481038e-04
9.907425511235156616e-05
1.224909936141605686e-04
1.946691146192857584e-05
4.306255120955512035e-05
4.549854416412932876e-05
6.722609375774964797e-05
6.996275838477237228e-05
9.114749209341129399e-05
6.779186474286747009e-06
2.753549724668732024e-05
3.409676004632747684e-05
-4.451528420820364618e-05
-3.804907451883518185e-05
-4.185228944834798546e-05
2.062337008650731197e-04
2.025249787970957163e-04
2.048277386613028416e-04
1.483658353231427076e-04
1.507460113763647446e-04
1.577179508609286040e-04
1.178501991936775216e-04
1.252597365970312148e-04
1.478500717499497746e-04
1.460656574690327942e-05
3.662843033142568813e-05
5.493730341005063000e-05
7.078231379326613889e-05
8.922785845971590224e-05
1.164078774023153654e-04
1.489182867753777498e-04
1.759906943048634401e-04
2.102423434155207085e-04
2.032148538715489975e-04
2.379944319147761869e-04
1.718378220215093346e-04
1.115939561372212641e-05
-5.533502243965603400e-05
-6.692462971402755693e-05
3.979515477508567284e-05
2.809073288956233545e-05
6.657026185744556587e-05
5.170040317192163906e-06
4.349150638186487358e-05
7.265660552087404613e-05
7.513153193608972233e-05
1.042018690031317699e-04
7.289534572479673116e-05
1.191166216858027208e-04
8.779528455776520459e-05
7.054399253168043863e-05
6.324716399391539781e-05
4.594467833005723726e-05
3.364666766154727432e-05
2.402991631773383654e-04
2.282145126899067173e-04
2.476106328108940678e-04
1.811450113835107395e-04
2.004223078407008606e-04
2.156492981119381789e-04
1.057492790428582984e-04
1.209720347067641619e-04
1.083445151705856799e-04
1.003070054101126794e-04
8.775161971772121178e-05
9.023788680539117498e-05
7.012769332123951899e-05
7.255607289013103886e-05
7.452694892837278011e-05
2.188505260024802132e-05
2.392199433362654807e-05
1.650937064919948431e-05
7.996892866632513168e-05
7.249189820509731623e-05
6.714438015745878216e-05
8.115027321406036468e-05
7.577107564696967598e-05
7.070642143473121217e-05
7.767388408223092552e-05
7.300592963103297046e-05
4.701892956554819562e-05
1.453288543954583695e-05
-1.145686493791709922e-05
-2.712234756479885676e-05
1.138246477993570707e-04
9.796432957948270938e-05
8.991022335578955022e-05
3.297976898458871743e-05
2.489536567339009849e-05
6.350295377449899836e-05
-7.048969532090357867e-06
3.157618273069918080e-05
6.120390788396832486e-05
-1.309036673707684225e-03
-1.267324368760678905e-03
-1.243071619351944620e-03
8.437630493404355784e-05
9.692154377643878325e-05
6.881311905514197243e-05
1.620416700136002408e-04
1.331227763736595382e-04
1.270904556700330691e-04
1.289935249084581603e-04
1.229156858139973598e-04
1.383408644010654625e-04
1.152732673186179714e-04
1.307697066345593867e-04
1.621558327729932325e-04
2.491126042564741311e-04
2.808166024311564224e-04
2.721996325640984736e-04
1.922404186603731769e-04
1.834311452335723601e-04
1.818232735433639147e-04
1.166788470805668197e-04
1.149379563332558730e-04
1.159792316529210704e-04
-4.865706117814172721e-05
-4.638859374343789642e-05
-2.431667960548075311e-05
8.535591931187175687e-05
1.068938945762696636e-04
1.287491132551087385e-04
1.489789065316203011e-04
1.703533735870598202e-04
1.858638991555930050e-04
-2.047380011482881064e-04
-1.876335315452157585e-04
-1.678871557756712526e-04
5.434767654638597090e-05
7.261880825390910205e-05
9.521808938404280592e-05
1.245191161346236378e-04
1.468459563078518574e-04
1.637460856893460139e-04
4.363067678456861425e-05
6.089250857097905714e-05
6.000862600430271511e-05
3.510793369225586637e-04
3.497426278578060019e-04
3.524846920552338883e-04
2.573450092846470225e-04
2.600022067124630734e-04
2.773754562383239281e-04
1.825468439417566582e-04
2.004999290818070185e-04
1.989865644071476007e-04
2.753219627208729398e-04
2.734839302655534292e-04
2.760400488948182816e-04
2.775996338976771975e-04
2.802160847674788589e-04
2.852769641463357374e-04
1.577783655117930527e-04
1.632427112922716305e-04
1.707938331011019692e-04
1.200656363066929743e-04
1.271096238698147282e-04
1.078902545252674247e-04
1.407943031582318291e-04
1.216308713758223678e-04
1.044193440155407357e-04
1.843662151934438373e-04
1.669065485746880936e-04
1.082644102652389421e-04
1.166918181387057471e-04
5.827849414430743592e-05
3.040652378054245052e-06
-2.800627899333071099e-04
-3.264835680550319118e-04
-3.372872772382912144e-04
1.828752143825980859e-04
1.632448227388444439e-04
2.106287738979136653e-04
7.342706956077693853e-05
1.212239458663662978e-04
1.826193580748302790e-04
6.908172694689539151e-05
1.305292204599616977e-04
7.591445640938826152e-05
2.061122174020646068e-04
1.509016106305504615e-04
1.621659966646378406e-04
-1.455657589902631692e-05
-2.909416286771976130e-06
-2.164291656578149099e-06
2.247538131656741270e-04
2.251303377831334216e-04
2.336939407647734153e-04
2.066938615441301806e-04
2.149587719137927163e-04
1.992794489466806810e-04
1.951320493496169913e-04
1.796051431426068704e-04
1.627614276917970534e-04
3.314140370036231290e-04
3.142939279319339227e-04
3.091992447333275352e-04
2.820155989871213939e-04
2.770420004561408435e-04
2.790507297397637671e-04
6.485235361092304930e-05
6.692992436751256944e-05
7.689492836726504734e-05
1.049393523210240460e-04
1.147787150846948045e-04
1.140782981491214273e-04
-2.670153824530095872e-04
-3.048689862199612422e-04
-2.176111817136104274e-04
-6.645648981896419951e-05
2.085693210738943340e-05
-5.891384447833136241e-05
6.573065854518906595e-05
-1.410405188008755962e-05
1.895466831920262715e-05
-3.084442963964850227e-05
2.253209656919951645e-06
8.825701933725117981e-06
-8.372642498579208645e-06
-1.432357840334684313e-06
-6.261415051940814273e-08
-1.136557385512643165e-04
-1.127399782367860152e-04
-1.469919159051557168e-04
4.926480881695710265e-06
-2.909991665254953348e-05
-1.718951109236599396e-05
-1.341649410522137865e-04
-1.225187109610860188e-04
-1.369059868919747893e-04
-1.461325403596137602e-04
-1.604904941813173715e-04
-1.835272499705859850e-04
-2.610389606160196758e-04
-2.836958386582517184e-04
-2.110433426727722703e-04
-1.201990140217444104e-05
6.015661235012158931e-05
1.100585619684475345e-04
-5.280246953900858580e-05
-2.633397688793124528e-06
6.083928078063960193e-06
-2.048646669021641034e-04
-1.961077162701401757e-04
-2.188314258283843058e-04
-2.718047129161420836e-04
-2.935462846117933323e-04
-2.868237182305273677e-04
2.231217402267262760e-05
2.782223117136535398e-05
3.520911058906161140e-05
-4.206868226575526245e-05
-3.488243010331249882e-05
8.604101358875053873e-05
8.216326474507086976e-06
1.292673031516315316e-04
1.905742855713715581e-05
1.146542116716446256e-04
4.296111268634105005e-06
-4.850327615334545017e-05
-2.919873050442883941e-05
-8.159689251973186374e-05
-1.016121609644760304e-04
-5.847270596480821014e-05
-7.875263009181068471e-05
1.849308627928930994e-05
-2.154576259625897935e-05
7.570864126823235031e-05
3.199729647459701419e-07
2.653862193032491680e-05
-4.891608296446779214e-05
-4.878691431619197518e-05
-1.568444367919144913e-04
-1.563854344330725113e-04
-9.867348476874681414e-05
-3.440934993468222061e-04
-2.850984491091504902e-04
-2.918058046852269960e-04
-1.344297548386307658e-05
-2.174172850931380845e-05
-1.573970297452008881e-04
-8.875539361173604585e-05
-2.242035774381777801e-04
-1.669993947481695411e-04
-3.604819434096982961e-04
-3.030605879368219102e-04
-2.863404006228936370e-04
-2.649262172391596759e-04
-2.484586220697653945e-04
-2.798579970289552738e-04
-1.195262811842528366e-04
-1.505797134627187507e-04
-1.507325800526223821e-04
-1.364736689169490592e-04
-1.370816321037046355e-04
-1.282814368654729966e-04
-1.611313204671524209e-04
-1.524278954651894216e-04
-1.538480476020191365e-04
-3.470310216120200400e-04
-3.477673064926926818e-04
-3.221074854135078623e-04
-2.069530212329987937e-04
-1.815463743749571007e-04
-1.355110658620820073e-04
-3.234487936477673485e-04
-2.776180559591726093e-04
-3.155336502566550563e-04
-2.461022164495066432e-04
-2.844451131857548545e-04
-2.630313090696193403e-04
-2.130611295904581140e-04
-1.915103046405323246e-04
-1.429108509176253683e-04
2.583877468060623620e-05
7.463419176993599463e-05
-8.834890191453315849e-05
-9.140510366641277145e-05
-2.543748241407870554e-04
-2.046444236005912640e-04
-4.796556140320449376e-04
-4.287138538605789759e-04
-3.706879792074204674e-04
-5.164199349641124823e-04
-4.581843381086827508e-04
-4.335757106079580103e-04
-1.454048319058955899e-04
-1.216675730890454566e-04
-1.539800612245395030e-04
-2.111957286021532332e-04
-2.441199501500173653e-04
-2.406617858145505611e-04
-2.200994529285176839e-04
-2.168126810506105845e-04
-1.942837749579208158e-04
-4.713000379201144402e-04
-4.470314212580429577e-04
-4.350765501540934579e-04
-2.073232249535938727e-05
-9.858236687335949046e-06
-8.581059250367922397e-06
-6.285951337039826403e-05
-6.258481737351242980e-05
-6.390069449447124440e-05
-4.055529864164267263e-05
-4.154902546327590186e-05
-2.267187073657977656e-05
-2.132966312240838248e-05
-2.323985880415321142e-06
-4.663039552594307180e-05
9.365476444299575612e-05
4.895783960039955262e-05
6.843365781477515853e-05
5.576979593962847035e-06
2.496285969626953162e-05
1.297839298477706810e-06
-3.626605588677033094e-07
-2.396283762240192542e-05
-1.015468057553331081e-04
-1.620064673264451946e-04
-2.396235992741818253e-04
-2.543810518378552188e-04
-1.089154736214364592e-04
-1.235462372111316908e-04
-1.018839710505785832e-04
-3.589198280511584271e-04
-3.365605542549970040e-04
-2.726292381953445061e-04
-3.511590647159250865e-04
-2.878223399125036581e-04
-3.177269118186967735e-04
-1.457392440602180345e-04
-1.755055436679112081e-04
-1.619316086687119273e-04
-1.922541869153218631e-04
-1.788870637353481320e-04
-1.297298116372739684e-04
-1.725954558748723534e-04
-1.236068313704645049e-04
-1.846536328102358617e-04
2.754258060633858925e-05
-3.355287516199879862e-05
3.605783862574522000e-05
-6.272531321755507030e-04
-5.561454192125189419e-04
-5.051782433762333447e-04
-5.677871842258560772e-04
-5.154267498179457242e-04
-4.538528645959177864e-04
-8.465438810995898301e-04
-7.855705825228670490e-04
-7.790234758932561157e-04
-2.905098280486145866e-04
-2.857675663609475373e-04
-2.475558342530860979e-04
-4.889639913518399475e-04
-4.497202374159827310e-04
-3.641497558198683072e-04
8.501480052922820267e-05
1.695756411429680775e-04
2.289940809920992543e-04
1.163772442162223052e-04
1.752760497244637301e-04
2.796294589166558589e-05
5.966111233891954919e-05
-8.763365608069085275e-05
-1.412032493884105130e-04
-2.439758535231181303e-04
-2.974829026991862970e-04
-3.638507274430945117e-04
-2.110270348405826732e-04
-2.776124980286463696e-04
-2.664322980916872252e-04
-1.888889470123454530e-04
-1.775659345793351434e-04
-2.890684572070183027e-04
-1.791798001858219407e-04
-2.906870958417000043e-04
-3.022505357462148081e-04
-3.265698486960770357e-04
-3.367621489401142012e-04
-3.370312428230121376e-04
-3.942161370600740324e-04
-3.957132961729243042e-04
-4.190262450889506766e-04
3.764517333710361855e-05
9.190029189985596866e-05
1.380861543478635297e-04
1.682496800093760464e-04
2.146897062087622628e-04
1.986135458311094138e-04
3.178959926484343753e-04
3.020931317906854841e-04
2.587357557664609784e-04
3.261404627438662740e-04
2.823811919248647327e-04
2.526528654361523949e-04
2.717417337286270494e-04
2.419085752426095568e-04
2.374399698650037798e-04
1.519772298142694198e-04
1.477678668064569983e-04
8.555454789288096783e-05
1.442901045860296044e-04
8.185166754387073872e-05
3.989766709061197186e-05
4.871710208803170083e-05
6.989616747217692379e-06
-9.015803108547730451e-06
-2.416726957678622827e-04
-2.578985771393374634e-04
-2.293407606918152798e-04
-2.570618420137063694e-04
-2.285071105722125996e-04
-2.040301919717507346e-04
-1.396645830970045556e-04
-1.152730551351027473e-04
-7.185474244706389121e-05
3.074063347500583247e-04
3.508756737288454492e-04
3.405193687426763777e-04
3.255081857501896042e-04
3.152693729275743667e-04
3.185986918850073637e-04
1.355427788580673937e-04
1.390833479688705922e-04
1.519221811402894271e-04
3.846886923582030506e-04
3.968687766981383500e-04
3.396195606925608910e-04
1.916983862255073798e-04
1.347679008191768400e-04
9.150953593594572232e-05
2.216120137760732643e-04
1.784149270078687994e-04
2.342775951344318276e-04
1.021547979140273021e-05
6.668391504509221367e-05
1.389697743025029375e-04
-1.995277491213906951e-05
5.230956845026261352e-05
1.192110007817210769e-04
-1.244310089941715524e-04
-5.513715448767820843e-05
-1.575952101658693654e-04
6.886271286777277938e-05
-3.388559531156338286e-05
-4.596065366398990664e-05
-3.948170979667118890e-04
-4.048011625161439231e-04
-4.067052212063271169e-04
-5.934691299660176632e-04
-5.936041996333796689e-04
-6.466990348348866397e-04
-7.098627787460720911e-06
-6.679243640289703491e-05
-1.068208026242115430e-04
7.318415330476065990e-05
3.256201073446787081e-05
1.002623142571664556e-05
6.459559092356938204e-05
1.082485929729007324e-04
9.501156194176909328e-05
-4.792149896812065036e-05
-6.117020063526543974e-05
-5.752941203371385401e-05
-3.897835528902325033e-05
-3.523619804599086112e-05
-3.581103770447318334e-05
-2.458399237201312846e-05
-2.498752688442711610e-05
2.186816864674367977e-07
1.009743176946993094e-05
3.644814847307553674e-05
6.115649709411102690e-05
2.036743854269412735e-04
2.266866428444920794e-04
2.096940574271245945e-04
2.977924811321138159e-04
2.807866971276342023e-04
1.900370612188394563e-04
1.887611200951612640e-04
9.802784417706200942e-05
4.852027681826983404e-05
1.771628399351298259e-04
1.276393200392685534e-04
1.632762408049911410e-04
1.445898929383456410e-04
1.801040028154984266e-04
1.519167407801617269e-04
5.059385994594955450e-05
2.284779379044290224e-05
-7.466279025924733425e-06
-2.416528814668524679e-04
-2.719224981821974428e-04
-2.841958898055383861e-04
-2.781520566761394651e-04
-2.906340936600247324e-04
-2.349381207361749837e-04
-1.199779339070448307e-04
-6.375777189283887833e-05
-4.556262412316742214e-05
1.148307096106999090e-04
1.322339785334317121e-04
1.014872341087803885e-04
7.504212133843806711e-05
4.490766329893550722e-05
2.800514373761317510e-05
1.001417858546384319e-04
8.304337568646943946e-05
9.321206830681407732e-05
-3.941472352649369459e-05
-2.936635341721480805e-05
-1.241634506511817330e-05
-1.603881019469619365e-04
-1.435545380205226933e-04
-1.269877286603327915e-04
-2.463811358880562850e-04
-2.292670289961274788e-04
-2.069230631745271845e-04
-2.037833949060764238e-04
-1.808395409311019345e-04
-1.680058549790396484e-04
-7.075092618417371947e-05
-5.919940948288283673e-05
-4.185475011418487382e-05
-1.358747604935183319e-04
-1.183883945743265326e-04
-1.093014038917774610e-04
6.284760794910532709e-06
1.539451067287677007e-05
3.928703140647040641e-05
6.550133865744077639e-05
8.972437704161630905e-05
1.120088003903024049e-04
1.557664544199861768e-04
1.778918835428871365e-04
1.992108854330063321e-04
-8.858986034976764007e-05
-6.690086146305198895e-05
-7.361748290085010906e-05
3.103407752070261620e-04
3.028591341198211468e-04
2.986052093830010275e-04
8.532950736745483497e-05
8.145996419543441187e-05
4.708377209760070776e-05
9.078199428674241407e-06
-2.560320453915922905e-05
-7.975919011547953174e-05
2.512196359938272182e-04
1.969102695930211218e-04
1.485516851956811398e-04
1.637041087142585190e-04
1.154131397910271436e-04
1.054714168136144600e-04
-5.971188402475373445e-05
-6.960568026936179184e-05
-6.718559189831092393e-05
-3.922845536673939012e-05
-3.634951600470765864e-05
-9.424019793189742679e-05
-2.624613657746575988e-04
-3.210776352989641678e-04
-3.072507008151113611e-04
-2.017042874558983099e-04
-1.874412320726513215e-04
-1.114401389068155784e-04
-1.016170046464502164e-04
-2.569009714444868745e-05
3.116491613706700789e-05
-1.465775717670261163e-04
-8.827208178320772661e-05
-7.790077029753311212e-05
-1.099255644736612560e-04
-1.013672178986279541e-04
-1.089142991776758458e-04
-8.840349214410620285e-06
-1.582141919873595497e-05
-1.429686780826395619e-05
-1.841781435149902131e-04
-1.823553651738280641e-04
-1.655355885930010190e-04
-1.658960140011573421e-04
-1.495524633980938305e-04
-1.343509669742744554e-04
-2.193734839863726010e-04
-2.042089203234028210e-04
-1.920554811212646308e-04
-2.175428984548162807e-04
-2.055449319149779621e-04
-2.201000649207731676e-04
-1.677389397363590541e-04
-1.820088260998478126e-04
-1.919939021643056118e-04
-2.220121283741196584e-04
-2.322635917987479412e-04
-2.377607340571443340e-04
2.093693911849716163e-04
2.036934786479947367e-04
2.266722302968985497e-04
1.966902894088094333e-04
2.196844951916857719e-04
2.555932073653011767e-04
8.621133102256796354e-05
1.222000787299393860e-04
1.367740285446311654e-04
-1.346605943595902328e-04
-1.331673187914608205e-04
-7.849517201936000556e-05
6.485316179382971452e-06
6.005527178825682431e-05
5.650908785106317257e-05
-3.353540384500946180e-04
-2.994857993216222883e-04
-2.182986062681941926e-04
-2.768340552465027929e-04
-1.952993042497603833e-04
-4.304239730727635153e-05
-8.959544349561321137e-05
6.248797551351823083e-05
-8.626214697455040440e-05
2.896604125210572051e-04
1.404905400382263280e-04
-5.658779253276156407e-06
-5.649903556654321335e-04
-7.092924693897609311e-04
-7.867240894425446638e-04
-2.446850317828600007e-04
-3.238137835010672459e-04
-3.136694334111216976e-04
-1.972290594436014542e-04
-1.872965561355504976e-04
-1.798717445731624974e-04
-2.317685187458101497e-04
-2.237911127545401467e-04
-2.894647335495183476e-04
-2.522851306517139361e-04
-3.182952208306024083e-04
-3.157036808518830337e-04
-2.413760379284003710e-04
-2.380550104392829933e-04
-1.928511350884508564e-04
8.766788018004840642e-05
8.407399506473616814e-05
9.561947232076167856e-06
-5.280963923981550189e-04
-4.825700466058623268e-04
-4.499454307221580161e-04
-2.359566146511059477e-04
-2.043503708989132060e-04
-1.520324312805905291e-04
3.060317845944701340e-06
5.516136116778857026e-05
-4.865326722554049312e-05
3.054497756960249458e-05
-7.345543512544712840e-05
-9.102866232324079068e-05
3.312728874085174059e-05
-4.145489932320898792e-05
-7.017632398920880697e-05
-1.976711776856219789e-05
-4.828657640310751340e-05
-7.504663239093767042e-05
-1.343277492261307380e-05
-3.980730702029810781e-05
-1.222924283264003090e-05
-7.619127149088577862e-05
-4.921500175749681286e-05
-3.955675286233762897e-06
-8.043865336129240088e-05
-3.510792064200375477e-05
-1.130675039999988604e-05
7.567775994819368919e-05
9.948348493966403675e-05
1.165873539343749183e-04
8.611653216834309768e-05
1.031785498548571961e-04
1.388732282904007673e-04
-2.988826094019476757e-06
-2.044362252972707541e-05
8.244060535955626879e-06
1.555463493221026614e-04
9.343907164150784149e-05
3.047542554855792152e-05
6.908185037758136525e-05
6.188599174548669929e-06
-1.387472439091652632e-04
-4.128392470005454195e-05
-1.861224445747211576e-04
-1.854575821198523045e-04
-3.744402492884546518e-04
-3.736040671356022358e-04
-3.727539442479610443e-04
-3.766272857319563627e-04
-3.743747656699270010e-04
-3.720959648489952087e-04
-3.173441509716212749e-04
-3.167665854562073946e-04
-3.161816275678575039e-04
-5.964778392808511853e-05
-5.924240031163208187e-05
-1.757028736564147155e-05
-3.536901931511238217e-05
6.379327476780834985e-06
7.027409624796815771e-06
-8.759652633842827875e-05
-8.689910228385172661e-05
-5.557794946140355531e-05
-7.169340588406242307e-05
-4.045035319064489666e-05
-2.420691973257294352e-05
-1.570784458460912770e-04
-1.409039520864137254e-04
-1.375184012033055974e-04
-2.324924259652145944e-04
-2.283705481715511037e-04
-2.289026938256279306e-04
-1.215153544364507883e-04
-1.222052719554335551e-04
-9.911942111963865617e-05
-2.607929541141197757e-04
-2.382085768290096404e-04
-2.150763776650428194e-04
-1.025176862271734820e-04
-7.931445916497701591e-05
-6.164137675122069015e-05
-1.283931678941095059e-05
4.792758327231837374e-06
2.105006356158478447e-05
-1.382045092221991910e-05
2.444115717831983050e-06
2.944165082230105861e-05
-1.135399455493949514e-04
-8.658043459941759841e-05
-6.406004509151025784e-05
-2.493585657975555970e-04
-2.236280237902705289e-04
-1.917333878509137413e-04
-2.068967701595320475e-05
8.437315614205262958e-06
4.611675012202668539e-05
3.038746820041950732e-05
6.807876251915204874e-05
8.263515281374441681e-05
4.461991101780641428e-05
5.940486824489074049e-05
8.501401020873940824e-05
8.460993502172516880e-05
1.096474195477426731e-04
1.312000923694860740e-04
4.927965778586126206e-05
7.090084102449981411e-05
9.220429565009980680e-05
1.917155124151897236e-04
2.125778984902179170e-04
2.372198881750322663e-04
1.849449465209370780e-04
2.096595939184866630e-04
2.168988261006154681e-04
1.981986510037772142e-04
2.055157795881234670e-04
1.967421286868975853e-04
1.191732857010640765e-04
1.104471322511435842e-04
1.037380211647784007e-04
1.787156381075383519e-04
1.717507625591193927e-04
1.726022410044323924e-04
1.032689838331376803e-04
1.042075118353467706e-04
1.209948910962760599e-04
2.826228861937935379e-05
4.506066912822128843e-05
5.761857528143479691e-05
4.245770984366239618e-05
5.485883366220548020e-05
7.423065884322319541e-05
3.487687126637353764e-05
5.472530077495072398e-05
8.368384474584058446e-05
1.116582430182436517e-04
1.403578502095599524e-04
9.706043767391522642e-05
3.537049665742710751e-05
-7.310875098939936204e-06
-3.112541146282481489e-05
9.556292918159445043e-05
7.156631925437224569e-05
4.453416331385510584e-05
-8.334688011262940703e-05
-1.105051138466851173e-04
-9.799926449090994897e-05
-1.894608663889275251e-04
-1.768095560885296017e-04
-2.604580658075743207e-04
2.381663627409114688e-04
1.537768986022687665e-04
1.326826289810706925e-04
6.584692173103160774e-05
4.492302593332725283e-05
5.425966786475733663e-05
6.508151761279451367e-05
7.467935187065855409e-05
8.141036078794489745e-05
1.293321814643100644e-05
1.927438125474940185e-05
5.648201821401802741e-05
-4.581103866459240075e-05
-8.661027289628107917e-06
1.449813803484228687e-05
2.357747105512031718e-04
2.590073994273648901e-04
2.662516119388686734e-04
2.198552168469273789e-04
2.271193873101668673e-04
2.454297755381974343e-04
1.792468167340206223e-04
1.980454580977509681e-04
2.148154704927395854e-04
8.953569704927009975e-05
1.057446312487985763e-04
1.151500016457687064e-04
1.451429521993662986e-04
1.547144909163291498e-04
1.664614104611157976e-04
2.062007094973052784e-04
2.177748104968398415e-04
2.295468159229825124e-04
2.307333346634462081e-04
2.431057957676569805e-04
2.581195553245981141e-04
3.081497673181396576e-05
4.545434461375967702e-05
5.762561329538149835e-05
1.524613584804375573e-04
1.645325972967795849e-04
1.884222733783150411e-04
1.311019294698737383e-04
1.548039731564546323e-04
1.828322021320979117e-04
1.859941408033097482e-04
2.139333411615858792e-04
2.388721563890325826e-04
2.330055760250012396e-04
2.579368242565291923e-04
2.615652982055404006e-04
2.305507891848432821e-04
2.341301649718739806e-04
1.812598002200137542e-04
4.262549617121190546e-04
3.735951850014861391e-04
3.407406149161145217e-04
3.308366449257481561e-04
2.978635640427567191e-04
1.778078829459549975e-04
1.997469263695277400e-04
7.967423408382405753e-05
6.939059648122282431e-05
5.756238061559220071e-05
4.733460781555266783e-05
7.831392927981102722e-05
3.095574328601004288e-05
6.191767521157050388e-05
3.275579042396400010e-05
1.263601358003103988e-05
-1.648218635805990661e-05
-1.336521819324785771e-05
3.988972134551856553e-05
4.295808611346786914e-05
4.828554032026738559e-05
4.844753419889515338e-05
5.377670553169161712e-05
5.255389398470174675e-05
5.609034363768011962e-05
5.527025634463530188e-05
1.007477824554539342e-04
-7.443346911634987541e-06
3.798605601552343565e-05
5.985059640897159817e-05
1.703801811185426136e-04
1.920553283352935815e-04
1.783218433677019035e-04
1.257386126608187461e-04
1.120127965525524174e-04
1.140260857234073042e-04
6.199544829472763887e-05
6.426020911264393324e-05
4.761916641204396805e-05
-1.052218519250646550e-03
-1.058951453910556093e-03
-1.047158700004768850e-03
9.739506929239968381e-05
9.941257414353133186e-05
1.158055917876192002e-04
1.520609668823057507e-04
1.676062336009346513e-04
1.818252513361254567e-04
1.659331708032988576e-04
1.801258204680958623e-04
1.747707562036045453e-04
1.808117977519610757e-04
1.755319523372851870e-04
1.177383500902778293e-04
2.815054382527411542e-04
2.240146031539751973e-04
1.916859653664505477e-04
1.377218258852935221e-04
1.052095065477988119e-04
7.138245252957258640e-05
4.583226455168187569e-05
1.187601863005820929e-05
6.571177326002028635e-06
-1.467993892443397242e-04
-1.508097067215956181e-04
-1.766390893418722527e-04
-2.468793729520508940e-05
-5.110326733406714370e-05
-5.895575001134447366e-05
-3.207442797385968471e-06
-1.148792640536002428e-05
7.518933665017103881e-06
-4.030660826735841173e-04
-3.826051079220972031e-04
-3.661899788720301453e-04
-1.276269149519405606e-04
-1.125741071017227236e-04
-8.815369517468064583e-05
-6.751771047206140200e-05
-4.343499028980880535e-05
5.701205593902706733e-05
-1.513194264370962933e-04
-5.054097489084959397e-05
-4.706531003187311001e-05
2.455653033651979231e-04
2.486279121104172140e-04
2.301149041507987857e-04
1.614729338644548028e-04
1.428720832685603380e-04
1.097709653353886390e-04
7.433905269714431762e-05
4.173662889884875065e-05
-1.410025170298125617e-05
1.088147589857326532e-04
5.275715493371877798e-05
1.866833091780233404e-05
5.649124914089385398e-05
2.242348174631285688e-05
-7.721113565571771425e-06
-1.010671267838062046e-04
-1.307675830910058482e-04
-1.260990768282405604e-04
-1.778253337258549197e-04
-1.736813949032418002e-04
-1.763076835634977749e-04
-1.581802000368676651e-04
-1.607419072973401478e-04
-1.427839523567238150e-04
-1.019217562719107798e-04
-8.420545043557670691e-05
-3.957039281597061727e-05
-1.333887120163419543e-04
-8.853563760278447244e-05
-7.632963365819043339e-05
-4.322193372143588838e-04
-4.112330859707642510e-04
-3.888771300367102244e-04
1.076284463569548088e-04
1.211899086669996164e-04
1.230023758014129774e-04
1.872482402948436953e-05
2.090263154762110869e-05
4.776121629454309998e-05
3.777975209576358911e-05
7.220201135241358136e-05
9.704643333099857152e-05
1.232325949156743154e-04
1.478791981586448866e-04
1.299865340489129062e-04
-3.083864987127408206e-05
-4.851291883725873276e-05
-1.395929182829876419e-04
1.831758651324714060e-04
9.195165620682938142e-05
8.396549880893656526e-05
8.120465935705406708e-05
7.280547494923451457e-05
1.458122854188900665e-04
5.511337282990792308e-05
1.283284794141423182e-04
2.216740426982339923e-04
2.801248659040197955e-04
3.731762567648018230e-04
3.211664832725335443e-04
3.480493465056695495e-04
2.961218258952402109e-04
2.896895988479448493e-04
7.301534679761683289e-05
6.666511979263331847e-05
7.385358268214724155e-05
1.074947816769784327e-04
1.145738723716359505e-04
1.050986927403189139e-04
-2.897016301000156311e-05
-3.842625052853898245e-05
-5.022709132367395675e-05
2.016452951757289366e-04
1.899016870631871291e-04
1.629004078313722455e-04
2.364467882764560648e-04
2.093824628719142818e-04
2.012821065592333356e-04
1.898883752619861805e-04
1.818289389349274018e-04
1.767269038997284917e-04
1.699596547269947508e-04
1.652672124497286824e-04
2.145336386157894689e-04
6.142069994766934191e-05
1.101911459110440869e-04
9.512107400617107744e-05
2.186771873377027172e-04
2.038423253146234154e-04
1.955672568435331562e-04
1.006171286611120402e-04
9.207715712520459081e-05
7.140322691595292698e-05
6.744683279222973967e-05
4.677230595445371281e-05
2.830752982812336253e-05
-5.495033996811025728e-05
-7.302416433991530372e-05
-8.107445942587781064e-05
2.013350915145907419e-04
1.928148423263281275e-04
1.967466837355487863e-04
7.590901181683313735e-05
8.008509257124670540e-05
1.108222289340516243e-04
-1.196269927335350891e-04
-8.887301980481094980e-05
-1.072131355221726855e-04
-1.431397310361320462e-04
-1.604741347882308921e-04
-1.520497077676998834e-04
1.268271360850549380e-04
1.340903784780231854e-04
1.295145780165583979e-04
7.513715018783040248e-05
7.032993061848889695e-05
6.093271164620678564e-05
1.116454518484787236e-04
1.023741360467524423e-04
1.030356000705920849e-04
8.816164424108724734e-05
8.867598840196810103e-05
7.985377073636471370e-05
5.417646784962348080e-05
4.575273983063369134e-05
4.098953079014183015e-05
7.126792247289984563e-05
6.624458339578569860e-05
6.314140484084355812e-05
1.214850360346129629e-04
1.183997272315712569e-04
1.273497895483736921e-04
7.522227389619666319e-05
8.407416899286853556e-05
1.141777502799804791e-04
-2.411742898105931994e-05
6.377031301001785581e-06
-1.263827903641835757e-05
-1.735928780670810954e-04
-1.913033763736344964e-04
-2.073516831312483336e-04
6.353386674562021188e-05
4.585888869611861457e-05
3.245043415148952839e-05
-1.807288448774872075e-05
-3.128157034012278678e-05
4.008101781070519268e-05
-1.662788147987683690e-04
-9.472085263408433617e-05
-1.332148474974232484e-04
-5.235958712003838241e-05
-9.109165131651337632e-05
-9.272901489667162347e-05
3.389322062883053533e-05
3.259043468360289884e-05
2.906105157148437248e-05
4.657670241512790275e-05
4.259554054282949911e-05
3.235958283737466940e-05
1.231331054281787621e-05
1.908041303680998177e-06
2.895790063204818849e-05
-1.970392535443587481e-04
-1.692507535509148848e-04
-2.034716843711970188e-04
-2.732318856859004613e-05
-6.181493053127208722e-05
-5.610825700800550677e-05
-1.880377193531779386e-04
-1.825208901159806321e-04
-1.759642950287432141e-04
-1.585504514828665326e-04
-1.524006115300924249e-04
-1.477522826279345828e-04
-8.671670044123835040e-05
-8.189351572569645221e-05
-7.739459219278151808e-05
1.360413218391295594e-04
1.406852261034647125e-04
1.399700316836515824e-04
-1.850363154785091696e-05
-1.919350563516668880e-05
-2.194441435358760644e-05
-2.404506909657811364e-04
-2.420058397060566931e-04
-2.082531761189429834e-04
-3.887464797539943247e-04
-3.538046336544184759e-04
-3.228771409134180924e-04
1.870591525943290446e-05
4.776802709113939791e-05
6.264776119792764579e-05
-4.711092585909978361e-05
-3.282950829884106721e-05
-5.610456799005143942e-05
-1.684140634892577733e-05
-4.033692755584590735e-05
-5.019771645669706414e-05
-2.988431741654592067e-04
-3.069137282472557599e-04
-3.060067750803524902e-04
1.146404420688294594e-04
1.144595377090057084e-04
1.117189959508961528e-04
7.864670680730097979e-05
7.491196364887417252e-05
7.088641281080261623e-05
9.096825587354958947e-05
8.726712543357924377e-05
1.772251339496753379e-04
1.163254520513938442e-04
2.063814822684682175e-04
1.620533126704543081e-04
2.952564023069746062e-04
2.505647113146408644e-04
2.494763046203464117e-04
2.102067497624232617e-04
2.090268842809185233e-04
2.481587096706152468e-04
1.772711637246705439e-04
2.164463319938749581e-04
1.687604305569418285e-04
8.114081976303165250e-05
3.350295419826736188e-05
1.283391960254869589e-05
1.747346465943716977e-04
1.541786221723165286e-04
1.385338279426137024e-04
-8.929177071609535089e-05
-1.042932829812129921e-04
-5.096587452881859480e-05
-1.195669149972459263e-04
-6.683724101477192580e-05
-1.095502745321699800e-04
6.867560690424515070e-05
2.609007726807804689e-05
1.741167360913369565e-05
2.294686357875080690e-05
1.404389476400229840e-05
1.150684950898881028e-05
1.832678535018477349e-05
1.567207330863471101e-05
2.215864954452644205e-06
1.659784564564704425e-04
1.524602860472459897e-04
1.796651814089740193e-04
-4.414446145501624242e-04
-4.127793399078187966e-04
-4.430060800181889269e-04
-3.795263509658513093e-04
-4.095316109264456961e-04
-4.118378302256305609e-04
-7.585077838989162180e-04
-7.602390861312588195e-04
-7.659157845735003935e-04
-2.760089729155142699e-04
-2.836564663409640776e-04
-2.870613234291515383e-04
-5.072471676937689768e-04
-5.094264624814233812e-04
-5.428512126550469026e-04
1.894128309220906498e-05
-1.544724042698919302e-05
8.063543670524544148e-05
-5.627268225591808086e-05
3.926429805525279669e-05
-7.403556223576864860e-06
-7.721918494261168810e-05
-1.238709739070292326e-04
-1.283625055675864136e-04
-2.734125374942924592e-04
-2.778711527226030743e-04
-2.735124881479629759e-04
-1.993029467867225325e-04
-1.951291788469740633e-04
-1.280171785855941389e-04
-9.821543159035234487e-05
-3.092097941583915686e-05
-8.626324798174619165e-05
-4.272846163979693388e-05
-9.810705178611397233e-05
-1.158502612021792947e-04
-1.533418728337478587e-04
-1.698343160321045934e-04
-1.807481919123826849e-04
-2.087225050424266874e-04
-2.207861859525589573e-04
-1.877734413498852064e-04
-1.768623939889518845e-04
-1.439518038311812689e-04
-1.507467012869857814e-04
5.187427982335652806e-05
4.545677173708448154e-05
5.279629807895705289e-05
1.379416161042520744e-05
2.127881420287028140e-05
3.262670543680267756e-05
4.821583537826970405e-05
5.919613068161832517e-05
3.823460567679983846e-05
5.546242937615441506e-05
3.435653482035530082e-05
2.206207674761758580e-05
-6.871805678650009163e-05
-8.078761500938339696e-05
-7.434414931049162872e-05
-7.499312967693908677e-05
-6.872629512508923537e-05
-6.652227881518712224e-05
-1.185813313204568101e-04
-1.160669226587336320e-04
-1.096418294102475708e-04
-3.589520957243215373e-04
-3.527846004792079991e-04
-3.442029476563661350e-04
-3.517183525465951031e-04
-3.432203441324858917e-04
-3.356675913841742124e-04
-2.404895851786463513e-04
-2.329738525026756372e-04
-2.207913182176287009e-04
1.834443430248369430e-04
1.956509607295868263e-04
2.265563421458097215e-04
1.802453355664749906e-04
2.113055129809396381e-04
2.387854619312623772e-04
2.423532399526779008e-05
5.190420046100041596e-05
8.705153563135734638e-05
2.954336850391758862e-04
3.299258238643544062e-04
2.854446226154929486e-04
1.310171643512459739e-04
8.685742036674735066e-05
4.813763279742434061e-05
1.792682520789336872e-04
1.405236098384006265e-04
1.122115543986304921e-04
-4.270690351915672981e-05
-7.033314174612916286e-05
-4.124268123277172703e-05
-1.321886767690435725e-04
-1.033844524282281126e-04
-8.611849224323254830e-05
-2.971896825111721482e-04
-2.772572584835610986e-04
-2.887710468518126352e-04
-1.194796892268381715e-04
-1.315578008676457746e-04
-1.279567444737833809e-04
-5.628904216597366674e-04
-5.569449935149235146e-04
-5.517406872403659603e-04
-6.969973404932600872e-04
-6.899129267711975357e-04
-6.795603768653835780e-04
-1.228066004277058622e-04
-1.192168493974622018e-04
-1.123458357028277632e-04
2.922467671002786094e-05
3.555299127813558611e-05
4.289512573968037477e-05
8.006334184076767000e-05
8.760920311550959459e-05
8.179062063205604343e-05
-7.621413394582108149e-05
-8.199752989825244160e-05
-8.432600654140816766e-05
-5.411128729250664921e-05
-5.640146329478131371e-05
-5.939230690347942643e-05
-5.036422291249738770e-05
-5.318655534285101228e-05
-4.441593960801787063e-05
1.176050496649947829e-05
2.143450359870963410e-05
2.363542897753040471e-05
1.664974533399688514e-04
1.672875050537809280e-04
1.567295103715693710e-04
2.301618087478968797e-04
2.195803709302524237e-04
2.049691364154595445e-04
1.367890718658415733e-04
1.221608152482103120e-04
1.206916833464709619e-04
2.014012068902983825e-04
1.998960771882628599e-04
2.057540457669092466e-04
2.120440342107975432e-04
2.178023039802355816e-04
2.429618369906993850e-04
8.409995806020741657e-05
1.097077009736413403e-04
1.068744523732361134e-04
-1.521724071816688137e-04
-1.550015957977253262e-04
-1.406594012489127948e-04
-1.699325302101302210e-04
-1.557933348787534072e-04
-1.362577799354203179e-04
3.023916430794121486e-05
5.032370480517967199e-05
6.617596471842268277e-05
2.258615737319469318e-04
2.409232062629599290e-04
2.540470399271746601e-04
1.843186279867950993e-04
1.980581822881524886e-04
2.019188986834204191e-04
2.440178017441233123e-04
2.478121905097803467e-04
2.433460981017552052e-04
1.360993637446379655e-04
1.313776669456265603e-04
1.307354548356327948e-04
-7.309943214932855537e-06
-8.114598354620880180e-06
-2.987600516210899091e-06
-1.053478474619966212e-04
-9.961752721821855042e-05
-7.873675955223858247e-05
-6.198266556268523667e-05
-4.046737618508756051e-05
-4.585665635733208101e-05
5.677361454118967166e-05
5.006290405088761409e-05
4.627754950135360345e-05
-3.274596281318268220e-05
-3.636609491721381560e-05
-5.584190605000905003e-05
9.916968682020316705e-05
7.963037112935133967e-05
8.655340495405689644e-05
1.100620056430126050e-04
1.175861063262258546e-04
9.510311929465924824e-05
1.997400642454435007e-04
1.768823653967464479e-04
1.438723609220068206e-04
-1.042382268658494440e-04
-1.369554322542791019e-04
-1.568816050131845077e-04
2.454549992301798662e-04
2.249057498409838627e-04
2.173213869937658379e-04
1.962931410511557263e-05
1.238691762778536178e-05
1.227901243202703411e-04
-7.074842145443334483e-05
3.930936642627589055e-05
-2.551928172116711691e-05
3.214921721029876138e-04
2.565250370162950461e-04
2.522479465355559206e-04
2.155532247480416302e-04
2.113653120418007439e-04
1.994496571650017044e-04
4.559914150237319528e-05
3.372052852578796356e-05
2.667270298635298579e-05
4.788058978088535278e-05
4.131147859671795933e-05
5.011876618819257299e-05
-1.695615909941709581e-04
-1.615077724693907233e-04
-1.303797275101511001e-04
-4.961669929461607655e-05
-1.803262641594989297e-05
-1.471505610479897225e-05
7.067945769115107062e-05
7.395743224096560514e-05
8.943517647496887490e-05
-2.634012522433223881e-04
-1.975202503964548924e-04
-2.384539691188511563e-04
-2.516229033354913810e-04
-2.939684488733437968e-04
-2.462376227434992992e-04
-1.964773980357823087e-04
-1.481675803028315779e-04
-1.199330815564529618e-04
-3.339664921462804281e-04
-3.053777997832433900e-04
-3.076092178258840954e-04
-2.714877862002389153e-04
-2.742569848220591461e-04
-2.644828130891540229e-04
-3.326057993132417118e-04
-3.231557569401332318e-04
-3.032047133517821102e-04
-3.566202725218602597e-04
-3.364519106314887075e-04
-4.007325953194888529e-04
-2.859567065813948183e-04
-3.500287168050201831e-04
-3.816463052525014693e-04
-3.918948097476752696e-04
-4.237938031318427140e-04
-4.452557088464993251e-04
1.277683047840211283e-05
-8.869884559654757296e-06
2.731697117803392853e-05
-1.641186573612795762e-05
1.984035720476655211e-05
7.493221587607549962e-05
-1.140874015201278225e-04
-5.899124275786889258e-05
-3.447367371164303945e-05
-2.115255095752523607e-04
-1.855626152047146551e-04
-1.325429322886206851e-04
-2.388146558415186332e-05
2.772078802912303352e-05
4.156760416777700905e-05
-3.394869120082744107e-04
-3.256412163670930194e-04
-3.254717658079166751e-04
-2.928672764744433689e-04
-2.922817575550575595e-04
-2.964985394175992579e-04
-1.788962899978210344e-04
-1.833560306370155186e-04
-2.493379704344404627e-04
2.434489605707216555e-05
-4.203972433855217316e-05
-7.083992294889784034e-05
-7.250469186499101807e-04
-7.518180709603885159e-04
-7.657414753659162396e-04
-3.035593608665922627e-04
-3.193920056539121741e-04
-2.349096375905620224e-04
-1.882643773889634484e-04
-1.039523540452765590e-04
-1.973023128873394396e-04
-1.592354583476381666e-04
-2.520567170056239956e-04
-2.776352181805979177e-04
-2.817124433993087405e-04
-3.076488634812395736e-04
-3.163172402810002703e-04
-2.432394091280858680e-04
-2.513171527925576109e-04
-2.028458042047698621e-04
-9.182900590074016042e-05
-4.414367901401264707e-05
-4.473405084409802458e-05
-4.800882237475145907e-04
-4.794651986781978538e-04
-4.920314101990177439e-04
-2.340323636059188773e-04
-2.475822554923459099e-04
-2.330861402740734686e-04
-4.234715083370496169e-05
-2.812119192164716454e-05
-3.348264860276453040e-05
-4.624570420198467703e-05
-5.172957159400306485e-05
-8.623895532172456946e-05
-9.830251062110386632e-05
-1.327821356821833607e-04
-1.230402479235862163e-04
-1.147302956664963123e-04
-1.047725739012320172e-04
-6.520210130760780050e-05
-5.719371918205512874e-05
-1.723197469177058412e-05
-8.654302415794746725e-06
-6.820950197210869266e-05
-6.024212246889533266e-05
-9.155838294692314786e-05
-9.110280565114976629e-05
-1.223810856304315305e-04
-7.871483887124836347e-05
-1.660981312898896260e-05
2.724891908887744048e-05
4.414181768849965667e-05
3.239765590710535744e-05
4.909189176002990936e-05
6.930830549949909200e-05
6.570615534626421069e-05
8.590932684287557949e-05
8.608876466247801008e-05
6.446049501223618736e-05
6.460900273602072420e-05
1.544084646213091214e-05
4.366702138874296369e-05
-5.450566979728273557e-06
-2.316482217425034978e-05
-5.474110527955704133e-05
-7.235812457652317025e-05
-8.708342995011788667e-05
-2.568746634423874336e-04
-2.714432446889726526e-04
-2.183730793732236830e-04
-2.886326945524809963e-04
-2.342597253701667992e-04
-2.127343889934304707e-04
-1.722213600843231884e-04
-1.522678924867245905e-04
-1.307181562660026785e-04
1.151872581193861015e-04
1.365603595550872896e-04
1.407385116093192877e-04
1.578851108425532047e-04
1.621213286765251936e-04
1.767385321519235612e-04
6.379196746850914076e-05
7.846885198623784795e-05
8.657357711677464321e-05
9.408032126621254697e-05
1.021160557666516550e-04
5.473768967281965520e-05
-1.690007166138825343e-05
-6.433904648214640114e-05
-8.499408235925330775e-05
-1.625074889735883662e-04
-1.825789057385463919e-04
-2.001360028355253084e-04
-5.575630152284248727e-05
-7.344598111946705411e-05
-3.371976175810741886e-05
-2.198812928820830924e-04
-1.805528064677451800e-04
-1.372586818072605989e-04
-4.053196438587802156e-05
2.859105133857939513e-06
-1.591531405811206232e-06
7.531846071261576203e-05
7.084796080865989553e-05
8.127880427696642729e-05
3.955482380964885579e-05
4.994058544457790705e-05
3.994043203546328628e-05
-6.791930500707688478e-05
-7.794777644322590745e-05
-7.146009682432318704e-05
-2.336757084400333635e-04
-2.239947565434178211e-04
-2.146895305211046713e-04
-2.341636662126089113e-05
-1.686408647376541072e-05
-2.061986295259169572e-05
7.148319882867298783e-06
3.428326563587567877e-06
-1.885215068421917310e-05
-2.364161180550775759e-05
-4.571396756171839586e-05
-5.944588417569710579e-05
-1.662227340228515020e-05
-3.092746271668537225e-05
-1.827088050698364927e-05
-9.390583807053579654e-05
-8.118672628109778119e-05
-2.840005912915067156e-05
3.907296416661267327e-05
9.141796613946362058e-05
1.332655501446247670e-04
6.373507199711902658e-05
1.056584860325351927e-04
8.313788331350664912e-05
9.035992658571606606e-05
6.793587582422773658e-05
3.377795605639363806e-05
-2.689301853762586297e-05
-6.102467209847275932e-05
-7.572380080773387953e-05
1.780706902219350617e-05
2.879882697473420657e-06
-1.369343905366484987e-06
-6.111484207167182966e-05
-6.530661771319014298e-05
-1.895975487088827002e-05
-1.401560817124615358e-04
-9.379769375329879630e-05
-5.862163379282537114e-05
-9.876897724127439368e-05
-6.374489748344603192e-05
-4.166368800689076828e-05
-8.913924102165582787e-05
-6.657289979521727012e-05
-1.408319210043051635e-04
-3.249745913861150012e-06
-7.780297774503616443e-05
-8.987967556078991040e-05
-1.825476926626512205e-04
-1.939765683162685309e-04
-2.067431094816818405e-04
-7.919784218740722284e-05
-9.214794121151115183e-05
-1.071356546211491814e-04
-2.717566429397955379e-04
-2.868844621892522565e-04
-2.719571227667389661e-04
-3.499247850462298384e-04
-3.347727349487601071e-04
-3.029728798894802720e-04
7.525672596008495989e-05
1.062409752746453168e-04
1.294759312333198294e-04
1.147778281004779356e-05
3.488309804030079696e-05
-3.891290823526970298e-06
5.204469553806204650e-05
1.348026170714915618e-05
-7.129842448481017031e-06
-4.764747382753371373e-05
-6.856070892928599683e-05
-8.234449025341797693e-05
-1.284596516382551130e-04
-1.423033286454670511e-04
-1.512194440746638584e-04
1.050510868327177681e-04
9.617578224977891567e-05
9.273672642356697079e-05
6.282637231750826958e-05
5.940193389014321920e-05
5.150304395198980500e-05
1.009228164966199156e-05
2.707190734391754167e-06
7.399439998616053624e-05
-1.073714850544354863e-04
-3.670233929816112952e-05
2.499509978075428393e-05
-2.674722281046314730e-07
6.163092880011452820e-05
8.443524611882708775e-05
1.121862322601015725e-04
1.348011855059473942e-04
1.430063710449815161e-04
1.311373624974101018e-04
1.399813189073086149e-04
1.520583354218268154e-04
-5.078871635304834774e-05
-3.908951121360423582e-05
-1.277435186484707826e-04
7.232155248544750196e-05
-1.643364896791710793e-05
-5.804828280321012762e-05
-5.955493191051020561e-05
-1.013882519278551224e-04
-1.250582633689813216e-04
-7.081101095041881827e-05
-9.451324033186062176e-05
-7.256780721624000248e-05
-7.185975002691372235e-05
-4.996152332429392513e-05
-4.451107693479087568e-05
-8.155198505525095638e-05
-7.614912342854466653e-05
-5.761735844072928773e-05
1.164389117051226237e-04
1.351668219583011593e-04
1.522000351336464394e-04
9.630673997224265589e-05
1.132366927571274448e-04
1.351881207121474792e-04
1.455129347719774733e-05
3.648435691519958269e-05
1.652830678513440735e-05
1.448277786056828987e-05
-5.416490696275798019e-06
-9.818210646745848241e-06
-2.627837830213662737e-05
-3.068637012807010371e-05
-3.299064137469648393e-05
-7.491351131652771193e-05
-7.717791031542836698e-05
-4.664766173043463767e-05
-2.343856049198328527e-05
7.037729591343659750e-06
2.843614748381217408e-05
9.022057855714220396e-06
3.045510930642624783e-05
4.873550251999816127e-05
4.068292292468388962e-05
5.932148242777159639e-05
1.324117241629228000e-05
-1.901306340528705887e-05
-6.514741922992452975e-05
-8.385868137705498036e-05
8.319819520429536704e-05
6.424618617162681524e-05
4.922403083199730308e-05
-7.081772550040712913e-06
-2.202120025159695952e-05
-1.440755215184917138e-05
-9.388181727828362791e-05
-8.563713992657293961e-05
-9.092809638211213786e-05
-9.957133071281962060e-04
-9.929865075388706955e-04
-9.862874919306348701e-04
3.913027170377141994e-05
3.689103531745701724e-05
4.817487098008067770e-05
3.037895138935625249e-05
4.148589397046388550e-05
5.080845164734208979e-05
3.929018458548606796e-05
4.860887145291352667e-05
6.254628306891148485e-05
5.576953424274260201e-05
6.977439398582404055e-05
9.667327696567400196e-05
1.651249745086145917e-04
1.923114178852923105e-04
2.104480229422166638e-04
1.073327003896050046e-04
1.253038792742132835e-04
1.373528270206727923e-04
7.466452395186719227e-05
8.658494918302976498e-05
4.351323098542080135e-05
-7.027740646923548570e-05
-1.120057355087073067e-04
-1.231997000612131794e-04
9.881601209211208527e-06
-1.951134214159055491e-06
-1.113315068881405058e-05
4.698583620136608289e-05
3.738696556307929096e-05
4.856840458205690259e-05
-3.503940576012004680e-04
-3.377321940383801830e-04
-3.371602163201097512e-04
-8.654366903965572243e-05
-8.736692895348110435e-05
-8.328387704363858285e-05
-4.893366191702821491e-05
-4.523571189178919377e-05
-4.061501881832372011e-05
-1.542599413512537438e-04
-1.493227150177408344e-04
-1.575633309818727100e-04
1.508196969979617411e-04
1.422078398484813845e-04
1.398318095624261396e-04
6.398340835795578120e-05
6.154812267309062645e-05
6.687968533137671244e-05
-4.224220404606233385e-06
1.524036346244137408e-06
1.543586952145191470e-05
6.132322567632279885e-05
7.509693207218291798e-05
7.773760184989937649e-05
8.223153238183798829e-05
8.481972795324095593e-05
7.483147038942253824e-05
-3.709741108706525459e-05
-4.656430263208174471e-05
-4.686699864917643699e-05
-1.009395129433455444e-04
-1.017913109296674314e-04
-9.853041352882798169e-05
-8.558661827349312934e-05
-8.225654106765802357e-05
-3.801292879557319508e-05
-3.135036182768459771e-05
1.267130463333717956e-05
5.959751548395743207e-05
-3.176666470294900761e-05
1.535730667562475041e-05
6.713425994312632091e-05
-3.285654226954908149e-04
-2.680216098909987210e-04
-3.408470901803735561e-04
2.532372049514414669e-04
1.716252782471787267e-04
9.937982707598446677e-05
6.303062132525556619e-05
-8.857347496438633698e-06
-2.042212846196283030e-05
-1.355066029972196748e-05
-2.547555751140255856e-05
6.820902598883360002e-05
1.176001414217959715e-05
1.053730458752378759e-04
1.204613977671331257e-04
-7.763463400442749884e-05
-6.241806518745510873e-05
-1.014034713558969319e-04
1.678047442902541250e-04
1.287686101453262150e-04
1.221450952972936467e-04
1.236886675063404023e-04
1.165793224164935783e-04
1.158789482543258953e-04
9.947414269407270707e-05
9.903766751457145686e-05
2.678840704276258880e-05
2.507288964080405446e-04
1.781704422984275483e-04
1.643750355375627446e-04
1.588787354495379590e-04
1.451456399896810222e-04
1.347040974608146226e-04
-7.742686021661624135e-05
-8.772823506002420425e-05
-7.673621383363427636e-05
-5.328839191203111648e-05
-4.247547565827192780e-05
-4.132895594337668418e-05
-1.866580927358758640e-04
-1.854568723716371894e-04
-1.806852910965828555e-04
5.697922859000328780e-05
6.179319959411785435e-05
9.501551020425275844e-05
1.101809443491363568e-04
1.433471282222354500e-04
1.764558159316953674e-04
1.192805523611651449e-04
1.524219527760584309e-04
1.856253726509168780e-04
1.416868011852790072e-04
1.753584434845253861e-04
2.045111872062765706e-04
7.681564569787606954e-05
1.054356438031167436e-04
1.386390058958010714e-04
2.088854492681779611e-04
2.423282267461569946e-04
2.876250093313480975e-04
1.396441357844548266e-04
1.846633333107072176e-04
1.188415014028372280e-04
1.607169198896351518e-04
9.488190394656826178e-05
4.486493756624044702e-05
-9.318161887879479726e-06
-5.893991280252007916e-05
-9.857090849187897510e-05
2.190998425553749673e-04
1.790014975565418416e-04
2.307261310670647532e-04
5.331517236548734837e-05
1.052417500795919210e-04
1.270511145705243870e-04
-8.157140115144366922e-05
-5.967746092920393503e-05
-3.611295189534546087e-05
-9.718141355534286058e-05
-7.283345850941957186e-05
-5.847273499588620744e-05
1.849325758282723909e-04
1.983081055770148627e-04
2.250953176359826464e-04
1.489734022144680015e-04
1.755508629673341054e-04
2.102044711409595474e-04
2.152568696134904164e-04
2.500338925801676377e-04
1.887520192156804636e-04
2.343910348190453513e-04
1.729775393813175991e-04
1.177292601935339385e-04
1.379812746507374480e-04
8.310794011072788774e-05
4.452763249411832106e-05
1.123691349787411505e-04
7.354061534408133042e-05
9.131317231779348224e-05
1.276108466159890176e-04
1.454056680200005707e-04
1.490058609620781207e-04
1.062905564436073241e-04
1.097637257176564598e-04
1.159056083914020586e-04
2.036947394834422859e-07
6.763668489655249097e-06
-2.158070128252379850e-05
-1.535025402055925203e-04
-1.804781568313913818e-04
-1.912232582807242771e-04
4.751017695917166515e-05
3.508229203283042713e-05
2.638943992580537333e-05
-3.760800244060157733e-05
-4.612454354271973834e-05
-4.737891889941006022e-05
-1.694732417955317663e-04
-1.705195538682868989e-04
-1.766938302877648487e-04
-1.298141507880768092e-04
-1.362293487160756006e-04
-1.076573901446881381e-04
-6.969473322602988711e-06
2.194109376423334203e-05
-2.623129662079082291e-05
3.801688555531477056e-05
-1.062266496428565543e-05
-3.834629446421652130e-05
-4.463581685395257037e-05
-7.252443596874265960e-05
-9.292618972396582411e-05
-2.773859493077257456e-04
-2.970509832506823544e-04
-3.232990908662390487e-04
-1.524166747243899112e-04
-1.789345457444500701e-04
-1.698908981719052464e-04
-2.876308914499890582e-04
-2.788141664435153872e-04
-1.356080960482889579e-04
-2.684331211579030424e-04
-1.255834853742802308e-04
-1.372780371372127480e-04
-6.745478315284194216e-05
-7.895864661862194009e-05
-4.083558916899389032e-05
1.886371555241285317e-04
2.267459448208751678e-04
2.542609818761377635e-04
2.359842881706529852e-05
5.127558875988712933e-05
1.093660645128200631e-05
-1.380017546920896468e-04
-1.771592670033036651e-04
-1.932973640706548519e-04
-3.879636370023994626e-04
-4.027438366521308251e-04
-4.110719995507137320e-04
1.320569261757935809e-05
2.807374258608982820e-06
3.948814036810706970e-05
-1.015423434720472834e-04
-6.540445111205865029e-05
-4.540646418917814895e-05
-5.965047831161011341e-05
-3.996532846230904266e-05
-2.570367625407505782e-05
-2.851871025561157863e-04
-2.690263963067494705e-04
-3.325232303752787368e-04
1.502193745928294584e-04
8.562018929000571798e-05
5.703773767448089651e-05
5.198791922952607702e-05
2.242207828669868044e-05
-1.192879183336333516e-06
3.187894598807267479e-05
8.579648663171394584e-06
8.206121327067013912e-06
4.623620722431020331e-05
4.592270653852283590e-05
3.695579592494910499e-05
1.252144191476425492e-04
1.159098822728978648e-04
1.121618418276283029e-04
8.021157494404038330e-05
7.638021023217319281e-05
9.825835499217708616e-05
4.053957062046705515e-05
6.246439064856593518e-05
7.790760826497289317e-05
-7.420159468889261575e-05
-5.865702298292008263e-05
-4.759920572470547587e-05
9.808506108998271602e-05
1.092523087507146415e-04
1.205217344209354234e-04
-1.451613572200727645e-04
-1.333016331086132812e-04
-1.090061971412721446e-04
-1.495347602071438122e-04
-1.258464592469605973e-04
-1.016378023318713136e-04
4.907658363011309886e-07
2.481077400671787784e-05
2.488511019793101077e-05
3.899921149651058242e-05
3.882019884359784847e-05
4.428664302218052141e-05
4.078980056975730186e-05
4.621238527584167711e-05
4.953874809101590452e-05
1.930315983900548755e-04
1.962794317946992212e-04
1.841700145320384350e-04
-4.259239526149593896e-04
-4.357424109315150831e-04
-4.432083459583957769e-04
-3.597286772986525152e-04
-3.680534081546505071e-04
-3.754602068009318342e-04
-6.876976348472674467e-04
-6.944075713770927420e-04
-6.975927349063226713e-04
-2.483002164306582441e-04
-2.533725887420246138e-04
-2.572058372324550644e-04
-4.911873215692708029e-04
-4.937932033216798798e-04
-4.932129505982672368e-04
3.794587176439965810e-05
3.763492154348148421e-05
3.596041029384233235e-05
3.321883784788385186e-06
1.073153960237877361e-06
-3.069651134522026828e-07
-1.138253635347833467e-04
-1.152099645983637637e-04
-1.236015892579883895e-04
-2.594351023722649878e-04
-2.678265815127373571e-04
-2.698858717395899464e-04
-1.963261243879527412e-04
-1.985090476865855624e-04
-1.983972860044954821e-04
-9.627890372043229833e-05
-9.596431744388924084e-05
-9.173913462522334679e-05
-1.182323566182671591e-04
-1.140511787912518464e-04
-1.232351555067366059e-04
-1.809026482465387069e-04
-1.889656618281519110e-04
-1.944007740767782710e-04
-2.138832846234804089e-04
-2.203849067391937754e-04
-2.238722922491143271e-04
-1.671062996557092450e-04
-1.706705483818660304e-04
-1.604001951907371042e-04
4.282486347830779866e-06
1.483035911427989023e-05
1.743658299917930153e-05
-8.832088233025824856e-06
-5.988115157125355930e-06
-2.286677966537671493e-06
2.398580341494285849e-05
2.733199925097565134e-05
3.939949127348713488e-05
3.213331636908392389e-05
4.398171475591711611e-05
6.111968070554563669e-05
-7.446022320104189306e-05
-5.707419075251540276e-05
-4.681196204111431631e-05
-4.261150786832889649e-05
-3.248205083147142919e-05
-9.101581669003984995e-05
-1.034021775769487480e-04
-1.615142289321990973e-04
-1.876181813345937353e-04
-3.943401286617043058e-04
-4.207949277402548414e-04
-4.299465301538114826e-04
-4.203702446462301832e-04
-4.296779600063567440e-04
-3.657032137350900566e-04
-3.143298756422703544e-04
-2.503351641433103477e-04
-2.127751070321350080e-04
1.564465275652916906e-04
1.940476938369871396e-04
2.475900609665602028e-04
1.870442353873701113e-04
2.407173078195243656e-04
2.562954264585639631e-04
5.390713973111059066e-05
6.967833318140015950e-05
7.120636184368341623e-05
3.109061486038624590e-04
3.117745826045895314e-04
3.216120715559356389e-04
1.190660976305982417e-04
1.292273739717331258e-04
1.430270180005131873e-04
2.256435766947817532e-04
2.393340085997729214e-04
2.539685851179224619e-04
4.481209669183181844e-05
6.021032861733559456e-05
5.173380130551688159e-05
1.066108636857692089e-05
1.881879220008177405e-06
1.368601383248453261e-05
-2.045093605516112617e-04
-1.900448739009153354e-04
-1.737614994101864692e-04
-1.649611354267115472e-05
-8.024990723175403316e-07
2.061555675940645975e-05
-4.734014410690111515e-04
-4.496850848499493476e-04
-4.835577617286050700e-04
-5.436759053099708434e-04
-5.754577630086147623e-04
-5.891653062739779685e-04
-2.765766632541064246e-05
-4.825557055523600975e-05
-6.147713730401418129e-05
1.028705801850745400e-04
8.912686161407210907e-05
8.013582170046765511e-05
1.350595309230399974e-04
1.262792463976879806e-04
1.032183910797470640e-04
-4.467997154183786209e-05
-6.762409139581681975e-05
-8.153075180707093032e-05
-3.287664986372651347e-05
-4.685857278054173739e-05
-5.777322189105447113e-05
-4.629547186886485369e-05
-5.702845486966665565e-05
-7.426371474096446967e-05
3.387293577971164406e-05
1.731330678055167461e-05
1.048452087099830017e-05
1.387900248305137482e-04
1.307873577473608624e-04
4.736395635308431745e-05
1.921960980410611104e-04
1.087691095996807730e-04
7.111222668812082265e-05
3.266438284089522720e-05
-5.029225466722314023e-06
-1.998856372994797510e-05
7.446708343252943013e-05
5.946152464855966884e-05
9.721660141031956102e-05
6.841702430063431877e-05
1.060821520363888684e-04
1.359381136484691876e-04
-4.031118836472975288e-05
-9.957591269606165313e-06
5.158982291596811258e-05
-2.561830109567133978e-04
-1.946425525866182522e-04
-1.296104865290495793e-04
-2.164894593342872337e-04
-1.517226164836707751e-04
-5.539134561903302561e-05
4.376053673659532862e-05
1.406402401823597680e-04
1.858231715475374595e-04
3.123216187429661583e-04
3.567302426988424495e-04
2.089366139991832632e-04
2.969971554436886445e-04
1.498140159676475186e-04
6.937778068633436847e-05
1.906562943624956269e-04
1.101523053638792007e-04
4.822513193369109739e-05
5.141319501415488004e-06
-5.702748848113964688e-05
-1.067595106860922766e-04
-2.002558782695586551e-04
-2.501982047533916290e-04
-7.683960415941855273e-05
-3.417717483671681936e-04
-1.677529273792841133e-04
-1.291280344190544132e-04
-1.137722485936917957e-04
-7.449388732821705375e-05
2.783545726216371443e-05
8.751042227586483622e-06
1.097402718407564917e-04
-6.401277854412278914e-05
1.735650669089491751e-05
-1.562290220458754041e-04
-2.816406068655879407e-04
-2.343729496307155871e-05
-1.490258892796219225e-04
-1.880657577320076282e-04
-1.272086684390188094e-04
-1.652503337143994624e-04
-1.226356367774588405e-04
-6.584771418860926146e-05
-2.390771680123184148e-05
9.877058221356759069e-05
-3.137172285428551375e-04
-1.907972367680277467e-04
-1.295038186928593247e-04
1.935959986676816106e-04
2.543468886013272525e-04
2.881849546263077219e-04
6.339113088488945074e-05
9.756816194724188349e-05
5.270094521253192209e-06
3.956816378598024611e-07
-9.226120691382995865e-05
-8.525228050922838358e-05
1.938502884564481763e-04
2.007024616302097836e-04
2.287819859163546911e-04
1.539872812697305033e-04
1.821825260237501911e-04
1.944701411146805147e-04
2.616815412758756194e-05
3.848787801946927699e-05
6.879668390498395146e-05
3.676440738748242053e-05
6.753028893032009781e-05
2.125648178670844343e-05
-1.246516750088996154e-04
-1.716348298122332403e-04
-2.218439497647810873e-04
-6.563312045719185564e-05
-1.154324293730784354e-04
-9.373773317430212715e-05
-2.846388298906424611e-05
-6.751331590302731781e-06
1.764185662530697333e-05
-6.608050861042037228e-05
-4.131496598794721616e-05
-2.193187567444473008e-05
-1.279489783927764798e-04
-1.093887115739467690e-04
-1.045930225545764719e-04
-8.945455486345584191e-06
-3.530698889330104433e-06
1.418257759542695257e-05
-2.069090810282380138e-04
-1.888714132492102030e-04
-1.110380833740033288e-04
-1.344601723958409670e-04
-5.720062453808859781e-05
-1.119426808297174390e-05
-1.118158832429595371e-04
-6.616107195592956956e-05
-2.044583136751835107e-05
-1.190407237315131944e-04
-7.292900166078989267e-05
8.392357155246428155e-06
-1.414567378867125427e-07
8.124887815633206715e-05
1.217530996976121972e-04
3.325180139349191537e-05
7.347240610697117549e-05
6.696537096319971332e-05
5.109255842719860087e-04
5.042299635828125263e-04
4.886653306624184510e-04
3.247745137622239033e-04
3.625457308695384257e-04
2.873380739688891116e-04
2.291550105761469298e-04
1.538955197534541729e-04
1.402351283283808010e-04
-3.568492554081425638e-05
-4.715686898660876583e-05
-7.144261181319793439e-05
1.554916909478508608e-04
1.291083768525839808e-04
1.783813654175313290e-04
-2.323244247302665350e-04
-1.830748356450064007e-04
-1.821817848830905510e-04
-1.433783750552398983e-04
-1.419895696453240467e-04
-1.337620613678655395e-04
-2.193289296696453823e-05
-1.402395521768543809e-05
3.670291843019355283e-05
1.705066844540351263e-04
2.208378478711091374e-04
9.773246182174258291e-05
-4.327586597470946218e-04
-5.536479491782483626e-04
-6.341490446612023379e-04
-1.292663708371219748e-04
-2.118653868347190341e-04
-8.776909993321975944e-05
-7.340420447511300647e-05
5.054822219243863346e-05
3.394433564089756111e-04
-9.746678129894344785e-06
2.796284655623655418e-04
3.742501609070573347e-04
2.429885765586565832e-04
3.372207753403459090e-04
-2.349942417409873151e-04
3.950112619480464953e-04
-1.767001715548938655e-04
-1.396202579244042413e-04
-7.921368937440826817e-06
2.852152005201181008e-05
-2.975818433049599843e-05
-3.933147100369448440e-04
-4.503268698434857850e-04
-4.187872687891887151e-04
-2.180682328734127732e-04
-1.876113525197671376e-04
-1.320939075461265849e-04
1.298230236146434916e-05
6.824121800915773639e-05
1.898339428581235903e-04
5.597252738395210037e-05
1.774493316762087839e-04
2.679293991847571648e-05
1.328669927889419692e-04
-1.776076079962167226e-05
-1.090842555743290758e-04
-2.268122459401816955e-06
-9.337668544618624210e-05
6.913115018592245423e-06
-3.595776744192677498e-05
6.470597358847505554e-05
7.997416207982939278e-06
2.248687767037219846e-06
-5.505603247653062960e-05
-9.190870470053097646e-05
-8.630356377321596762e-05
-1.231553046746416990e-04
-2.734549854660500321e-05
-2.637351418531081121e-05
6.987965969590376582e-05
6.254070097561621028e-05
9.240088764334003892e-05
8.463388433661007243e-05
-6.037791806756339936e-05
9.784579372713037688e-05
-4.716110468161113529e-05
4.398628533956247945e-05
-7.389012805669389634e-05
1.723589247696686168e-05
-2.598221509190372976e-05
-1.706481094950552989e-06
-4.488644809400759491e-05
-3.219392928687535088e-05
-8.962252796566210541e-05
-7.682907707450590889e-05
-2.172294937808426471e-05
-2.624575277829696834e-04
-2.071947778229451403e-04
-1.441617934103450369e-04
-2.299043221053517088e-04
-1.656086098007253002e-04
-1.353131129896542779e-04
-1.042917284719041180e-04
-7.548137102520975986e-05
-4.243460297478294499e-05
1.950943832319420972e-04
2.279140104375693338e-04
1.283699951481817180e-04
2.533590783142864095e-04
1.538677882517499739e-04
7.362293908901470206e-05
4.925955574706177053e-05
-3.090485770424870350e-05
2.590154421340122625e-05
-1.286203987600324252e-05
4.387278117063835069e-05
6.585115927413396513e-05
-6.162995756313756303e-05
-3.953502589462034428e-05
1.868411711674310138e-05
-1.552320942897134277e-04
-9.668118216305844614e-05
-7.447859021711227250e-05
4.854921646673358848e-05
7.033381919966015267e-05
9.274403295937710826e-05
-9.068418509203073335e-05
-6.829801109627103980e-05
-1.089521594010078517e-04
7.795254955060565297e-05
3.738185647970352493e-05
-5.237599596034280209e-05
1.158303583609155210e-04
2.609437744945742937e-05
4.839456004071402404e-05
-1.399843365538410095e-05
8.208092809462724663e-06
7.911805369102022762e-05
-1.153380167253373280e-04
-4.444959267831780796e-05
-9.418883518798570583e-05
-1.944063515108767975e-04
-2.409643125209800477e-04
-2.784130334155769789e-04
-4.562068306392352531e-05
-8.585772553925828578e-05
-5.886035517349916127e-06
-4.833807139658795240e-05
3.178734505779288468e-05
9.733379224796250310e-05
-8.012375922434108880e-06
5.771595565617486682e-05
1.294753938790294250e-04
9.388738940485223975e-05
1.650168897693860253e-04
7.532917234919997169e-05
1.015494827523711046e-04
1.193651852071317149e-05
-7.337641272204425448e-05
1.276367737852412672e-04
4.187145260186437255e-05
4.589703450858895022e-05
1.429906570376399642e-05
1.841027107969228464e-05
2.226508949056726417e-05
-1.290533762012381971e-06
2.658028086763736817e-06
2.526613932007888219e-05
-9.835575038928079882e-05
-7.578534316832235196e-05
-5.704964110735279538e-05
1.211884770913014076e-05
3.070852130078303597e-05
5.974176318615119410e-05
-2.776769520822388150e-05
1.302261159265446187e-06
-7.315698871812503410e-05
-7.496109602742452669e-05
-1.494094901760546453e-04
-2.244593428425827606e-04
-1.544202384581295736e-04
-2.296172982991078479e-04
-1.823450962679678167e-04
-2.515402242519298179e-04
-2.037541358864152397e-04
-1.545930408733139179e-04
-1.396711974071556295e-04
-9.087477338967718098e-05
-4.142045416277798922e-05
-1.945470703626225135e-04
-1.443618375376329115e-04
-6.438933569951699534e-05
-2.955805301074835570e-05
5.016604763441933831e-05
-1.147243895746687971e-04
-1.408751043585573272e-04
-3.059233716402123566e-04
-2.986198469529151040e-04
-3.660467339858333464e-04
-3.584884343667178470e-04
-3.016924010882922965e-04
5.247160696906602475e-05
1.084647383247664613e-04
1.592376927970419638e-04
1.102223267640680500e-05
6.197500516515923666e-05
7.192370267730500977e-05
7.484695998807204889e-05
8.492425277509089987e-05
1.031480098605463080e-04
2.754511970706578772e-05
4.553427081520946542e-05
9.363797626660378412e-05
-1.464139111374227484e-05
3.344418265127749876e-05
9.376940104232624976e-05
2.844436055116093321e-04
3.447668084623989543e-04
2.416186834884154720e-04
3.121978977793593785e-04
2.090640045784692390e-04
2.227574250248906844e-04
-4.680340499958962966e-05
-3.264473799544445349e-05
5.678764902974990344e-05
6.227725952004023718e-05
1.511590602806541059e-04
2.419556619817457566e-05
1.847326715708482001e-04
5.794253445448420414e-05
-7.954677964530830155e-05
1.100636967526196636e-04
-2.763392801366691361e-05
8.242010572871705503e-05
-4.668705621238742839e-05
6.402261407061060876e-05
4.881710343169134319e-05
-1.090603249292583206e-04
-1.246362691222308928e-04
-1.295574309214446657e-04
-4.926219064611082670e-06
-9.935187120312821175e-06
-1.917057379991522086e-04
-5.870191467958129575e-05
-2.406926360358258737e-04
-2.092187516077031063e-04
-2.149751235642245067e-04
-1.835309541469980644e-04
-1.008670880249045126e-04
-1.560769325273652242e-04
-7.347552322543182300e-05
-1.695459676270030499e-05
-1.096697161695263617e-04
-5.317747153170995474e-05
1.330831125072009158e-05
1.409402609307632589e-04
2.076033515242933412e-04
3.061738038318564080e-04
1.720140598683691699e-04
2.704599477815774165e-04
1.863391959565183654e-04
1.706054258043278836e-04
8.649851285065100932e-05
4.978208119113704385e-06
6.655004896367476726e-05
-1.492379150253836232e-05
-1.327752164931447158e-05
-4.154198021528426724e-05
-3.990007593662888655e-05
-1.434105217755781043e-05
-7.816614146710784087e-05
-5.254230347760961879e-05
6.726850424765794517e-06
-2.070236972728832850e-06
5.712254847852811122e-05
1.262833507866570294e-04
5.338902179604694152e-05
1.226248537790933192e-04
-4.570014581317812744e-05
1.471950495983445585e-04
-2.078050030163288656e-05
-2.471748182549454243e-05
-1.202608416066578085e-04
-1.244262445438591388e-04
-1.203109207738727482e-04
3.258699991740904777e-05
3.664034708043782391e-05
6.111893897276047269e-05
-3.735963431546242557e-05
-1.282498844568010768e-05
5.108148615067372106e-05
-1.048166522397133370e-04
-3.984535579843899228e-05
6.181934165250930167e-05
-7.525156543245026079e-04
-6.448386293701412978e-04
-7.873304745953776853e-04
2.139876423538145719e-04
6.412174505384031042e-05
7.008720749808884220e-05
5.838011227750542864e-05
6.415690914081818418e-05
3.012232748193400676e-05
6.209283638099617319e-05
2.809291738418596561e-05
1.078408244496487935e-04
4.043806377200144108e-05
1.202281713916265329e-04
2.494670209391896339e-04
2.059629918506645520e-04
3.354761304483671398e-04
5.663141440481575702e-04
2.521917943061251850e-04
4.828939657772588108e-04
6.387615967187634369e-04
4.411936919086309646e-04
5.969326548156863709e-04
7.391727570646768617e-04
4.369279003813466688e-04
5.804982077532774018e-04
1.464152903433499917e-03
7.034120365714049148e-04
1.586434233256226465e-03
2.060611239110769766e-03
1.632489124101197406e-03
2.106234156352186637e-03
3.970424116994464639e-03
1.733456841728368836e-03
3.599208688535937908e-03
7.647647967858208981e-03
3.837197636892298105e-03
7.884165368339015809e-03
1.050383966036057271e-02
7.915783071255280343e-03
1.053502799446610905e-02
1.016868764538091455e-02
1.042617652534423567e-02
1.006013402485993538e-02
5.622928373646180096e-03
1.036454569231725145e-02
5.927022474657467517e-03
5.441604327278887210e-03
5.857425764566476407e-03
5.371998238478531418e-03
5.067971785239695423e-03
5.302758712422778187e-03
4.999088140822767132e-03
4.223382366663389238e-03
5.042992156733578854e-03
4.267201326629691156e-03
3.897095715331955722e-03
4.292607791913286182e-03
3.922321329413092604e-03
3.759373844646972905e-03
3.802221826448216012e-03
3.639909372710747014e-03
2.666282694786373687e-03
3.578869356121060739e-03
2.604672010289091778e-03
1.754154394853453276e-03
2.620213892310444426e-03
1.769770055085013744e-03
1.294079595105402736e-03
1.816325037048722741e-03
1.340396973397262959e-03
9.904566859494665174e-04
1.296055017597653536e-03
9.463274209428349047e-04
7.881326019766833266e-04
5.986115893482932358e-04
4.491755681580956658e-04
3.555405527317090364e-04
9.814356309131811937e-04
8.790436803559897871e-04
9.462694128549345007e-04
7.603226221130354734e-04
8.278827285200976004e-04
6.268805714974689386e-04
8.280667520400755276e-04
6.266965479774910114e-04
5.022680293836404280e-04
6.666471577667209408e-04
5.421546835054416851e-04
2.974049480791537319e-04
3.557469195288379387e-04
1.111098450302480016e-04
-8.492592344893035118e-05
3.387846287033854280e-04
1.427102248892757612e-04
5.761508938357396813e-04
1.403411003305214959e-04
5.732798882726742717e-04
4.953839948446472647e-04
5.539690602071746083e-04
4.763719175987859728e-04
7.648831577953638539e-04
6.292343664843571844e-04
9.174328205390589342e-04
9.872224568627380181e-04
9.031747230310680375e-04
9.730122860875517476e-04
9.551499682755616987e-04
7.482092428491987635e-04
7.304848881075100536e-04
6.075004541909279987e-04
7.633312383303360576e-04
6.401510229462715551e-04
2.859187451099080412e-04
4.941685085779013798e-04
1.400830450142768590e-04
-1.025296765351528441e-04
3.858174394258332817e-04
1.431739987833564962e-04
1.090920693775434018e-05
1.913780256086168672e-04
5.906849389964509726e-05
1.325594008489407942e-04
3.073548566851559997e-05
1.042378449750960216e-04
-4.595343259471128554e-05
8.222782580963227598e-05
-6.741608874481762618e-05
1.685575987070978476e-05
-1.489458422603144898e-04
-6.527091320745467351e-05
-3.136510641271148285e-05
3.877969718164012624e-05
7.291601358955826203e-05
1.577234731078210072e-04
-3.452693200161580404e-05
5.001500599543254539e-05
2.132082748270417620e-05
2.862192982799064084e-05
-7.812765848998854887e-08
-3.420546901813356416e-05
-1.082556684823072417e-04
-1.420004108867665960e-04
-1.542506424703357030e-04
1.415721645398938821e-04
1.288562643930594217e-04
2.027171109635810876e-04
-7.607063696971278280e-06
6.646059469277593732e-05
-5.031207209090326322e-05
-1.046244973134752786e-04
-2.212779984633493830e-04
-2.715594070625257698e-04
-2.489543733476716958e-04
-2.986587403003823963e-04
-2.949913886929826754e-04
-6.050555902875483737e-05
-5.765259080519543895e-05
1.707099917972867216e-05
-1.014098797547595383e-04
-2.690272040502692734e-05
-1.851045079827298907e-05
1.405860720830445017e-05
2.258188770785937521e-05
7.398249553514985770e-05
2.534543556906380382e-06
5.380994670557199449e-05
1.077294521684187402e-04
2.001243964767424792e-05
7.429567023165402307e-05
1.511636134950032281e-04
1.011717334341618170e-04
1.778156499625703144e-04
-9.848116846007361680e-06
2.335254309713428664e-04
4.587348031793062422e-05
7.975557282769742389e-05
3.806614600869760246e-06
3.754519612265440603e-05
1.131461361673203160e-04
-6.664235506469693999e-05
9.381812882470791544e-06
-1.397594003014275728e-05
-1.211243612907352994e-04
-1.431334718038142651e-04
-1.436287936921450755e-04
5.030566119581451716e-05
4.812508200488654171e-05
1.030095238168722994e-04
-2.989090785190793480e-05
2.525533746695137090e-05
1.121749898910871638e-04
-8.292691817739987308e-05
4.122246292268384824e-06
1.161537968849615798e-04
3.818990965638076199e-05
1.499979719349966989e-04
2.058707730149988329e-04
2.825840076960475789e-04
3.387988224396620189e-04
1.038709358461617342e-04
3.556428680433098470e-04
1.202247274257658830e-04
-1.365667873990242037e-04
8.303368463278252990e-05
-1.739065507656414660e-04
-1.457904649037098472e-04
-3.874195415057693275e-04
-3.585846928949629848e-04
-3.328102148008404786e-04
-2.092362041189497297e-04
-1.837348072660027558e-04
-2.034007879525887941e-04
-2.784960061182139928e-04
-2.983625704043078126e-04
-2.323748174321880002e-04
-2.968227740463334026e-04
-2.311960540910293718e-04
-1.992903869285415864e-04
-1.305523475275747309e-04
-1.017223957606679433e-04
-4.964461987789218133e-05
1.697601865597912437e-04
2.218588880966653972e-04
3.248984178913544741e-05
1.506617553581054503e-05
-1.741733005185260399e-04
-2.228988219679793235e-04
-3.468340739057048185e-04
-3.943552206431975480e-04
-3.378363003718733658e-04
-6.306657802009484233e-04
-5.728647779903442080e-04
-4.723163788964339989e-04
-1.279574758370473852e-04
-2.971108786885826763e-05
-4.036658522524482384e-05
-1.512059594330677288e-04
-1.621295176198760308e-04
-2.279387623725838571e-04
-1.590336849665323533e-04
-2.251865004377819209e-04
-2.405741433163685562e-04
-4.601561010072387366e-04
-4.735895089821470739e-04
-4.425399851694855808e-04
-4.480046110856812180e-05
-1.483774708473719348e-05
-2.153781163272006495e-05
-5.746212577802724828e-05
-6.516806236234052164e-05
-4.259141074036343279e-05
-6.335870632667584402e-05
-4.048704372727407398e-05
-4.897998641996677911e-05
6.839349814605877971e-06
-1.645196423000059487e-06
2.129903733960310328e-05
6.733227874332074129e-05
8.996966354546094644e-05
9.755233069805980097e-05
6.245894038814077485e-05
6.997362826875031363e-05
7.317191569687861463e-05
2.754409244441047679e-05
3.078451494308251401e-05
3.789850982532759352e-05
-1.033708575638563607e-04
-9.614359057347367362e-05
-7.347349086340117436e-05
7.136779843524952574e-05
9.418289342865747231e-05
9.998375117020732940e-05
-1.625452401072864531e-04
-1.562572642794246298e-04
-1.645880867618298613e-04
-1.778298674250388962e-04
-1.866838894675648295e-04
-1.920674455446934000e-04
-7.184785789653421275e-05
-7.719488866643958247e-05
-7.560594096714496021e-05
-4.766503633948021091e-05
-4.635039224224030380e-05
-4.389647940768824489e-05
-4.683753215642511253e-05
-4.432986454701946647e-05
-4.216444255770215302e-05
-2.005444125890635100e-04
-1.970595102383292606e-04
-2.041149156181555993e-04
-5.829418431593574521e-04
-5.876527021652501286e-04
-6.047521959984592833e-04
-4.472905158078712231e-04
-4.667986426496796592e-04
-4.782751797476369245e-04
-7.327340785408310332e-04
-7.439106715621012552e-04
-7.447980081306329603e-04
-3.529672989399689539e-04
-3.553145418518713350e-04
-3.222610642175595570e-04
-6.049362912417879934e-04
-5.707034099820475388e-04
-5.343602197255426650e-04
-4.377116718994782454e-05
-8.296551649593765596e-06
-4.097531884885907889e-05
-2.867720741885250316e-05
-6.188738145842731715e-05
-5.962373827831130989e-05
-1.801995163315492940e-04
-1.779786557822046853e-04
-1.713484161368266170e-04
-3.109660770209995810e-04
-3.043267569805190118e-04
-2.852612991183105565e-04
-2.438108421696976249e-04
-2.248445410578552343e-04
-2.243045502747290890e-04
-1.159234555735293485e-04
-1.151638763896071474e-04
-1.143418146645534632e-04
-1.453343913364105980e-04
-1.445152982020635006e-04
-1.554015570543723006e-04
-2.223164144785959122e-04
-2.322660247553156514e-04
-2.564309207551927761e-04
-2.477010957188920874e-04
-2.728338687044383482e-04
-2.838606128312095352e-04
-2.093978501685710147e-04
-2.204751767526759779e-04
-2.303847365724170004e-04
-6.045950838191500062e-05
-7.019355755208669056e-05
-6.421537567150714795e-05
-8.557341854928670276e-05
-7.924006807372841040e-05
-6.501906971029803553e-05
-4.641783037443581025e-05
-3.255249537110194960e-05
-1.021180057792861755e-05
-2.235954814173147479e-05
-2.691171866555958515e-07
-4.160502854701065407e-05
-1.341386173189332038e-04
-1.752663344281160174e-04
-1.877204195776207467e-04
-1.494553113492571650e-04
-1.619715913844479343e-04
-1.381813258031950480e-04
-2.567985357896609326e-04
-2.325217123708323724e-04
-1.971040741505688794e-04
-4.512689542590276486e-04
-4.162640665623015259e-04
-4.222429699087988653e-04
-4.170087171683675145e-04
-4.232220227653633871e-04
-4.125305637214404949e-04
-2.983106525438379564e-04
-2.875263522807580837e-04
-3.082636718248411194e-04
1.164841963830331854e-04
9.577970595970534528e-05
7.849883663106041638e-05
1.019621671800107583e-04
8.478011263172405450e-05
9.570873683144526332e-05
-1.121903045325420550e-04
-1.010240257292687729e-04
-7.587216396471034748e-05
1.384675897733606562e-04
1.629523553640626742e-04
1.397360591705015657e-04
-2.701017956835698348e-05
-4.989568526292566383e-05
-5.236914782551872543e-05
5.339986262475725090e-05
5.076913751429122873e-05
7.758294524724319331e-05
-1.525534671335463505e-04
-1.249289067196035410e-04
-1.018556236247135621e-04
-1.689140495578134085e-04
-1.461087836375994902e-04
-1.774604708646445553e-04
-3.600712102795554891e-04
-3.888223538399695166e-04
-3.930911531369944939e-04
-2.084678664562313836e-04
-2.133232534561118015e-04
-2.201384375085175995e-04
-7.004377308931014016e-04
-7.050134625033528842e-04
-6.657931372961793355e-04
-7.686847855084629096e-04
-7.271893556668255739e-04
-6.956814727685328411e-04
-1.938059287118558101e-04
-1.692506598713721918e-04
-1.542554104261540879e-04
-2.012210874212047324e-05
-5.696741401075671981e-06
1.605996545271486109e-05
3.266717120739882105e-05
5.462258446363270348e-05
2.936114301881016580e-05
-1.181563068194547289e-04
-1.431992221532928816e-04
-1.535431878401529544e-04
-1.019234422037917248e-04
-1.124262857011151069e-04
-1.222747811087360030e-04
-1.145546779262464994e-04
-1.242291906353970414e-04
-9.642071433076533074e-05
-1.230351300620933824e-05
1.597970498083261257e-05
-1.769744428427931873e-05
1.169203891866850615e-04
8.231209196994039210e-05
7.176970839580914521e-05
1.420187893268275538e-04
1.314541013046300276e-04
1.225653442372270105e-04
6.115716396678632641e-05
5.221856658972615279e-05
8.473252800425784374e-05
1.322366707892790613e-04
1.646907838144552865e-04
1.803386283622843990e-04
1.716744589353193500e-04
1.872448181725362162e-04
1.657964468245000172e-04
3.955606627778837777e-05
1.860380973765408280e-05
1.502471407752485003e-05
-2.173360688834845495e-04
-2.208229781606420783e-04
-2.131997084904256048e-04
-2.507761457015946415e-04
-2.435098927195909204e-04
-2.441410229483963494e-04
-4.313720867110218426e-05
-4.327514538898783098e-05
-3.850089827736480493e-05
1.232199524121014558e-04
1.272662836201711152e-04
1.154328377735445229e-04
7.032586169245080691e-05
5.913149958286601578e-05
5.462725092897455659e-05
8.901777924547139083e-05
8.441514509272094336e-05
8.650060969500749535e-05
-1.149054006432850394e-05
-9.642664581975497534e-06
-3.756798072219986280e-06
-1.579620710168691056e-04
-1.523172715347867196e-04
-1.480883630388855974e-04
-2.377388474666189140e-04
-2.327964876709014217e-04
-2.572847606164728939e-04
-1.621054080711185972e-04
-1.859779312757169273e-04
-2.346882169866959587e-04
-1.191676437405263451e-04
-1.691977590588877932e-04
-1.940580892976462811e-04
-2.708571769097845093e-04
-2.955558935780167821e-04
-1.884491804102303046e-04
-1.548950146086603373e-04
-4.795800587626710115e-05
-3.324633162201290392e-05
-3.940372071693256078e-05
-2.358441288315599226e-05
-5.029664432535977075e-05
8.835690805490220524e-05
6.085072411783873131e-05
6.205341136024779616e-05
-2.395935746552339287e-04
-2.381627715897049850e-04
-2.895710191717004375e-04
1.485731439368098879e-04
9.666443052425922259e-05
9.826118309618503692e-05
-8.088243943914829388e-05
-7.895383044043957350e-05
-7.125831332264358827e-05
-1.817043654470744645e-04
-1.743857429336931808e-04
-2.074234887599901180e-04
1.094609978518273430e-04
7.626040881816736655e-05
9.203369070749935188e-05
2.341466300506583648e-05
3.934609874707851985e-05
5.833105859052087057e-05
-1.063527842415755572e-04
-8.734401018886198413e-05
-4.391017777551086982e-05
-1.035674166080199660e-04
-5.971835984554263194e-05
-1.503672898748873777e-05
-2.315107622433838471e-04
-1.874538451060837419e-04
-2.431390921773060349e-04
-8.442547038199364252e-05
-1.397236365081413773e-04
-1.493971532782210952e-04
-6.083610334448955330e-05
-7.049773119982769552e-05
-6.640394601566490074e-05
-1.093865168386741525e-04
-1.054463125678315415e-04
-1.622020384537732228e-05
-2.156405451154872431e-04
-1.267286995543048344e-04
-1.350179837938554335e-04
-2.660936909968709572e-05
-3.419547569157255175e-05
-9.174857103356315715e-05
-2.542106259536154318e-04
-3.115521364481855832e-04
-3.266071153331593898e-04
-2.418828341280777655e-04
-2.575469561845110085e-04
-1.913133864196625198e-04
-3.078655290875629809e-04
-2.419443889426675285e-04
-1.902182672113518686e-04
-3.116398556063559497e-04
-2.594489165988157959e-04
-2.953696684256005385e-04
-1.586423282917927475e-04
-1.945957346163499453e-04
-2.295873822571761985e-04
-2.542205774500775435e-04
-2.894157772811181651e-04
-3.091450815361959626e-04
1.527039963708206932e-04
1.327364190557936440e-04
1.536013519907189159e-04
1.104028744350152324e-04
1.313875987361004202e-04
1.261947711862951261e-04
-8.278787794634178462e-06
-1.355658397745790659e-05
-3.206497073624913884e-05
-2.452600217258230379e-04
-2.609261866098705430e-04
-2.656318378495290192e-04
4.973640744717071523e-06
-2.422412238107553295e-06
-2.545306261843473120e-05
-3.754693447472765358e-04
-3.986123504650819342e-04
-3.839650930709924284e-04
-3.512097776469814817e-04
-3.360221785366322581e-04
-3.142649132851749964e-04
-2.178413892503615475e-04
-1.963957678154349632e-04
-1.884730348083342845e-04
-2.423007968815568160e-05
-1.672524858258324213e-05
-6.495839615203261594e-06
-6.415128930657322667e-04
-6.289266559079659908e-04
-6.505767117568596542e-04
-2.362800689198447468e-04
-2.600973706075295150e-04
-2.622706485351687048e-04
-1.068449231178804847e-04
-1.092369454352324850e-04
-1.126137355009164788e-04
-1.682362266073513120e-04
-1.778155253550903810e-04
-1.785936622014457260e-04
-2.246054625420765890e-04
-2.257918097144180809e-04
-2.239168339864520843e-04
-1.645254526352697884e-04
-1.621241923411546762e-04
-1.763180726681446559e-04
8.676235099399227371e-06
-6.127836136946631122e-06
-2.795502473523114222e-05
-3.998154962443357507e-04
-4.202591323984527995e-04
-4.178304130919699216e-04
-2.176367804633194615e-04
-2.164461381044660625e-04
-2.135431709137137492e-04
-2.240224205986158222e-05
-1.974948049954580861e-05
1.136692238580091683e-05
-2.097987403593468267e-05
1.002277652807189909e-05
1.290688873060790668e-05
-3.698197603151546034e-05
-3.404154791704567303e-05
-4.723983540955208212e-05
-2.127007406878473391e-05
-3.426104042503260046e-05
-2.738318479447845793e-05
3.496485048615165085e-05
4.216139306020702743e-05
7.534895517091156031e-05
-3.217737147412483073e-05
4.740980795666673280e-07
2.069746122488662029e-05
-2.862049191099702333e-05
-8.407926286776518576e-06
1.486138895561496835e-05
7.379543538464143301e-05
9.782997764123181920e-05
6.727423753349429125e-05
1.369561923289443098e-04
1.056455934466080939e-04
1.124117456212507277e-05
1.184538763644391870e-04
2.405964382061602264e-05
2.259885630085351025e-05
-2.051796272174849218e-06
-3.532061530470530643e-06
1.347027184939975325e-05
-2.827068849253250207e-05
-1.124643265237068352e-05
-1.034980805914039836e-05
-5.342009487529253181e-05
-5.239141165136481748e-05
-8.714356202275105390e-05
-2.334230724102550291e-04
-2.680213362781012996e-04
-2.800546493238036680e-04
-2.939148105086440785e-04
-3.047037310755078840e-04
-2.900091886869389382e-04
-2.492472552551155138e-04
-2.359775199903864232e-04
-1.854428311477413882e-04
3.885139892811517606e-05
8.909455470107509605e-05
1.287011200320836647e-04
1.175140631543008130e-04
1.571763695965916409e-04
8.518395907316188547e-05
4.613718009120081802e-05
-2.576028282334265080e-05
-3.830469590211911057e-05
-4.642732618834644227e-06
-1.725793348923949455e-05
-9.080469627907635367e-06
-1.103664786049227223e-04
-1.019758582893257455e-04
-6.003926665635567314e-05
-2.349358200640847536e-04
-1.928416166372762263e-04
-1.524749965484861107e-04
-3.707157139779787666e-05
2.914166861804965000e-06
4.838309512508905379e-05
-1.647484893057171078e-04
-1.192543862290879443e-04
-5.989308057188113448e-05
3.268958214705682246e-05
9.210838242133090976e-05
-8.141327143000191618e-06
1.776884650897880900e-04
7.750324961374911053e-05
7.742603759894672931e-05
3.123643195134984834e-05
3.100948072884757221e-05
5.308518021949901666e-05
1.097891987525724262e-04
1.322837751230724105e-04
1.225575868289454620e-04
-2.217699830781169287e-04
-2.287566132594363053e-04
-2.301972093619539803e-04
-3.662131731235396454e-05
-4.084784848151201664e-05
-2.023528115284876287e-05
1.089519685132955850e-05
3.173730609080507100e-05
5.411416157885055021e-05
-1.073416107726530492e-05
1.164544472275833562e-05
2.625127891690425160e-05
4.276606876673708633e-05
5.682932024967811586e-05
8.413455149600135036e-05
-8.671804231992442588e-06
1.875508102563993879e-05
5.639902704571641504e-05
1.347499107101358647e-04
1.719465017522618872e-04
1.184627541107285118e-04
1.411940120597303611e-04
8.777382718391449215e-05
6.228945752541486538e-05
6.403799452811212304e-05
3.864081994566087043e-05
2.614787967381156878e-05
-5.956928467907990896e-05
-7.209557794063262744e-05
-5.502747922873509165e-05
9.327510036240293546e-06
2.627364914660888675e-05
3.053539671678853458e-05
-2.228773633687210318e-05
-1.802227802830922180e-05
-1.340908227440010866e-05
-9.579539641994225556e-05
-9.116325407240580877e-05
-1.060651203585196681e-04
-9.414834665086161455e-05
-1.091959358160723395e-04
-1.098206692843171244e-04
-1.271773009063084073e-04
-1.272335492542418128e-04
-1.341225567029142912e-04
-6.635820213727973752e-05
-7.368359241982048113e-05
-6.877009365633640994e-05
-1.713010411930555638e-04
-1.655732172533920835e-04
-1.627427612625535996e-04
-5.643868427649651278e-05
-5.395616457876828030e-05
-2.810423907153951611e-05
-2.507873781219598325e-04
-2.250747435472969958e-04
-2.022034937831560485e-04
-2.905516099862818667e-04
-2.674571047387073151e-04
-2.887305339808927691e-04
1.499701424186130651e-04
1.279439862574098790e-04
1.166383419698970513e-04
2.745413493724746350e-05
1.634927797605564164e-05
2.048106076106835953e-05
2.905005862013717460e-05
3.325544499237497202e-05
2.500291035115338994e-05
-2.500425356994907507e-05
-3.347477590129159259e-05
-7.808632961938804249e-05
-9.431505290255330371e-05
-1.388814665796113596e-04
-1.639059337964267902e-04
1.138364210538687720e-04
8.873728068405897697e-05
7.911175568423570907e-05
5.799145576870204290e-05
4.840893167837859905e-05
7.332950996791250532e-05
-2.198149165737129577e-04
-1.945142568103293377e-04
-7.270451814077170298e-05
-8.848862410665251786e-05
3.286622169286636903e-05
-2.706157364696455594e-05
6.540660334610073163e-05
5.632388919589990418e-06
1.365488532034225258e-05
5.897458787262248401e-05
6.678126481862283739e-05
2.558535697868045489e-05
3.491610658389992508e-05
-5.620046523418761094e-06
-1.777862160129840656e-05
-1.660839138832134374e-04
-1.786313161359950451e-04
-1.895429513393832833e-04
-4.819483108481760307e-05
-5.917829454177306000e-05
-6.377453994489806744e-05
-1.093152740946902424e-04
-1.141567338213284597e-04
-1.211051888949570357e-04
-9.724214053265350910e-05
-1.041743556688872277e-04
-1.193179056276235349e-04
-7.357652373140278449e-05
-8.878954453343931505e-05
-6.608606726749257829e-05
-1.276516128559264905e-04
-1.049580017885045865e-04
-1.295863880973111264e-06
8.849597416465712998e-05
1.923062214653829230e-04
8.442414316785039471e-05
1.377067085344666386e-04
1.339183814036495087e-04
1.589819531298053749e-04
3.763468114471277574e-05
6.270457567803536724e-05
1.139195549668280041e-04
4.629509391885225844e-05
9.753794012530721778e-05
1.457001143770403004e-04
6.478511506165392751e-05
1.129571264080813861e-04
1.603501871527246003e-04
8.120144223162147762e-05
1.286813779101780419e-04
-2.649990293036017831e-06
1.755043479447326426e-04
4.406523736116775471e-05
1.292977098673122899e-05
3.293357518424579102e-05
1.926544013614831137e-06
3.077055672468843612e-05
4.300760478544521110e-05
7.220745547959807071e-05
1.366270558845473744e-04
-3.954455959325430241e-05
2.457362699156983871e-05
3.908104826563937005e-06
1.769107444614393928e-04
1.562022213869336670e-04
1.456149597131456701e-04
7.884651013171110803e-05
6.837474700909065882e-05
1.481696239420769029e-05
-6.598678248088848909e-05
-1.170054034075737256e-04
-1.098548197384932265e-04
-6.251469326882660646e-04
-6.156879204988487640e-04
-5.965882200709058357e-04
8.748409557510081680e-05
1.013792889697031664e-04
1.656122634097110754e-04
9.774013145747795575e-05
1.617702376472872025e-04
2.250963083574842281e-04
1.579682005479108816e-04
2.213358751837458081e-04
2.978056948886842990e-04
2.381320595382075377e-04
3.146381571678103471e-04
2.522783669025116136e-05
3.911059760394164884e-04
1.019646768186841207e-04
1.025208751701872298e-04
2.063836635403745344e-05
2.109345799853386966e-05
3.447901632855820877e-05
-1.913039392644417039e-04
-1.770840614267141797e-04
-2.902701460114376656e-04
-1.482148369472922065e-04
-2.610610469999419562e-04
-1.897077330794440773e-04
-1.470442154966922514e-04
-7.631159896834513218e-05
-1.984056508160837728e-05
-2.916626035573652059e-05
2.689071333509228390e-05
6.781476265535756618e-05
-3.535724426991463526e-04
-3.111489931375806066e-04
-2.435001253010774121e-04
-7.218975217762336463e-05
-5.982920932590411658e-06
7.957214915951051114e-05
7.054775010690423048e-04
1.080734366339150391e-04
-7.993982539978623401e-05
-3.391381839990285831e-06
-1.911472787009626628e-04
-3.233233682820215588e-04
1.173201603256091474e-04
-1.513814182343105395e-05
-6.428827062928703828e-05
-7.439760789364720304e-05
-1.234933561922947805e-04
1.572435317248268736e-05
-2.038996290925855677e-04
-6.434352949108765709e-05
3.111476239379127370e-07
-2.675476830299780952e-05
3.779376714235205248e-05
1.070368837538759302e-04
7.965779371304471091e-05
1.486080239267672490e-04
7.098602472944306302e-05
2.826479093373074044e-05
-4.860561639396352601e-05
-3.768822920527915518e-05
-1.144969504824827416e-04
-1.041693233141736225e-04
-1.774015006978554550e-04
-9.106322817523638765e-05
-1.642264585845662180e-04
-1.929339140998985892e-04
-1.165661422439409319e-04
-1.455080291136022930e-04
-9.115525917062207396e-05
-1.940556048295315628e-04
-1.394941022145156496e-04
-1.142820383709155499e-04
-4.677777427705530756e-04
-4.337824921410762249e-04
-4.413063725117053805e-04
8.388383318127612485e-05
6.758932432761229894e-05
2.862281705269967909e-05
-5.546996543513796904e-05
-9.410413607006514673e-05
-4.016458528465272396e-05
-9.896275863034272795e-05
-4.536788450902940243e-05
4.574721535755287049e-05
6.917066045603016081e-07
9.175377929205040571e-05
4.058797615412576207e-05
-9.501127785915543201e-05
-1.461171562101696610e-04
-1.999638375708159225e-04
8.337888696528924712e-05
2.950614312446898056e-05
1.416067822916395203e-04
2.953037206332421137e-05
1.411395057417414323e-04
3.772516972993094362e-04
1.123360559191516773e-04
3.487172832854617275e-04
-1.931693841470405459e-04
5.066212650297734774e-04
-3.554443537723273039e-05
6.467930451865369656e-05
-4.545442061498761177e-05
5.481105417377377131e-05
8.332657962804358200e-05
-1.698820093272620233e-04
-1.412254576245353024e-04
-1.060496847648417947e-04
-1.094420957053110401e-04
-7.446847805197000475e-05
1.898843261607865030e-05
-8.650039769014068129e-05
-5.888475915859491547e-05
-1.657259479497961638e-05
1.946176367767617015e-04
2.368306298380956805e-04
2.225081149997149422e-04
2.820375514788792289e-04
2.676785331611481323e-04
3.288727286518137094e-04
2.355188950939063742e-04
2.967450393144558307e-04
3.657889591025604214e-04
2.599827323238882359e-04
3.296475459549991693e-04
1.023609112882660553e-04
2.685283378426401224e-04
4.058455323610918970e-05
-9.428574901451067551e-05
1.419741421988839135e-04
7.295103046068087977e-06
-6.062427968929370555e-05
-1.068032628382061563e-04
-1.749662446344908110e-04
-1.836077183476531364e-04
-1.945000371451195112e-04
-2.031125670988926150e-04
-1.853733974509777711e-04
-3.099859943837740875e-04
-2.919110392919647056e-04
-2.371383864728076327e-04
-4.886829608669339192e-06
4.941899049400408383e-05
7.893140877143135672e-05
-9.699065169014911537e-05
-6.723488173435786361e-05
-5.960867998415142672e-05
-2.237685387254447638e-04
-2.160121846454358138e-04
-2.372169540779248728e-04
-2.337364173935866393e-04
-2.546317549006597326e-04
-2.916896708780045491e-04
-3.513952771234818829e-05
-7.278136839206168144e-05
-4.989027840223084621e-05
-1.140333705120796868e-04
-9.135325418922971420e-05
-9.542565400586461657e-05
-4.675968122340660028e-05
-5.070315107111817235e-05
-5.764569288786143368e-05
-7.546669818800872201e-05
-8.253223279226213998e-05
-6.786711518611725572e-05
-1.166065609335491092e-04
-1.015901455418762207e-04
-6.727562624735331366e-05
-7.591105012647774222e-05
-4.180418666226363013e-05
3.505844814731681140e-06
1.430417130461388996e-05
5.963856268770148733e-05
-1.161900522789015419e-05
1.847900888512929657e-05
-5.295792593756719477e-05
-1.934791394603475488e-05
-1.563656981954912747e-04
-1.223188231568880335e-04
-9.881595988946604366e-05
-2.076125168576933399e-04
-1.832715796884392464e-04
-1.304895404080562936e-04
-3.936638032274889583e-05
1.219718343981721531e-05
3.056278126104428495e-05
-6.959923392223945726e-05
-5.087886040774480378e-05
-3.010354340506857544e-05
-1.519958701704193739e-04
-1.311396445190734258e-04
-1.903528329987215105e-05
-9.764043717144197136e-05
1.423973724175108370e-05
-1.900256879788390972e-04
1.502044512324394077e-04
-5.371754878876131554e-05
1.389056429103833904e-05
-3.596448869654309531e-05
3.115192971960527172e-05
5.208604633775770288e-05
-6.910365341930861573e-06
1.387667506900846582e-05
8.242962700301479512e-05
-2.118247961395862736e-04
-1.425932447427355129e-04
-1.828195028780117736e-04
9.019522042811624341e-06
-3.149291405734569883e-05
-8.276547473605133068e-05
-1.080409940173938975e-04
-1.594460353323385812e-04
-1.912482541299172331e-04
-1.676819245864764548e-04
-1.998680520116098811e-04
-2.129632783815119481e-04
-1.572751782147892405e-04
-1.701472364127490735e-04
-1.791551923831353164e-04
1.044735464622411811e-04
9.553366435129323833e-05
7.536515582262038530e-05
-1.172753265579590774e-04
-1.373238399936588174e-04
-4.735015312574134732e-05
-3.027567935022295806e-04
-2.116587092484466877e-04
-2.865555984271095933e-04
-4.411253575551442947e-04
-5.146954613109456242e-04
-5.801647929258665513e-04
-9.868033200738599042e-05
-1.664435984350761842e-04
-2.234866908710058655e-04
-2.676936127029380273e-04
-3.249999783891793217e-04
-2.790348391345927564e-04
-3.184590962208416190e-04
-2.728877608961651174e-04
-1.764793388481174273e-04
-5.022193383257130776e-04
-4.038111920869831605e-04
-5.013257175776296426e-04
2.091177418540076782e-05
-7.772438382721772029e-05
-5.283763682893639554e-05
-1.165689607476003988e-04
-9.266385684679424514e-05
-7.904414647157510050e-05
-9.898586365818208208e-05
-8.511343017119189032e-05
-1.171780624318661228e-04
-2.490237798440476187e-05
-5.700225498376209883e-05
-6.519556480383510504e-05
1.130921951608912664e-06
-7.318552508186649424e-06
4.106886998370463146e-05
2.447034471933323642e-04
2.259994157237127268e-04
2.516817931993781056e-04
1.793283094764813626e-04
2.050537533452650931e-04
1.527406890277304926e-04
6.938568014650702736e-05
1.718034365740802672e-05
1.966918163858567348e-05
1.970073241141178885e-04
1.996724294444567429e-04
3.182894839342666031e-04
-7.051186010315801033e-05
4.857944130394432555e-05
1.912155781546319216e-04
4.098206098619673263e-05
1.831531186261857241e-04
-1.188772566352750228e-04
2.803449238789910763e-04
-2.178603422052814232e-05
1.055774823235733698e-04
1.781467476703570618e-05
1.449472524164630363e-04
1.905888569259674668e-04
1.440077225616587589e-04
1.897296099874780893e-04
2.286691392063482466e-04
-6.247643662958025923e-07
3.960128512599903972e-05
8.894702457240230044e-05
-4.061457935032115516e-04
-3.527701339649557451e-04
-1.914329598790458827e-04
-1.157881199347376208e-04
4.136444720044215630e-05
1.373840958573849073e-04
-1.915851147046736865e-04
-9.517931642523099270e-05
1.925006645106400530e-06
2.587047518924803606e-04
3.543609265669515982e-04
3.755467177961542601e-04
1.038013935520580664e-04
1.261831775900497431e-04
2.890222665974276177e-04
6.353632770605906243e-04
7.972434239582495800e-04
8.384083039900923351e-04
7.920041523994283787e-04
8.327206297154242376e-04
7.227335853822192948e-04
7.117466003010684827e-04
6.016943342838099998e-04
4.386192390486283411e-04
4.782642035133800309e-04
3.152143412992043604e-04
1.095597583516738421e-04
3.730814291886670698e-04
1.673435219745389229e-04
9.602148016437262595e-05
2.721064558900198943e-04
2.010033913002100617e-04
6.501658191617083749e-05
1.646371074066248566e-04
2.869284782271337708e-05
-1.864602490444887536e-05
-5.613518459078419010e-05
-1.027262052905302133e-04
-1.264569757909778558e-04
-1.047935667831938352e-04
-1.293652633608583413e-04
1.540920022796092147e-05
-6.235605114449598420e-05
8.236934338617322559e-05
-6.991987883695453690e-05
2.328498838554620516e-04
8.066865139524399949e-05
6.295489451825026428e-05
7.068785653798788501e-05
5.341777300439182674e-05
7.275521642278299193e-05
8.835681960429403936e-05
1.073295774751471029e-04
2.531151666886789103e-04
1.185465575310529814e-04
2.640755237195325394e-04
1.107932183738744112e-04
1.174744074348044892e-04
-3.566980023533643761e-05
-1.287578812868701546e-05
1.573352966079697227e-06
2.438444902120722206e-05
1.232435191465088616e-04
-9.378132268854784100e-05
5.588694284252215469e-06
9.644494029983539073e-05
-1.964287927424988259e-04
-1.060144301847402385e-04
-8.472825182187808044e-06
-1.053619805135611823e-04
-8.097560392278683669e-06
9.327812872791344401e-05
1.189087617531833525e-04
2.204172225479190993e-04
2.110212288713309969e-04
6.209947488546525883e-04
6.116396460598561968e-04
6.818353791744188527e-04
6.270133588728722240e-04
6.973087871586644212e-04
6.829589729117375042e-04
5.027151634124779264e-04
4.885757771357108082e-04
6.366340415047108724e-04
7.195663238329958345e-04
8.669816845872066512e-04
9.004849029397968318e-04
6.746239698918163373e-04
7.084723851394750293e-04
7.570047340837529094e-04
8.217920780398793633e-04
8.701273867760075421e-04
9.606513811497897643e-04
6.591760206052323968e-04
7.505518477166951436e-04
8.476164320057398126e-04
7.126363669278980035e-04
8.094466419464117334e-04
4.591343466813623680e-04
5.918967607470369385e-04
2.441488621911912932e-04
2.451107599980503760e-05
4.324219779732584729e-04
2.121184998678353473e-04
3.214533672993855409e-05
-2.745441114974829511e-04
-4.521221749079428441e-04
-5.783954551386204712e-04
-5.025460163657568223e-04
-6.265335981676844112e-04
-6.660245301507818679e-04
-1.061497172283497803e-04
-1.526086591955679364e-04
-1.519085420150724150e-04
-1.113563783731636478e-05
-1.107311282255173698e-05
4.213736838455856872e-05
1.158854020924288846e-04
9.803772861545625517e-05
8.060042823173789233e-05
-7.743655571772065571e-05
-9.456653420373113900e-05
-1.058938841888843515e-04
-4.568845538913520127e-05
-5.722942748984083915e-05
-3.411542992572667334e-05
-6.050843965207919860e-05
-3.723434191662254068e-05
1.818544747015531961e-05
9.213228632696537045e-05
1.478360563394248098e-04
2.027768025308071065e-04
2.349640989902995140e-04
2.891634760324998188e-04
2.352941147245831192e-04
3.410065948863668728e-04
2.871262177786222994e-04
1.003000104372086046e-04
2.241791581463433206e-04
3.730102957139481284e-05
1.172041969290381650e-04
1.182755438474169044e-04
1.981079416033259015e-04
2.801559807601322638e-04
2.030933368110942076e-04
2.850768454998203771e-04
3.293597820660509596e-04
1.348890932029050992e-04
1.796480374681707899e-04
2.502763181422457432e-04
-4.238253850108567077e-05
2.841847340674999705e-05
1.036652707826947331e-04
-7.773624061551656812e-06
6.707535305587998629e-05
-6.302066961450170828e-05
2.704377280880366921e-04
1.407231984272818630e-04
1.954269491790635899e-04
2.988234564041938250e-04
3.528927436520187572e-04
3.103081373600051224e-04
3.059463588244123772e-04
2.639855785863236010e-04
1.639503238825149381e-04
2.776334560811281622e-04
1.775047853575109982e-04
8.552898897639047153e-05
8.981452946178834079e-05
-2.388684250521103071e-06
-6.556808526572802413e-05
-1.529812308113226687e-04
-2.164086983254275595e-04
-2.515142764740050849e-04
-2.973558513628415142e-04
-3.317152655061693010e-04
-3.353388823976728543e-04
-2.447978108965219077e-04
-2.478959290252986773e-04
-2.056615564156951976e-04
-1.975345443876448497e-04
-1.565547505975397897e-04
-5.177951938996677912e-05
-2.677625240408512425e-04
-1.628387468826270632e-04
-5.766851343289741173e-05
-2.121656839328473127e-05
8.387974132708481655e-05
2.030370063530289302e-04
7.789349085576108798e-05
1.981497165197514663e-04
1.286995470831149438e-04
1.596686510603872056e-04
1.487278035146242226e-04
1.606043658344338278e-04
-1.675431582608202254e-04
-1.554153862284233232e-04
-1.456523618273245250e-04
2.374167886105629246e-04
2.466936917315428997e-04
2.699858974259357401e-04
8.510929051937590490e-05
1.087180549396678307e-04
1.108508875164297171e-04
3.872242408349611635e-07
2.123880925504560008e-06
5.170632266795918783e-06
2.810809453636501677e-04
2.839610154299370055e-04
3.003972115483701205e-04
2.271010037477898453e-04
2.437458015710215991e-04
2.773102613663153224e-04
1.090128053410079306e-04
1.425857780067102485e-04
1.538704004825003141e-04
1.070416045639516287e-04
1.187030343326650255e-04
5.622388357382445117e-05
-3.094077101099270647e-05
-9.401381453413338880e-05
-1.265805679268222129e-04
1.310932361606685897e-05
-1.900626219688167926e-05
-3.858324030814812939e-05
3.948487002523431424e-05
1.993169884728147228e-05
2.294640181540270798e-05
-1.854701036867959906e-06
7.641607332112406933e-07
2.212174793384419922e-05
-1.182720483378438140e-04
-9.709822272271467205e-05
-1.215961210464403604e-04
-1.255142062292052265e-05
-3.617771743212795004e-05
-1.642627895946489761e-05
-2.572083876502976392e-04
-2.374946968457369704e-04
-2.071156551292809684e-04
-1.596438712267844577e-04
-1.297811314626309115e-04
-9.844242806669566007e-05
-1.778054785146090228e-04
-1.468016728957394061e-04
-1.070649870608846098e-04
-2.265587412019470629e-04
-1.862745541085401922e-04
-1.878221188791399086e-04
-6.477749975704647596e-05
-6.643449493016351107e-05
-5.791438831267997243e-05
-1.385797765225474918e-04
-1.300901416155521534e-04
-1.234592807606047860e-04
3.219986471182654836e-04
3.282159934741259643e-04
2.911699708643322639e-04
3.021724962735363373e-04
2.653111520199058406e-04
2.139431773079104545e-04
2.386042766598006539e-04
1.871441010129183354e-04
1.440014114182180081e-04
-2.014933169144660411e-04
-2.414868920182140256e-04
-2.468606535533547229e-04
7.925326851408167825e-05
7.083808393663616710e-05
6.570683356540995852e-05
-3.128157541344046421e-04
-3.180887547118703721e-04
-3.266500253270021581e-04
-2.684345931543151735e-04
-2.764353822025111818e-04
-2.368185171966381321e-04
-1.583988606038144460e-04
-1.190936394144721279e-04
-6.490322858386440028e-05
4.491392489364967253e-05
9.867242032836424362e-05
1.816264401413884497e-04
-4.990253642137417942e-04
-4.135999344298231864e-04
-2.135297814117116579e-04
-5.565733695492031813e-05
1.424320093623059145e-04
-1.252730134195137283e-04
3.139997301890211454e-04
4.578664183891830233e-05
7.349300067831395465e-05
-1.075948139377417775e-05
1.725703696679888564e-05
2.700313570658458614e-05
-4.322872627566935223e-05
-3.379689069715546227e-05
-7.196623183316905792e-05
3.724730567755891227e-05
-3.736610849889069295e-07
1.188994940385810963e-05
1.638127753651199788e-04
1.754697601638420664e-04
2.069018708387931156e-04
-1.722527216559589661e-04
-1.395753890430013371e-04
-1.116286483922666992e-04
1.815802970291872497e-05
4.499422639108531822e-05
8.750314357362906550e-05
2.321023158399694477e-04
2.743306138892493687e-04
3.276619423426292005e-04
2.791747136381290397e-04
3.324380700954771700e-04
3.292934239814222699e-04
2.848723412038362685e-04
2.817916071014643555e-04
2.584041809068208292e-04
2.903045502696351057e-04
2.671068228419085696e-04
2.587574081617992567e-04
3.521280537579355493e-04
3.440140526864331411e-04
4.088769165603099286e-04
2.574616183183741020e-04
3.218832462946539640e-04
2.621121067806601065e-04
2.950806557121341944e-04
2.352869025218754548e-04
1.577186117621573133e-04
3.023046421605616349e-04
2.256489747643905205e-04
1.980248487439304839e-04
2.799340505127298159e-04
2.514059231384955595e-04
2.467587035953841827e-04
2.649962114287838589e-04
2.603635656287736915e-04
3.337406491145426747e-04
2.303580548487446926e-04
3.037061654712939975e-04
2.986182855260025872e-04
2.780923062918642876e-04
2.730421303589295758e-04
3.268226526037461038e-04
2.326940495571520342e-04
2.866124075430116530e-04
4.301055442957311698e-04
1.110628316004431721e-04
2.547170726066559383e-04
7.543526380018379012e-05
2.305223307522117921e-04
5.251104966432835379e-05
-1.259570065893926604e-04
9.606836619482423583e-05
-8.380636549636208844e-05
-7.026892478320179766e-05
1.994493347002430873e-04
2.126252185276393753e-04
2.623034980878294169e-04
2.381734558453467649e-04
2.879323893956900297e-04
3.045565728644635916e-04
1.718910481521454363e-04
1.885728572052233309e-04
2.663180724795159130e-04
2.116136176301427574e-04
2.893245340402420787e-04
3.978795410833078959e-04
2.087856349845599560e-04
3.175860600779521802e-04
-6.464268877930389205e-05
1.662040284602660277e-04
-2.159613177023400501e-04
-1.253285414522344922e-04
-5.118953046217010775e-05
3.910053363239218249e-05
1.894506995248508292e-04
-1.334724917059595440e-04
1.693626019720850763e-05
-5.269439856875769018e-06
1.725769534622219044e-04
1.504008228998816692e-04
2.034928020554973172e-04
2.422872617948985778e-04
2.954484789631707953e-04
3.888090861840099582e-04
2.428423013304738688e-04
3.360504335835502038e-04
3.208020668183630942e-04
4.126955529902987668e-04
3.978505871431148289e-04
3.829207034233243897e-04
6.260699836399319157e-05
5.025140665576176193e-05
5.618191607805145217e-05
2.290091123814912274e-04
2.323350181528012199e-04
2.865934145121933670e-04
2.952034828909317894e-04
3.497131035148264618e-04
3.484549182462414081e-04
2.918969036729173513e-04
2.906329267420714076e-04
2.905790059118436167e-04
3.298567993328814681e-04
3.292010840483845660e-04
2.950706993567109760e-04
2.615263690928833077e-04
2.275723681656927522e-04
2.355801322966204810e-04
-4.511022903963252237e-05
-4.577213989457532949e-05
-1.869223126976283806e-05
-8.227978109268889017e-05
-5.516011663547250050e-05
-4.733343799329496897e-05
-8.149244752547236698e-05
-7.357490672460891283e-05
-8.249958120210437197e-05
-1.664534806479806451e-04
-1.753798140438121516e-04
-1.956667792200365245e-04
-1.046884579576399745e-04
-1.250919257671826660e-04
-1.391228657341769066e-04
-1.679380756485530316e-04
-1.819963586642613736e-04
-1.718873595190982648e-04
-2.555405449713787436e-04
-2.454370755540023871e-04
-2.431586884150974343e-04
-2.472947730520556994e-04
-2.451561425070039818e-04
-2.165000178774420980e-04
-2.604100421259872506e-04
-2.311397684661273722e-04
-1.738873404502725849e-04
-1.760717705746714834e-04
-1.192946372140056143e-04
-2.686487811856720512e-05
-2.022121486771708975e-04
-1.089124178817198045e-04
-1.608317669985408844e-04
-6.427149737782812764e-06
-5.883713122844350953e-05
-4.872451450024331576e-05
-2.670762896110828255e-04
-2.570388480769523207e-04
-2.465924330781397154e-04
-3.216044153766759459e-04
-3.108916421215233137e-04
-2.782649645142605240e-04
1.090897863005104731e-04
1.409481373356307214e-04
1.294923879872650774e-04
3.370472760606802159e-05
2.249848539620795569e-05
1.329711730849666182e-05
3.830832638457575164e-05
2.910628890876395289e-05
2.690487034105764523e-05
-3.286467190574186262e-05
-3.526217753115041360e-05
-6.828448308639553785e-05
-9.554491245235247716e-05
-1.284793826472791791e-04
-1.481238749600932334e-04
1.274088288935986400e-04
1.076294184987447824e-04
9.372147589492186453e-05
8.343139518741663949e-05
6.956082917785778191e-05
8.183468010579283925e-05
-2.167067609490962372e-04
-2.040661144459149649e-04
-1.895832045820820464e-04
-8.408734872168813256e-05
-7.001640357797027955e-05
-9.058609919536308118e-05
-4.034711479929269681e-05
-6.076682382642672130e-05
-7.020770382605874137e-05
-6.853884206222451416e-06
-1.598528862469279365e-05
-2.132756085998860026e-05
-6.193249529697382049e-05
-6.717265674311217690e-05
6.237650021701207203e-06
-2.127916933729082050e-04
-1.397539301898562407e-04
-1.768854511552936772e-04
-2.321859275200316864e-06
-3.955114000714192186e-05
-3.899179165962462102e-05
-9.102670658617088590e-05
-9.067911770905677949e-05
-9.134569217255489575e-05
-8.278240449506168042e-05
-8.340380981369094598e-05
-3.245060072576590052e-05
-4.836755642006324279e-05
2.492593169976396652e-06
-2.692589263928553064e-05
-3.934425042306967249e-05
-6.875540206705650290e-05
-9.651982996089868822e-05
1.229798035227371196e-04
9.535039557434133611e-05
5.178965564889046022e-05
5.991743514371550999e-05
1.625733474108534524e-05
3.490378410011101278e-05
-7.619319459584397605e-05
-5.755170743991118161e-05
-5.563430858223885256e-05
-6.802133023351859538e-05
-6.610055533151328521e-05
-7.598932518654760498e-05
-1.054200194534584876e-04
-1.152763676413640060e-04
-1.120051900416451631e-04
-1.386772734162702836e-04
-1.353047562789010940e-04
-1.908375084073284599e-04
-9.515814674346029147e-05
-1.508090895273724529e-04
-1.706254327410076737e-04
-1.676198694528082344e-04
-1.872803616543476462e-04
-2.049123934500280027e-04
-1.332771419520665883e-04
-1.505595785363006596e-04
-1.616206782638497218e-04
-2.762242286496225004e-04
-2.876480203123233780e-04
-2.646943951595270589e-04
-1.260833005655027494e-04
-1.031320328229734528e-04
-7.198846685121108022e-05
-1.874199417989397276e-04
-1.561716311413635704e-04
-1.612299788986243073e-04
-3.648744135431786001e-04
-3.658484752532936398e-04
-3.560894932996483343e-04
-6.739454661738969151e-04
-6.648080838311464739e-04
-6.546905502116689589e-04
-9.333759445492193711e-05
-8.705437408279721994e-05
-6.334464772180301408e-05
-8.368369940653537769e-05
-6.017666667275709371e-05
-4.549362623026712515e-05
-6.460274810478669862e-05
-4.988181447504206278e-05
-3.140434228177666539e-05
3.162119022738233082e-04
2.571112878312803202e-04
1.770320442481210991e-04
3.260733306915014379e-04
2.462354233464470669e-04
1.611046277567660247e-04
1.636459266044444009e-04
7.845725804790014369e-05
3.439361933948626598e-05
-1.292734564166600074e-04
-1.725817779651455037e-04
-2.091167425177630087e-04
-1.393516064262560956e-04
-1.754980057384457489e-04
-1.522241481801998115e-04
-5.748252620916925867e-05
-3.480813479875589380e-05
-1.325866545293140700e-05
1.529944988539998761e-05
3.643563028682362745e-05
8.040575278924925800e-05
-3.536454540465365677e-04
-3.082161673484169078e-04
-2.681930720487425810e-04
-7.129113861823306803e-05
-3.266968379335503632e-05
-3.477335971213029505e-06
-5.814095135573554580e-06
2.291800471172566545e-05
1.019206927997202343e-04
-8.605581691338782179e-05
-6.819192236182027456e-06
4.527616257620750619e-05
3.003868722264797157e-04
3.522257495329692836e-04
2.682104471505793761e-04
3.053946304258867974e-04
2.214808058243419061e-04
2.502662948943197574e-05
1.247382909542123805e-04
-7.135709335882693682e-05
-5.727325022640119613e-05
-3.570081196114897881e-05
-2.174445815803896010e-05
5.782154546569518230e-06
3.592280283150781572e-05
6.309344658579998412e-05
1.405465460370834067e-05
-5.660235714681125484e-05
-1.048673801404649477e-04
-1.237213234617181884e-04
-1.746868873295599680e-04
-1.941529424129792320e-04
-1.840337665015244202e-04
-1.859257552041479217e-04
-1.757433366691106276e-04
-1.515600195973282013e-04
-1.223423188747250752e-04
-9.835815931475807758e-05
-8.625314886741449177e-05
-1.543495635389452133e-04
-1.420713853003840619e-04
-1.255353759370955236e-04
-4.533923530398320132e-04
-4.280228654716375153e-04
-3.506212247035617093e-04
8.811543599216020034e-05
1.565798943314550360e-04
2.445302653245947787e-04
2.008584714837725362e-05
1.085068561838328370e-04
1.842250878442279775e-04
1.071882489373296031e-04
1.825590390697322566e-04
4.436383691550392161e-05
2.232127100913055022e-04
8.502201903079796086e-05
-1.856200683336831959e-04
-1.037062661076973056e-04
-3.743908450646452665e-04
1.856146102168587751e-04
-1.369627275211863550e-04
4.230650649501932568e-04
3.950367559878237506e-04
4.208377051495937413e-04
3.923012724112801214e-04
3.531515674887496844e-04
3.580413782470010181e-04
3.191565472854573145e-04
2.652981966185205846e-04
4.823386105465043202e-04
4.282159607192323773e-04
1.820503844998591235e-04
4.218761350876474052e-04
1.757479391005170187e-04
8.973685462158173727e-05
-4.863894846613513027e-05
-1.344865567293949385e-04
-1.890676952024160991e-04
-1.067981765150092502e-04
-1.615930535189046631e-04
-1.397364280524404493e-04
-3.076636797339825998e-04
-2.856102687178851810e-04
-2.571014863152008140e-04
-3.578739730759725082e-05
-7.356409443723719395e-06
5.442453914295127763e-05
4.354397813398881646e-05
1.052670683057158269e-04
1.103320617657818474e-04
7.077313568881889953e-05
7.587341026735609545e-05
1.242054584921671459e-04
2.309493068239769115e-05
7.208185874823093506e-05
6.266088978391177924e-05
3.350465871825426909e-05
2.338150163650549920e-05
2.557600076052220662e-05
1.131118996674571183e-04
1.155447155071687897e-04
1.081886859325971819e-04
-1.876303733113686249e-06
-9.507742855297365066e-06
-2.470875604158366220e-05
-3.036140862905416715e-05
-4.545357348943228023e-05
-4.645225860047588057e-05
-1.467789375743466069e-04
-1.475650483077342243e-04
-7.256025651867115556e-05
1.415042293340948790e-04
2.160684182338734561e-04
2.501198842060286349e-04
6.539147784070497692e-05
9.967736061527391733e-05
2.611601690404491459e-05
-4.501812416263858019e-05
-1.184094869520850297e-04
-2.029196218175553996e-04
-1.260417045548893329e-04
-2.106497738098466117e-04
-2.601327324000861580e-04
-1.030756147184607569e-05
-5.996031180897023354e-05
-2.677223579883604410e-05
-9.797460010216798459e-05
-6.501919466462015274e-05
1.047948810134479184e-04
-1.777611083742260101e-05
1.521704309249692936e-04
2.306488963002721929e-05
1.231579719439545055e-04
-6.074229221135273938e-06
-6.953017923850021524e-05
-3.887426069778938628e-05
-1.019882552592029349e-04
-1.275347080611516511e-04
-7.750785930882594748e-05
-1.032511267642383118e-04
1.637622103340113521e-04
-4.159122768965406610e-05
2.254339837714219451e-04
2.015841037919597679e-04
1.797389908938789725e-04
1.557035303395094329e-04
2.103116713328165668e-04
4.926763548979926641e-05
1.043452212683735150e-04
1.652425269859405773e-04
4.996843935026505168e-05
1.115915072879316823e-04
2.034072049902440303e-04
2.216592109326767342e-04
3.123370798313678497e-04
4.099607409815456648e-04
2.322160099176378244e-04
3.302336205168779869e-04
4.455787046252478742e-04
2.614106866902824421e-04
3.768939266818304443e-04
2.451142708223173153e-04
3.810281549020399236e-04
2.489379320677229893e-04
-1.570242683847773669e-04
3.868327247828105223e-04
-1.878362030045723895e-05
-1.744369472535485304e-04
-1.882211046979188722e-06
-1.580261267181644119e-04
2.189309320970479755e-04
-1.930835677003646172e-04
1.837270260880742578e-04
-2.411347813904285431e-04
-5.677564920866448595e-05
-4.809975507669150829e-04
-4.798907029908150434e-04
-3.256575437262654305e-04
-3.248706343583762646e-04
-1.252448120492363889e-04
-3.838458796963095665e-04
-1.842760822607989032e-04
-2.833395198393768590e-04
-2.017666112503821571e-04
-3.012345338646477979e-04
-3.805576933761778261e-04
-2.650763132549977820e-04
-3.441523812459501412e-04
-2.496120778457436534e-04
-6.960765395590097298e-05
2.512364333167787036e-05
2.855303784496919257e-05
-1.951364884232345792e-04
-1.915984129310601856e-04
-1.894332078707021243e-04
-3.445519058742576744e-04
-3.413909132548224694e-04
-4.146536096337966396e-04
-4.990730981817347121e-04
-5.138505329606063605e-04
-5.142384220230376965e-04
-1.373459489778555871e-04
-1.395359472221678469e-04
-9.686089187252379558e-05
-2.155944134424424145e-04
-1.736571692987070193e-04
-1.785303277669045871e-04
-3.006512096277163138e-04
-3.048750325345936959e-04
-3.586140000001362222e-04
-3.957495894522908872e-04
-4.486309834495952982e-04
-4.627282086846425699e-04
-2.686506821502213983e-05
-4.210736910747433007e-05
-3.327932935783626937e-05
-7.902642205292427838e-05
-7.115771731471630238e-05
-5.935006073493523490e-05
-8.230161765234532260e-05
-7.027396521814180505e-05
-9.782254789383578245e-05
3.484920046254862428e-06
-2.410762396534401122e-05
-3.476158103009393955e-05
2.402294479184356388e-05
1.314197784953111266e-05
3.179381629639736458e-05
-6.865079324112148529e-06
1.175640382758773013e-05
6.955573969996854808e-05
-3.342979588591062383e-05
2.440299483958020951e-05
3.496364414496793945e-05
-1.135321212326051280e-04
-1.028703506682954768e-04
-6.997865078473103589e-05
8.746701977253406842e-05
1.205504120354017859e-04
9.771381589347637414e-05
-1.538071994526834542e-04
-1.762001149752535749e-04
-2.321709612136562176e-04
-1.769390612305500436e-04
-2.332512080887188025e-04
-2.539205893069886597e-04
-1.530299627905566998e-04
-1.739752483215563925e-04
-1.450611118978535716e-04
-1.278352869801604183e-04
-9.908496146618332311e-05
-2.724303060002043883e-05
-1.007113271678512876e-04
-2.878275419841870705e-05
-3.405254157582017884e-05
-2.538538946469815079e-04
-2.578370889913821529e-04
-2.435383469884743152e-04
-7.849217194397532706e-04
-7.649506699846585992e-04
-7.434779992702610302e-04
-4.054168496833642182e-04
-3.899769955690212059e-04
-3.398752737211990890e-04
-6.140089109915501881e-04
-5.633011891859579078e-04
-5.100088254504054567e-04
-2.257255104723382530e-04
-1.739153466142862817e-04
-1.661752307305200990e-04
-4.120638421692102930e-04
-4.031444972829981740e-04
-4.312182743801872215e-04
7.951985895800450484e-05
5.045722101338701634e-05
5.554438502464815932e-05
5.642851211585598378e-05
6.111453803193196612e-05
8.999614593397688156e-05
-6.285439195174351377e-05
-3.405712695036221260e-05
3.093815079528678758e-05
-1.480620404350398850e-04
-8.301373551029871600e-05
-4.037353603549074903e-05
-2.785618513252745765e-05
1.470354225106764064e-05
-1.497889632101444398e-05
1.207510901390783809e-04
9.127307687212439383e-05
1.229969931291933030e-04
4.502534404654713477e-05
7.681733416305434404e-05
1.679974279868457496e-04
-1.230860641314137282e-05
7.948648045203127264e-05
5.577831638210197472e-05
9.037806513151564001e-05
6.595397593618114972e-05
-6.015520163471743632e-05
1.372941582666405060e-04
1.112380444412186574e-05
-7.261044953469833604e-05
1.511119338205556555e-04
6.742808767608651646e-05
3.966862653278900195e-05
6.307710867855051287e-05
3.581244175684792806e-05
-3.625113412388268402e-05
7.142978222937477637e-05
-9.919744927868573946e-07
-5.293476782340027047e-05
6.182832758644190522e-06
-4.599094312238908959e-05
-6.506896400580971574e-05
-2.019702740066818113e-04
-2.210149273484837923e-04
-2.162310572796528061e-04
-1.725282659497004662e-04
-1.676341214672689159e-04
-1.511418383476414789e-04
-3.078192110163186510e-04
-2.908346075006850795e-04
-2.758081120730901739e-04
-4.779908346851446466e-04
-4.634153322143072865e-04
-4.205589796646588786e-04
-4.539652602573449394e-04
-4.113632751858883841e-04
-4.330614455769612797e-04
-2.919908295615666850e-04
-3.135463329757406719e-04
-3.050759338755384530e-04
8.251569765584253918e-05
9.103041461387272222e-05
1.021520410985546205e-04
1.205497531820795987e-04
1.317458490929426644e-04
1.455775239975407303e-04
-5.411344592274632123e-05
-4.018146466647912261e-05
-1.030006284865919892e-05
1.722374839829496622e-04
2.016389672745168542e-04
2.408144390079228984e-04
1.419325520244057830e-05
5.366339230528462990e-05
9.569242469222602552e-05
1.728933310237749325e-04
2.147064639204306633e-04
1.923561419444488971e-04
-8.731857052060392442e-06
-3.011123886421745131e-05
-4.517791030494321862e-05
-5.121203981429760764e-05
-6.652725796712388078e-05
-1.624414853990352415e-05
-2.935941208296810536e-04
-2.408566271723834302e-04
-2.109808742706955958e-04
-4.356763947993791365e-05
-1.446878422846212871e-05
2.079990218598716046e-05
-5.048494681422890712e-04
-4.670305876878989479e-04
-4.340870566866999233e-04
-4.836583045197618744e-04
-4.484133590213661754e-04
-4.109532327985487019e-04
4.191089256520516039e-05
7.238880613463902127e-05
9.613456756468258734e-05
2.046033460518249239e-04
2.276773910749270761e-04
2.519753010442577585e-04
2.591150576959862554e-04
2.835528115706615433e-04
1.897896510116996215e-04
1.015343417843900904e-04
8.125738639967326933e-06
-7.036530177784134461e-05
6.250839953182805043e-05
-1.618869600561429574e-05
-7.718252009044089578e-05
-1.982423009094764306e-05
-8.071872280242541097e-05
-6.881776963804740049e-05
6.684442059804997184e-05
7.884243503700118921e-05
1.304086469422843461e-04
1.502947180464222696e-04
2.013454065268676881e-04
1.895339834570841913e-04
2.489673640189509992e-04
2.371401593971023385e-04
2.500284207515030954e-04
1.788849282727534001e-04
1.917108710501886758e-04
2.190751806250550052e-04
2.768943339931391034e-04
3.041760905529149075e-04
3.078669090989257060e-04
3.060384191979896476e-04
3.096846688656347654e-04
3.223736978006996943e-04
-1.215946907748218257e-05
1.366651505136935296e-06
-5.131192591479276496e-05
-3.574757172735586923e-05
-8.866500428384398299e-05
-1.004335885054666137e-04
-1.293927008981839307e-04
-1.414893143928844070e-04
-1.503617860058499307e-04
6.051672027658190969e-05
5.190485891344120799e-05
7.483321101128885241e-05
2.021090366846705049e-04
2.245005977335741529e-04
2.503288520064728801e-04
1.794905125741271088e-04
2.059461362923088019e-04
2.332967553071772326e-04
2.070142323181557004e-04
2.342476938635205497e-04
2.644400280462199239e-04
1.589209561485891808e-04
1.889055326375731615e-04
2.046485469642053017e-04
3.722939226120648660e-05
5.272100770035336110e-05
8.539083942062764649e-05
-2.345230223490347770e-05
9.994019681956462908e-06
2.268406060867159341e-05
1.124700910154691267e-04
1.255310311575248716e-04
1.283887753693379674e-04
1.593570745211854455e-04
1.610771500004448209e-04
1.574677573364853555e-04
4.076881250012593608e-05
3.728931023149487317e-05
1.318372523399064487e-05
1.816991700173049861e-04
1.575494054051674361e-04
1.204389549437350371e-04
1.333543434085882658e-04
9.734998402366403132e-05
7.047849459589539296e-05
2.466376312421074846e-04
2.188627880207922888e-04
2.011460300266582177e-04
-1.055555582603711056e-04
-1.229853524862017824e-04
-1.510946402607257853e-04
2.731102857936013148e-04
2.445354313192185571e-04
2.271368823438211777e-04
1.017353553276736846e-04
8.464267305846134805e-05
8.740022443994754009e-05
-3.176397582699735976e-05
-2.943694285754240103e-05
-5.425144262374847776e-05
2.447472607327240055e-04
2.197665417148219084e-04
2.069290511678138658e-04
1.566524697514669632e-04
1.440725299141069784e-04
1.361803492525311523e-04
2.352053514520431902e-05
1.562322493351049352e-05
1.303254202583952869e-05
-4.089049118396841358e-05
-4.312575811410174643e-05
-4.186498965059762766e-05
-1.706631960615687159e-04
-1.699952144168073492e-04
-1.463638210564637519e-04
-5.834963205193525126e-05
-3.422748990243021025e-05
5.825669091017929421e-05
3.668945852881334846e-07
9.295020304443327294e-05
1.971460923600671712e-04
8.415293000461546288e-05
1.878284719355134192e-04
1.321574434558651706e-04
6.415907857489864261e-05
8.306704127674486259e-06
-3.140510687644365063e-05
8.973581659745195113e-05
5.086746370380041370e-05
1.172651478185844360e-04
-1.759785592932510637e-04
-1.097030239548939527e-04
-1.300879885319517469e-04
-1.749431834522963180e-05
-3.828615447207256309e-05
-4.184596421609470705e-05
-9.447211780286296360e-05
-9.837864147911617617e-05
-8.894493476722774164e-05
-1.740795089345688568e-04
-1.640687896800452198e-04
-1.571555854272627876e-04
-3.935777022738394396e-05
-3.256959603024363976e-05
-2.205461589387239024e-05
-1.165984081555688427e-04
-1.059000156796592574e-04
-1.829111089273725583e-04
3.588540179212522407e-04
2.812068531829494105e-04
2.355936518280312537e-04
2.422774240448701249e-04
1.969803994280763088e-04
1.697189669774431219e-04
1.715599424779892085e-04
1.440646098179328670e-04
1.461711856227333912e-04
-2.830698852941807876e-04
-2.774690017413382163e-04
-2.549619448313879331e-04
1.021980626665021548e-04
1.213076693761704007e-04
1.346929564042904579e-04
-2.677016809525358042e-04
-2.544265228188640274e-04
-2.269245365263364723e-04
-2.120093779503411449e-04
-1.839813690261385849e-04
-2.000567578999279264e-04
-6.123075448921243454e-05
-7.757424784916920699e-05
-6.561660015400825339e-05
7.792053336184935532e-05
8.940537477932544155e-05
7.392999225182180769e-05
-4.869776374511825879e-04
-4.999292376648848193e-04
-5.440599174984070592e-04
-1.848571063216989719e-04
-2.305631182901832395e-04
-2.612694704004026123e-04
-3.101500396619468261e-05
-6.267930865589747239e-05
-7.469443706634092367e-05
-1.124630113628155928e-04
-1.242455710640792850e-04
-5.269366596247497710e-05
-1.945222412219886783e-04
-1.232167291490310779e-04
-1.901948882587227625e-04
-3.321400657649580153e-05
-9.963916380367908898e-05
-1.036660421053589196e-04
4.753326067291464385e-05
4.291206760139308261e-05
4.812443039606129481e-05
-2.783482220369101106e-04
-2.717599902093150409e-04
-2.454780652811373040e-04
-1.379755605734624927e-04
-1.129171315738553569e-04
-1.032991421963056215e-04
6.751020269751600768e-05
7.680822456302441271e-05
7.713124944674340294e-05
8.568247723440028342e-05
8.595573456803825901e-05
1.006395726273340827e-04
3.692746543637034700e-05
5.167755836570092501e-05
8.646139737576648580e-05
5.448702387926557126e-05
8.946392314866587507e-05
1.193411714981205225e-04
1.933380042541253565e-04
2.233170432506024301e-04
2.589358545283839937e-04
1.227094887641153693e-04
1.580223896799662050e-04
1.530425320029261309e-04
1.327658236751385864e-04
1.277434307498859960e-04
4.835239566289788573e-05
1.808658666791396934e-04
1.024451532995790848e-04
6.551199221125844369e-05
1.716427552875593909e-04
1.337575133175500060e-04
1.360994287090939265e-04
1.442922850356348182e-04
1.466278485161815566e-04
1.717428927882538718e-04
1.164330828026500326e-04
1.415388938845099490e-04
1.420492365157291969e-04
1.170750580136628431e-04
1.176344260472864589e-04
1.206027230584897996e-04
8.070042828489697780e-05
8.379129607806885252e-05
7.721591574275484459e-05
-8.830049742368078223e-05
-9.467126327896872385e-05
-9.075096672604102566e-05
-1.271722383457646690e-04
-1.220624682420702644e-04
-1.003796375330007792e-04
-8.217176868783552125e-05
-6.174651449280149943e-05
-1.009169452735028585e-05
2.330976288617652684e-04
2.842909821294733195e-04
3.237630383466877197e-04
3.127311452073762996e-04
3.522252821369603430e-04
2.814214327831728664e-04
2.235539334890473788e-04
1.528366334700700176e-04
8.586185236518761041e-05
1.775427732813846600e-04
1.105838101083554876e-04
8.558332073830185439e-05
4.198865741082956913e-05
1.724070197764901425e-05
-6.197622496968626261e-06
-1.582312977048370430e-04
-1.815797786548347466e-04
-6.459026659836345158e-05
-5.072308340443789244e-06
1.115256116772321538e-04
7.266843245167859582e-05
-6.483930807558172188e-05
-1.035988002942072532e-04
-8.790861618451913887e-05
5.252230990015544681e-05
6.811503983355918831e-05
7.761030587430503471e-05
1.692263597973794670e-04
1.788648967195061992e-04
2.084832401220151291e-04
1.206782123918404828e-04
1.501538378857472048e-04
1.832790110686188995e-04
2.233834772692457841e-04
2.569262394874683082e-04
2.253910622046174038e-04
-4.248376735883294944e-05
-7.202202897064075579e-05
-1.042408594928833504e-04
8.259467512358292232e-05
4.836309644652876660e-05
2.910755372487666475e-05
1.202996599187922816e-04
1.012342670734292494e-04
9.067805893995140466e-05
3.197340790995123255e-05
2.142651300221954259e-05
8.484540355916650369e-06
6.325549856104229363e-05
4.968338432960543163e-05
6.117419817677218711e-05
-1.973779328394350283e-05
-8.017190143405606394e-06
5.170921921941816057e-06
1.158721554158859352e-04
1.286177437391387217e-04
1.482459273316560455e-04
8.672372567116039916e-05
1.063777534651233025e-04
1.138415294957348519e-04
7.824191640938056190e-05
8.579285841221002875e-05
6.966090483081962539e-05
-2.257011688593644518e-06
-1.834027456162993239e-05
-2.246144884761948650e-05
4.219968001314874364e-05
3.794724745179932053e-05
5.536324374959446107e-05
-4.173387592030358955e-06
1.317475312505490695e-05
7.086348381713403633e-05
-5.027244128170781220e-05
7.403512828800811081e-06
5.591315872231105615e-05
4.964757355678810387e-06
5.333959430651346494e-05
1.269128632307570787e-04
3.822216254854182054e-05
1.124189519364904972e-04
1.146359194422524527e-04
1.606277299620729299e-04
1.624074124152224616e-04
1.086091344829449249e-04
9.999352040499561584e-05
4.705409650949629076e-05
6.119362820107305135e-05
1.447643573980578972e-04
1.581500125693138846e-04
1.377912760198556357e-04
-6.219729970973169719e-05
-8.239186155158351134e-05
-9.447579588282259714e-05
-1.324129642035372085e-04
-1.441480600229218842e-04
-1.523663301857609734e-04
2.620837730168610572e-04
2.530102431403051630e-04
2.471759757076872569e-04
1.377242954542438999e-04
1.322082056480942350e-04
1.377428602808182046e-04
1.540904589978529197e-04
1.595464168730218813e-04
1.536725031128896623e-04
9.151274982458249777e-05
8.546143366590125846e-05
8.477072273760545692e-05
2.600312295004709052e-05
2.542131855532038650e-05
2.797069527945758843e-06
2.829269099902126535e-04
2.601280525320128520e-04
2.243741702721102713e-04
2.410358160611161013e-04
2.053289874191044449e-04
1.813888463262562471e-04
-9.760806898450268519e-05
-1.212197151429857296e-04
-1.245302079059784866e-04
1.848917753213092860e-05
1.483351333992130984e-05
2.520461856007964697e-05
3.861885161133058299e-05
4.911031572234274235e-05
5.914546244384166025e-05
1.612275256597662100e-04
1.715416617000233772e-04
1.871826391352221616e-04
5.445897448880043052e-05
7.021611986326726758e-05
9.673538029708123520e-05
-6.118614669778642571e-05
-3.503120801362985060e-05
-4.832745926114953659e-06
1.083633355428666504e-04
1.384328676614582170e-04
1.679179660217609144e-04
8.642668004554208408e-05
1.157383486801531053e-04
1.200403409665215331e-04
1.161456858912255502e-04
1.204926726994800883e-04
1.320612378720280051e-04
1.577877907901767212e-04
1.692676038317468285e-04
1.873850405340154166e-04
1.253891556359913468e-04
1.435254225165654416e-04
1.856020609670668334e-04
3.330195822294872697e-04
3.752358681344776840e-04
4.050045705528533763e-04
3.393196604269906372e-04
3.689749670459492809e-04
4.231261244225942037e-04
2.803072662802948362e-04
3.344539707708798788e-04
3.254882978630501680e-04
3.305069529400833390e-04
3.214985265053126864e-04
3.239491736804648919e-04
1.459159039736780184e-04
-2.447293521360888505e-04
-9.669771988089157768e-05
-2.632541439486130500e-04
-1.151663704044647379e-04
-2.511236509900842276e-04
-8.237458986374510952e-05
-2.184176685415510231e-04
-2.490289625711739063e-04
-2.415340552699122721e-04
-2.719649637583643198e-04
-2.600612169458338179e-04
-2.104950253851711750e-04
-1.982692301367216592e-04
-1.136143386580009480e-04
-3.425507274783023753e-04
-2.580803397327621003e-04
-2.342731416607977957e-04
-8.015389761253786287e-05
-5.653281853634435671e-05
-7.422086952225759933e-05
-1.359125265768500179e-04
-1.534660014507312968e-04
-1.274236940544626545e-04
-5.157265596275170585e-04
-4.820763654307058882e-04
-4.341913248337288212e-04
-5.579581422962776255e-04
-5.149727897643525910e-04
-4.526473711876484668e-04
-2.871175305167630431e-05
3.044166814737887024e-05
1.663798100531025314e-04
3.173106970001877188e-05
1.674677403394056940e-04
5.234698978271195473e-04
1.629533869896008158e-04
5.189889556746789994e-04
3.204260356921712896e-04
5.422206954350555124e-04
3.437150226870561978e-04
1.495958428376254097e-04
4.030268683761368534e-04
2.091251014161754802e-04
8.816246255165445002e-05
1.262033480697211281e-04
5.189908469137869199e-06
-1.367466560739951341e-04
-1.960734255509030601e-04
-3.372504819825219123e-04
-9.027305039750890088e-05
-2.930124268576430289e-04
-4.560783835301653695e-05
-5.975368467997375010e-05
7.222940931854291606e-05
5.750433855783578874e-05
6.666663306171389212e-05
1.049417195571624947e-04
1.136581288265282094e-04
-6.861470685979745114e-05
-2.759105971235564173e-04
-4.566832904209049810e-04
-5.647402140311896801e-04
-2.349084352579566110e-04
-3.443607420194894075e-04
-3.433962119743227959e-04
-3.143649373669177294e-04
-3.139071050100028515e-04
-3.134436847176402807e-04
-4.205371951684355736e-04
-4.198429232928901911e-04
-3.921342779097376861e-04
-1.168346570921130478e-04
-8.930321765665398016e-05
-1.157676524599082768e-04
-5.550097263272182034e-05
2.218837801382032003e-04
-1.491908187745139003e-04
1.135330860750836100e-04
-2.572199446149170399e-04
-2.563273592386394739e-04
-2.267432137159630656e-04
-2.258659660583361983e-04
-1.597947902187574491e-04
-1.540252269478514791e-04
-8.840481123438660791e-05
-4.397486218116218105e-05
-2.066460637284312234e-04
-1.614520518142261666e-04
-1.347190669211727817e-04
-2.341909351326056880e-04
-2.081022508382034738e-04
-1.747103966328277230e-04
-2.052322639092040498e-04
-1.717670098434164166e-04
-1.668730791296882073e-04
-1.112325267887636065e-04
-1.064812921557647626e-04
-6.998555622164106746e-05
-1.714012859027904908e-04
-1.347980695227900781e-04
-8.491078456459330397e-05
-3.921798023312161006e-04
-3.334162565373419412e-04
-3.696986260788646516e-04
1.286165107082040421e-04
8.334179970322729111e-05
4.752709639439610780e-05
